thomas_logion,word_count,lemma_count,coptic_text,lemmas,pos_types
0,22,22,ⲛⲁⲉⲓ ⲛⲉ ⲛ̄ ϣⲁϫⲉ ⲉⲑ ⲏⲡ⳿ ⲉⲛⲧ ⲁ ⲓ︤ⲥ︥ ⲉⲧ ⲟⲛϩ ϫⲟⲟ ⲩ ⲁⲩⲱ ⲁ ϥ ⲥϩⲁⲓ̈ ⲥⲟⲩ ⲛ̄ϭⲓ ⲇⲓⲇⲩⲙⲟⲥ ⲓ̈ⲟⲩⲇⲁⲥ ⲑⲱⲙⲁⲥ,ⲡⲁⲓ ⲡⲉ ⲡ ϣⲁϫⲉ ⲉⲧⲉⲣⲉ ϩⲱⲡ ⲉⲧⲉⲣⲉ ⲁ ⲓⲏⲥⲟⲩⲥ ⲉⲧⲉⲣⲉ ⲱⲛϩ ϫⲱ ⲛⲧⲟⲟⲩ ⲁⲩⲱ ⲁ ⲛⲧⲟϥ ⲥϩⲁⲓ ⲛⲧⲟⲟⲩ ⲛϭⲓ ⲇⲓⲇⲩⲙⲟⲥ ⲓⲟⲩⲇⲁⲥ ⲑⲱⲙⲁⲥ,PDEM COP ART N CREL VSTAT CREL APST NPROP CREL VSTAT V PPERO CONJ APST PPERS V PPERO PTC NPROP NPROP NPROP
1,22,22,ⲁⲩⲱ ⲡⲉϫⲁ ϥ ϫⲉ ⲡ ⲉⲧ ⲁ ϩⲉ ⲉ ⲑ ⲉⲣⲙⲏⲛⲉⲓⲁ ⲛ̄ ⲛⲉⲉⲓ ϣⲁϫⲉ ϥ ⲛⲁ ϫⲓϯⲡⲉ ⲁⲛ ⲙ̄ ⲡ ⲙⲟⲩ ·,ⲁⲩⲱ ⲡⲉϫⲉ ⲛⲧⲟϥ ϫⲉ ⲡ ⲉⲧⲉⲣⲉ ⲛⲁ ϩⲉ ⲉ ⲡ ϩⲉⲣⲙⲏⲛⲉⲓⲁ ⲛ ⲡⲉⲓ ϣⲁϫⲉ ⲛⲧⲟϥ ⲛⲁ ϫⲓϯⲡⲉ ⲁⲛ ⲛ ⲡ ⲙⲟⲩ ·,CONJ VBD PPERS CONJ ART CREL FUT V PREP ART N PREP PDEM N PPERS FUT V NEG PREP ART N PUNCT
2,35,35,ⲡⲉϫⲉ ⲓ︤ⲥ︥ ⲙⲛ̄ⲧⲣⲉ ϥ⳿ ⲗⲟ ⲛ̄ϭⲓ ⲡ ⲉⲧ⳿ ϣⲓⲛⲉ ⲉ ϥ⳿ ϣⲓⲛⲉ ϣⲁⲛⲧⲉ ϥ⳿ ϭⲓⲛⲉ ⲁⲩⲱ ϩⲟⲧⲁⲛ⳿ ⲉϥϣⲁⲛ ϭⲓⲛⲉ ϥ ⲛⲁ ϣⲧⲣ̄ⲧⲣ̄ ⲁⲩⲱ ⲉϥϣⲁⲛ ϣⲧⲟⲣⲧⲣ̄ ϥ ⲛⲁ ⲣ̄ϣⲡⲏⲣⲉ ⲁⲩⲱ ϥ ⲛⲁ ⲣ̄ⲣ̄ⲣ̄ⲟ ⲉϫⲙ̄ ⲡ ⲧⲏⲣϥ,ⲡⲉϫⲉ ⲓⲏⲥⲟⲩⲥ ⲙⲡⲣⲧⲣⲉ ⲛⲧⲟϥ ⲗⲟ ⲛϭⲓ ⲡ ⲉⲧⲉⲣⲉ ϣⲓⲛⲉ ⲉⲣⲉ ⲛⲧⲟϥ ϣⲓⲛⲉ ϣⲁⲛⲧⲉ ⲛⲧⲟϥ ϭⲓⲛⲉ ⲁⲩⲱ ϩⲟⲧⲁⲛ ⲉⲣϣⲁⲛ_ⲛⲧⲟϥ ϭⲓⲛⲉ ⲛⲧⲟϥ ⲛⲁ ϣⲧⲟⲣⲧⲣ ⲁⲩⲱ ⲉⲣϣⲁⲛ_ⲛⲧⲟϥ ϣⲧⲟⲣⲧⲣ ⲛⲧⲟϥ ⲛⲁ ⲣ̄ϣⲡⲏⲣⲉ ⲁⲩⲱ ⲛⲧⲟϥ ⲛⲁ ⲣ̄ⲣⲣⲟ ⲉϫⲛ ⲡ ⲧⲏⲣϥ,VBD NPROP ANEGJUS PPERS V PTC ART CREL V CCIRC PPERS V ALIM PPERS V CONJ CONJ ACOND_PPERS V PPERS FUT V CONJ ACOND_PPERS V PPERS FUT V CONJ PPERS FUT V PREP ART N
3,103,103,ⲡⲉϫⲉ ⲓ︤ⲥ︥ ϫⲉ ⲉⲩϣⲁ ϫⲟⲟ ⲥ ⲛⲏ ⲧⲛ̄ ⲛ̄ϭⲓ ⲛ ⲉⲧ⳿ ⲥⲱⲕ ϩⲏⲧ⳿ ⲧⲏⲩⲧⲛ̄ ϫⲉ ⲉⲓⲥ ϩⲏⲏⲧⲉ ⲉ ⲧ⳿ ⲙⲛⲧⲉⲣⲟ ϩⲛ̄ ⲧ ⲡⲉ ⲉⲉⲓⲉ ⲛ̄ ϩⲁⲗⲏⲧ⳿ ⲛⲁ ⲣϣⲟⲣⲡ⳿ ⲉⲣⲱ ⲧⲛ̄ ⲛ̄ⲧⲉ ⲧ ⲡⲉ ⲉⲩϣⲁⲛ ϫⲟⲟ ⲥ ⲛⲏ ⲧⲛ ϫⲉ ⲥ ϩⲛ̄ ⲑ ⲁⲗⲁⲥⲥⲁ ⲉⲉⲓⲉ ⲛ̄ ⲧⲃⲧ⳿ ⲛⲁ ⲣ̄ϣⲟⲣⲡ⳿ ⲉⲣⲱ ⲧⲛ̄ ⲁⲗⲗⲁ ⲧ ⲙⲛ̄ⲧⲉⲣⲟ ⲥ ⲙ̄ ⲡⲉⲧⲛ̄ ϩⲟⲩⲛ⳿ ⲁⲩⲱ ⲥ ⲙ̄ ⲡⲉⲧⲛ̄ ⲃⲁⲗ ϩⲟⲧⲁⲛ ⲉⲧⲉⲧⲛ̄ϣⲁⲛ ⲥⲟⲩⲱⲛ ⲧⲏⲩⲧⲛ̄ ⲧⲟⲧⲉ ⲥⲉ ⲛⲁ ⲥⲟⲩⲱ⳯ ⲧⲏⲛⲉ ⲁⲩⲱ ⲧⲉⲧⲛ ⲁ ⲉⲓⲙⲉ ϫⲉ ⲛ̄ⲧⲱⲧⲛ̄ ⲡⲉ ⲛ̄ ϣⲏⲣⲉ ⲙ̄ ⲡ ⲉⲓⲱⲧ ⲉⲧ ⲟⲛϩ ⲉϣⲱⲡⲉ ⲇⲉ ⲧⲉⲧ ⲛⲁ ⲥⲟⲩⲱⲛ ⲧⲏⲩⲧⲛ̄ ⲁⲛ ⲉⲉⲓⲉ ⲧⲉⲧⲛ̄ ϣⲟⲟⲡ⳿ ϩⲛ̄ ⲟⲩ ⲙⲛ̄ⲧϩⲏⲕⲉ ⲁⲩⲱ ⲛ̄ⲧⲱⲧⲛ̄ ⲡⲉ ⲧ ⲙⲛ̄ⲧϩⲏⲕⲉ,ⲡⲉϫⲉ ⲓⲏⲥⲟⲩⲥ ϫⲉ ⲉⲣϣⲁⲛ_ⲛⲧⲟⲟⲩ ϫⲱ ⲛⲧⲟⲥ ⲛⲁ ⲛⲧⲱⲧⲛ ⲛϭⲓ ⲡ ⲉⲧⲉⲣⲉ ⲥⲱⲕ ϩⲏⲧ ⲛⲧⲱⲧⲛ ϫⲉ ⲉⲓⲥ ϩⲏⲏⲧⲉ ⲉ ⲡ ⲙⲛⲧⲣⲣⲟ ϩⲛ ⲡ ⲡⲉ ⲉⲓⲉ ⲡ ϩⲁⲗⲏⲧ ⲛⲁ ⲣϣⲟⲣⲡ ⲉ ⲛⲧⲱⲧⲛ ⲛⲧⲉ ⲡ ⲡⲉ ⲉⲣϣⲁⲛ_ⲛⲧⲟⲟⲩ ϫⲱ ⲛⲧⲟⲥ ⲛⲁ ⲛⲧⲱⲧⲛ ϫⲉ ⲛⲧⲟⲥ ϩⲛ ⲡ ⲑⲁⲗⲁⲥⲥⲁ ⲉⲓⲉ ⲡ ⲧⲃⲧ ⲛⲁ ⲣϣⲟⲣⲡ ⲉ ⲛⲧⲱⲧⲛ ⲁⲗⲗⲁ ⲡ ⲙⲛⲧⲣⲣⲟ ⲛⲧⲟⲥ ⲛ ⲡⲉⲧⲛ ϩⲟⲩⲛ ⲁⲩⲱ ⲛⲧⲟⲥ ⲛ ⲡⲉⲧⲛ ⲃⲟⲗ ϩⲟⲧⲁⲛ ⲉⲣϣⲁⲛ_ⲛⲧⲱⲧⲛ ⲥⲟⲟⲩⲛ ⲛⲧⲱⲧⲛ ⲧⲟⲧⲉ ⲛⲧⲟⲟⲩ ⲛⲁ ⲥⲟⲟⲩⲛ ⲛⲧⲱⲧⲛ ⲁⲩⲱ ⲛⲧⲱⲧⲛ ⲛⲁ ⲉⲓⲙⲉ ϫⲉ ⲛⲧⲱⲧⲛ ⲡⲉ ⲡ ϣⲏⲣⲉ ⲛ ⲡ ⲉⲓⲱⲧ ⲉⲧⲉⲣⲉ ⲱⲛϩ ⲉϣⲱⲡⲉ ⲇⲉ ⲛⲧⲱⲧⲛ ⲛⲁ ⲥⲟⲟⲩⲛ ⲛⲧⲱⲧⲛ ⲁⲛ ⲉⲓⲉ ⲛⲧⲱⲧⲛ ϣⲱⲡⲉ ϩⲛ ⲟⲩ ⲙⲛⲧϩⲏⲕⲉ ⲁⲩⲱ ⲛⲧⲱⲧⲛ ⲡⲉ ⲡ ⲙⲛⲧϩⲏⲕⲉ,VBD NPROP CONJ ACOND_PPERS V PPERO PREP PPERO PTC ART CREL V N PPERO CONJ PTC PTC PREP ART N PREP ART N PTC ART N FUT V PREP PPERO PREP ART N ACOND_PPERS V PPERO PREP PPERO CONJ PPERS PREP ART N PTC ART N FUT V PREP PPERO
4,50,50,ⲡⲉϫⲉ ⲓ︤ⲥ︥ ϥ ⲛⲁ ϫⲛⲁⲩ ⲁⲛ ⲛ̄ϭⲓ ⲡ ⲣⲱⲙⲉ ⲛ̄ ϩⲗⲗⲟ ϩⲛ̄ ⲛⲉϥ ϩⲟⲟⲩ ⲉ ϫⲛⲉ ⲟⲩ ⲕⲟⲩⲉⲓ ⲛ̄ ϣⲏⲣⲉ ϣⲏⲙ ⲉ ϥ ϩⲛ̄ ⲥⲁϣϥ̅ ⲛ̄ ϩⲟⲟⲩ ⲉⲧⲃⲉ ⲡ ⲧⲟⲡⲟⲥ ⲙ̄ ⲡ ⲱⲛϩ ⲁⲩⲱ ϥ ⲛⲁ ⲱⲛϩ ϫⲉ ⲟⲩⲛ ϩⲁϩ ⲛ ϣⲟⲣⲡ ⲛⲁ ⲣ̄ϩⲁⲉ ⲁⲩⲱ ⲛ̄ ⲥⲉ ϣⲱⲡⲉ ⲟⲩⲁ ⲟⲩⲱⲧ,ⲡⲉϫⲉ ⲓⲏⲥⲟⲩⲥ ⲛⲧⲟϥ ⲛⲁ ϫⲛⲁⲁⲩ ⲁⲛ ⲛϭⲓ ⲡ ⲣⲱⲙⲉ ⲛ ϩⲗⲗⲟ ϩⲛ ⲡⲉϥ ϩⲟⲟⲩ ⲉ ϫⲛⲟⲩ ⲟⲩ ⲕⲟⲩⲓ ⲛ ϣⲏⲣⲉ ϣⲏⲙ ⲉⲣⲉ ⲛⲧⲟϥ ϩⲛ ⲥⲁϣϥ̅ ⲛ ϩⲟⲟⲩ ⲉⲧⲃⲉ ⲡ ⲧⲟⲡⲟⲥ ⲛ ⲡ ⲱⲛϩ ⲁⲩⲱ ⲛⲧⲟϥ ⲛⲁ ⲱⲛϩ ϫⲉ ⲟⲩⲛ ϩⲁϩ ⲛ ϣⲟⲣⲡ ⲛⲁ ⲣϩⲁⲉ ⲁⲩⲱ ⲛⲧⲉ ⲛⲧⲟⲟⲩ ϣⲱⲡⲉ ⲟⲩⲁ ⲟⲩⲱⲧ,VBD NPROP PPERS FUT V NEG PTC ART N PREP N PREP PPOS N PREP V ART N PREP N N CCIRC PPERS PREP NUM PREP N PREP ART N PREP ART N CONJ PPERS FUT V CONJ EXIST N PREP N FUT V CONJ ACONJ PPERS V NUM N
5,36,36,ⲡⲉϫⲉ ⲓ︤ⲥ︥ ⲥⲟⲩⲱⲛ ⲡ ⲉⲧ ⲙ̄ ⲡ ⲙ̄ⲧⲟ ⲙ̄ ⲡⲉⲕ ϩⲟ ⲉⲃⲟⲗ⳿ ⲁⲩⲱ ⲡ ⲉⲑ ⲏⲡ⳿ ⲉⲣⲟ ⲕ⳿ ϥ ⲛⲁ ϭⲱⲗⲡ⳿ ⲉⲃⲟⲗ ⲛⲁ ⲕ⳿ ⲙⲛ̄ ⲗⲁⲁⲩ ⲅⲁⲣ ⲉ ϥ ϩⲏⲡ⳿ ⲉ ϥ ⲛⲁ ⲟⲩⲱⲛϩ ⲉⲃⲟⲗ ⲁⲛ,ⲡⲉϫⲉ ⲓⲏⲥⲟⲩⲥ ⲥⲟⲟⲩⲛ ⲡ ⲉⲧⲉⲣⲉ ⲛ ⲡ ⲙⲧⲟ ⲛ ⲡⲉⲕ ϩⲟ ⲉⲃⲟⲗ ⲁⲩⲱ ⲡ ⲉⲧⲉⲣⲉ ϩⲱⲡ ⲉ ⲛⲧⲟⲕ ⲛⲧⲟϥ ⲛⲁ ϭⲱⲗⲡ ⲉⲃⲟⲗ ⲛⲁ ⲛⲧⲟⲕ ⲙⲛ ⲗⲁⲁⲩ ⲅⲁⲣ ⲉⲣⲉ ⲛⲧⲟϥ ϩⲱⲡ ⲉⲣⲉ ⲛⲧⲟϥ ⲛⲁ ⲟⲩⲱⲛϩ ⲉⲃⲟⲗ ⲁⲛ,VBD NPROP V ART CREL PREP ART N PREP PPOS N ADV CONJ ART CREL VSTAT PREP PPERO PPERS FUT V ADV PREP PPERO EXIST N PTC CCIRC PPERS VSTAT CCIRC PPERS FUT V ADV NEG
6,94,94,ⲁ ⲩ ϫⲛⲟⲩ ϥ ⲛ̄ϭⲓ ⲛⲉϥ⳿ ⲙⲁⲑⲏⲧⲏⲥ ⲡⲉϫⲁ ⲩ ⲛⲁ ϥ⳿ ϫⲉ ⲕ̂ ⲟⲩⲱϣ ⲉ ⲧⲣ ⲛ̄︤ ⲣ︥ⲛⲏⲥⲧⲉⲩⲉ ⲁⲩⲱ ⲉϣ ⲧⲉ ⲑ ⲉ ⲉ ⲛ ⲁ ϣⲗⲏⲗ ⲉ ⲛ ⲁ ϯⲉⲗⲉⲏⲙⲟⲥⲩⲛⲏ ⲁⲩⲱ ⲉ ⲛ ⲁ ⲣ̄ⲡⲁⲣⲁⲧⲏⲣⲉⲓ ⲉ ⲟⲩ ⲛ̄ ϭⲓⲟⲩⲱⲙ⳿ ⲡⲉϫⲉ ⲓ︤ⲥ︥ ϫⲉ ⲙ̄ⲡⲣ̄ ϫⲉϭⲟⲗ ⲁⲩⲱ ⲡ ⲉⲧ ⲉⲧⲙ̄ ⲙⲟⲥⲧⲉ ⲙ̄ⲙⲟ ϥ⳿ ⲙ̄ⲡⲣ̄ ⲁⲁ ϥ ϫⲉ ⲥⲉ ϭⲟⲗⲡ⳿ ⲧⲏⲣ ⲟⲩ ⲉⲃⲟⲗ ⲙ̄ ⲡⲉ ⲙⲧⲟ ⲉⲃⲟⲗ ⲛ̄ ⲧ ⲡⲉ ⲙⲛ̄ ⲗⲁⲁⲩ ⲅⲁⲣ ⲉ ϥ ϩⲏⲡ · ⲉ ϥ ⲛⲁ ⲟⲩⲱⲛϩ ⲉⲃⲟⲗ ⲁⲛ ⲁⲩⲱ ⲙⲛ ⲗⲁⲁⲩ ⲉ ϥ ϩⲟⲃ︤ⲥ︥ ⲉ ⲩ ⲛⲁ ϭⲱ ⲟⲩⲉϣⲛ̄ ϭⲟⲗⲡ ϥ⳿,ⲁ ⲛⲧⲟⲟⲩ ϫⲛⲟⲩ ⲛⲧⲟϥ ⲛϭⲓ ⲡⲉϥ ⲙⲁⲑⲏⲧⲏⲥ ⲡⲉϫⲉ ⲛⲧⲟⲟⲩ ⲛⲁ ⲛⲧⲟϥ ϫⲉ ⲛⲧⲟⲕ ⲟⲩⲱϣ ⲉ ⲧⲣⲉ ⲁⲛⲟⲛ ⲣⲛⲏⲥⲧⲉⲩⲉ ⲁⲩⲱ ⲁϣ ⲡⲉ ⲡ ϩⲉ ⲉⲣⲉ ⲁⲛⲟⲛ ⲛⲁ ϣⲗⲏⲗ ⲉⲣⲉ ⲁⲛⲟⲛ ⲛⲁ ϯⲉⲗⲉⲏⲙⲟⲥⲩⲛⲏ ⲁⲩⲱ ⲉⲣⲉ ⲁⲛⲟⲛ ⲛⲁ ⲣⲡⲁⲣⲁⲧⲏⲣⲉⲓ ⲉ ⲟⲩ ⲛ ϭⲓⲛⲟⲩⲱⲙ ⲡⲉϫⲉ ⲓⲏⲥⲟⲩⲥ ϫⲉ ⲙⲡⲣ ϫⲓϭⲟⲗ ⲁⲩⲱ ⲡ ⲉⲧⲉⲣⲉ ⲛⲧⲱⲧⲛ ⲙⲟⲥⲧⲉ ⲛ ⲛⲧⲟϥ ⲙⲡⲣ ⲉⲓⲣⲉ ⲛⲧⲟϥ ϫⲉ ⲛⲧⲟⲟⲩ ϭⲱⲗⲡ ⲧⲏⲣ ⲛⲧⲟⲟⲩ ⲉⲃⲟⲗ ⲛ ⲡ ⲙⲧⲟ ⲉⲃⲟⲗ ⲛ ⲡ ⲡⲉ ⲙⲛ ⲗⲁⲁⲩ ⲅⲁⲣ ⲉⲣⲉ ⲛⲧⲟϥ ϩⲱⲡ · ⲉⲣⲉ ⲛⲧⲟϥ ⲛⲁ ⲟⲩⲱⲛϩ ⲉⲃⲟⲗ ⲁⲛ ⲁⲩⲱ ⲙⲛ ⲗⲁⲁⲩ ⲉⲣⲉ ⲛⲧⲟϥ ϩⲱⲃⲥ ⲉⲣⲉ ⲛⲧⲟⲟⲩ ⲛⲁ ϭⲱ ⲟⲩⲉϣⲛ ϭⲱⲗⲡ ⲛⲧⲟϥ,APST PPERS V PPERO PTC PPOS N VBD PPERS PREP PPERO CONJ PPERS V PREP ACAUS PPERS V CONJ PINT COP ART N CFOC PPERS FUT V CCIRC PPERS FUT V CONJ CFOC PPERS FUT V PREP PINT PREP N VBD NPROP CONJ NEG V CONJ ART CREL PPERS V
7,42,42,ⲡⲉϫⲉ ⲓ︤ⲥ︥ ⲟⲩ ⲙⲁⲕⲁⲣⲓⲟⲥ ⲡⲉ ⲡ ⲙⲟⲩⲉⲓ ⲡⲁⲉⲓ ⲉⲧⲉ ⲡ ⲣⲱⲙⲉ ⲛⲁ ⲟⲩⲟⲙ ϥ ⲁⲩⲱ ⲛ̄ⲧⲉ ⲡ ⲙⲟⲩⲉⲓ ϣⲱⲡⲉ ⲣ̄ ⲣⲱⲙⲉ ⲁⲩⲱ ϥ ⲃⲏⲧ · ⲛ̄ϭⲓ ⲡ ⲣⲱⲙⲉ ⲡⲁⲉⲓ ⲉⲧⲉ ⲡ ⲙⲟⲩⲉⲓ ⲛⲁ ⲟⲩⲟⲙ ϥ ⲁⲩⲱ ⲡ ⲙⲟⲩⲉⲓ ⲛⲁ ϣⲱⲡⲉ ⲣ̄ ⲣⲱⲙⲉ,ⲡⲉϫⲉ ⲓⲏⲥⲟⲩⲥ ⲟⲩ ⲙⲁⲕⲁⲣⲓⲟⲥ ⲡⲉ ⲡ ⲙⲟⲩⲓ ⲡⲁⲓ ⲉⲧⲉⲣⲉ ⲡ ⲣⲱⲙⲉ ⲛⲁ ⲟⲩⲱⲙ ⲛⲧⲟϥ ⲁⲩⲱ ⲛⲧⲉ ⲡ ⲙⲟⲩⲓ ϣⲱⲡⲉ ⲛ ⲣⲱⲙⲉ ⲁⲩⲱ ⲛⲧⲟϥ ⲃⲱⲧⲉ · ⲛϭⲓ ⲡ ⲣⲱⲙⲉ ⲡⲁⲓ ⲉⲧⲉⲣⲉ ⲡ ⲙⲟⲩⲓ ⲛⲁ ⲟⲩⲱⲙ ⲛⲧⲟϥ ⲁⲩⲱ ⲡ ⲙⲟⲩⲓ ⲛⲁ ϣⲱⲡⲉ ⲛ ⲣⲱⲙⲉ,VBD NPROP ART N COP ART N PDEM CREL ART N FUT V PPERO CONJ ACONJ ART N V PREP N CONJ PPERS VSTAT PUNCT PTC ART N PDEM CREL ART N FUT V PPERO CONJ ART N FUT V PREP N
8,99,99,ⲁⲩⲱ ⲡⲉϫⲁ ϥ ϫⲉ ⲉ ⲡ ⲣⲱⲙⲉ ⲧⲛ̄ⲧⲱⲛ ⲁ ⲩ ⲟⲩⲱϩⲉ ⲣ̄ ⲣⲙⲛ̄ϩⲏⲧ⳿ ⲡⲁⲉⲓ ⲛ̄ⲧ ⲁ ϩ ⲛⲟⲩϫⲉ ⲛ̄ ⲧⲉϥ ⲁⲃⲱ ⲉ ⲑ ⲁⲗⲁⲥⲥⲁ ⲁ ϥ ⲥⲱⲕ ⲙ̄ⲙⲟ ⲥ ⲉϩⲣⲁⲓ̈ ϩⲛ̄ ⲑ ⲁⲗⲁⲥⲥⲁ ⲉ ⲥ ⲙⲉϩ ⲛ ⲧⲃⲧ ⲛ̄ ⲕⲟⲩⲉⲓ ⲛ̄ ϩⲣⲁⲓ̈ ⲛ̄ϩⲏⲧ ⲟⲩ ⲁ ϥ ϩⲉ ⲁ ⲩ ⲛⲟϭ ⲛ̄ ⲧⲃ︤ⲧ︥ ⲉ ⲛⲁⲛⲟⲩ ϥ⳿ ⲛ̄ϭⲓ ⲡ ⲟⲩⲱϩⲉ ⲣ̄ ⲣⲙⲛϩⲏⲧ̂ ⲁ ϥ ⲛⲟⲩϫⲉ ⲛ̄ ⲛ̄ ⲕⲟⲩⲉⲓ ⲧⲏⲣ ⲟⲩ ⲛ ⲧⲃⲧ⳿ ⲉⲃⲟⲗ ⲉ [ⲡ ⲉ]ⲥⲏⲧ̂ ⲉ ⲑ ⲁⲗⲁⲥⲥⲁ ⲁ ϥ ⲥⲱⲧⲡ · ⲙ̄ ⲡ ⲛⲟϭ ⲛ̄ ⲧⲃ︤ⲧ︥ ⲭⲱⲣⲓⲥ ϩⲓⲥⲉ ⲡ ⲉⲧⲉ ⲟⲩⲛ ⲙⲁⲁϫⲉ ⲙ̄ⲙⲟ ϥ ⲉ ⲥⲱⲧⲙ̄ ⲙⲁⲣⲉ ϥ̂ ⲥⲱⲧⲙ,ⲁⲩⲱ ⲡⲉϫⲉ ⲛⲧⲟϥ ϫⲉ ⲉⲣⲉ ⲡ ⲣⲱⲙⲉ ⲧⲟⲛⲧⲛ ⲉ ⲟⲩ ⲟⲩⲱϩⲉ ⲛ ⲣⲙⲛϩⲏⲧ ⲡⲁⲓ ⲉⲧⲉⲣⲉ ⲁ ⲛⲧⲟϥ ⲛⲟⲩϫⲉ ⲛ ⲡⲉϥ ⲁⲃⲱ ⲉ ⲡ ⲑⲁⲗⲁⲥⲥⲁ ⲁ ⲛⲧⲟϥ ⲥⲱⲕ ⲛ ⲛⲧⲟⲥ ⲉϩⲣⲁⲓ ϩⲛ ⲡ ⲑⲁⲗⲁⲥⲥⲁ ⲉⲣⲉ ⲛⲧⲟⲥ ⲙⲟⲩϩ ⲛ ⲧⲃⲧ ⲛ ⲕⲟⲩⲓ ⲛ ϩⲣⲁⲓ ϩⲛ ⲛⲧⲟⲟⲩ ⲁ ⲛⲧⲟϥ ϩⲉ ⲉ ⲟⲩ ⲛⲟϭ ⲛ ⲧⲃⲧ ⲉⲣⲉ ⲛⲁⲛⲟⲩ ⲛⲧⲟϥ ⲛϭⲓ ⲡ ⲟⲩⲱϩⲉ ⲛ ⲣⲙⲛϩⲏⲧ ⲁ ⲛⲧⲟϥ ⲛⲟⲩϫⲉ ⲛ ⲡ ⲕⲟⲩⲓ ⲧⲏⲣ ⲛⲧⲟⲟⲩ ⲛ ⲧⲃⲧ ⲉⲃⲟⲗ ⲉ ⲡ ⲉⲥⲏⲧ ⲉ ⲡ ⲑⲁⲗⲁⲥⲥⲁ ⲁ ⲛⲧⲟϥ ⲥⲱⲧⲡ · ⲛ ⲡ ⲛⲟϭ ⲛ ⲧⲃⲧ ⲭⲱⲣⲓⲥ ϩⲓⲥⲉ ⲡ ⲉⲧⲉⲣⲉ ⲟⲩⲛ ⲙⲁⲁϫⲉ ⲛ ⲛⲧⲟϥ ⲉ ⲥⲱⲧⲙ ⲙⲁⲣⲉ ⲛⲧⲟϥ ⲥⲱⲧⲙ,CONJ VBD PPERS CONJ CFOC ART N VSTAT PREP ART N PREP N PDEM CREL APST PPERS V PREP PPOS N PREP ART N APST PPERS V PREP PPERO ADV PREP ART N CCIRC PPERS V PREP N PREP N PREP ADV PREP PPERO APST PPERS V PREP ART N
9,119,119,ⲡⲉϫⲉ ⲓ︤ⲥ︥ ϫⲉ ⲉⲓⲥ ϩⲏⲏⲧⲉ · ⲁ ϥ ⲉⲓ ⲉⲃⲟⲗ ⲛ̄ϭⲓ ⲡ ⲉⲧ⳿ ⲥⲓⲧⲉ ⲁ ϥ ⲙⲉϩⲧⲟⲟⲧ ϥ︦ ⲁ ϥ ⲛⲟⲩϫⲉ ⲁ ϩⲟⲉⲓⲛⲉ ⲙⲉⲛ ϩⲉ ⲉϫⲛ ⲧⲉ ϩⲓⲏ⳿ ⲁ ⲩ ⲉⲓ ⲛ̄ϭⲓ ⲛ̄ ϩⲁⲗⲁⲧⲉ ⲁ ⲩ ⲕⲁⲧϥ ⲟⲩ ϩⲛ̄ ⲕⲟⲟⲩⲉ ⲁ ⲩ ϩⲉ ⲉϫⲛ̄ ⲧ ⲡⲉⲧⲣⲁ ⲁⲩⲱ ⲙ̄ⲡ ⲟⲩ ϫⲉⲛⲟⲩⲛⲉ ⲉ ⲡ ⲉⲥⲏⲧ̂ ⲉ ⲡ ⲕⲁϩ ⲁⲩⲱ ⲙ̄ⲡ ⲟⲩ ⲧⲉⲩⲉϩⲙ︤ⲥ︥ ⲉϩⲣⲁⲓ̈ ⲉ ⲧ ⲡⲉ ⲁⲩⲱ ϩⲛ̄ ⲕⲟⲟⲩⲉ ⲁ ⲩ ϩⲉ ⲉϫⲛ̄ ⲛ̄ ϣⲟ(ⲛ)ⲧⲉ ⲁ ⲩ ⲱϭⲧ⳿ ⲙ̄ ⲡⲉ ϭⲣⲟϭ ⲁⲩⲱ ⲁ ⲡ ϥⲛ︤ⲧ︥ ⲟⲩⲟⲙ ⲟⲩ ⲁⲩⲱ ⲁ ϩⲛ̄ ⲕⲟⲟⲩⲉ ϩⲉ ⲉϫⲛ̄ ⲡ ⲕⲁϩ ⲉⲧ ⲛⲁⲛⲟⲩ ϥ⳿ ⲁⲩⲱ ⲁ ϥ ϯⲕⲁⲣⲡⲟⲥ ⲉϩⲣⲁⲓ̈ ⲉ ⲧ ⲡⲉ ⲉ ⲛⲁⲛⲟⲩ ϥ⳿ ⲁ ϥ ⲉⲓ ⲛ̄ ⲥⲉ ⲉ ⲥⲟⲧⲉ ⲁⲩⲱ ϣⲉ ϫⲟⲩⲱⲧ⳿ ⲉ ⲥⲟⲧⲉ,ⲡⲉϫⲉ ⲓⲏⲥⲟⲩⲥ ϫⲉ ⲉⲓⲥ ϩⲏⲏⲧⲉ · ⲁ ⲛⲧⲟϥ ⲉⲓ ⲉⲃⲟⲗ ⲛϭⲓ ⲡ ⲉⲧⲉⲣⲉ ⲥⲓⲧⲉ ⲁ ⲛⲧⲟϥ ⲙⲉϩⲧⲟⲟⲧ ⲛⲧⲟϥ ⲁ ⲛⲧⲟϥ ⲛⲟⲩϫⲉ ⲁ ϩⲟⲉⲓⲛⲉ ⲙⲉⲛ ϩⲉ ⲉϫⲛ ⲡ ϩⲓⲏ ⲁ ⲛⲧⲟⲟⲩ ⲉⲓ ⲛϭⲓ ⲡ ϩⲁⲗⲏⲧ ⲁ ⲛⲧⲟⲟⲩ ⲕⲱⲧϥ ⲛⲧⲟⲟⲩ ⲟⲩ ⲕⲉ ⲁ ⲛⲧⲟⲟⲩ ϩⲉ ⲉϫⲛ ⲡ ⲡⲉⲧⲣⲁ ⲁⲩⲱ ⲙⲡⲉ ⲛⲧⲟⲟⲩ ϫⲓⲛⲟⲩⲛⲉ ⲉ ⲡ ⲉⲥⲏⲧ ⲉ ⲡ ⲕⲁϩ ⲁⲩⲱ ⲙⲡⲉ ⲛⲧⲟⲟⲩ ⲧⲉⲩⲉϩⲙⲥ ⲉϩⲣⲁⲓ ⲉ ⲡ ⲡⲉ ⲁⲩⲱ ⲟⲩ ⲕⲉ ⲁ ⲛⲧⲟⲟⲩ ϩⲉ ⲉϫⲛ ⲡ ϣⲟⲛⲧⲉ ⲁ ⲛⲧⲟⲟⲩ ⲱϭⲧ ⲛ ⲡ ϭⲣⲟϭ ⲁⲩⲱ ⲁ ⲡ ϥⲛⲧ ⲟⲩⲱⲙ ⲛⲧⲟⲟⲩ ⲁⲩⲱ ⲁ ⲟⲩ ⲕⲉ ϩⲉ ⲉϫⲛ ⲡ ⲕⲁϩ ⲉⲧⲉⲣⲉ ⲛⲁⲛⲟⲩ ⲛⲧⲟϥ ⲁⲩⲱ ⲁ ⲛⲧⲟϥ ϯⲕⲁⲣⲡⲟⲥ ⲉϩⲣⲁⲓ ⲉ ⲡ ⲡⲉ ⲉⲣⲉ ⲛⲁⲛⲟⲩ ⲛⲧⲟϥ ⲁ ⲛⲧⲟϥ ⲉⲓ ⲛ ⲥⲉ ⲉ ⲥⲟⲧⲉ ⲁⲩⲱ ϣⲉ ϫⲟⲩⲱⲧ ⲉ ⲥⲟⲧⲉ,VBD NPROP CONJ PTC PTC PUNCT APST PPERS V ADV PTC ART CREL V APST PPERS V PPERO APST PPERS V APST N PTC V PREP ART N APST PPERS V PTC ART N APST PPERS V PPERO ART N APST PPERS V PREP ART N CONJ ANEGPST PPERS V
10,22,22,ⲡⲉϫⲉ ⲓ︤ⲥ︥ ϫⲉ ⲁ ⲉⲓ ⲛⲟⲩϫⲉ ⲛ̄ ⲟⲩ ⲕⲱϩⲧ⳿ ⲉϫⲛ̄ ⲡ ⲕⲟⲥⲙⲟⲥ ⲁⲩⲱ ⲉⲓⲥ ϩⲏⲏⲧⲉ ϯ ϩⲁⲣⲉϩ ⲉⲣⲟ ϥ⳿ ϣⲁⲛⲧⲉ ϥ ϫⲉⲣⲟ,ⲡⲉϫⲉ ⲓⲏⲥⲟⲩⲥ ϫⲉ ⲁ ⲁⲛⲟⲕ ⲛⲟⲩϫⲉ ⲛ ⲟⲩ ⲕⲱϩⲧ ⲉϫⲛ ⲡ ⲕⲟⲥⲙⲟⲥ ⲁⲩⲱ ⲉⲓⲥ ϩⲏⲏⲧⲉ ⲁⲛⲟⲕ ϩⲁⲣⲉϩ ⲉ ⲛⲧⲟϥ ϣⲁⲛⲧⲉ ⲛⲧⲟϥ ϫⲉⲣⲟ,VBD NPROP CONJ APST PPERS V PREP ART N PREP ART N CONJ PTC PTC PPERS V PREP PPERO ALIM PPERS V
11,92,92,ⲡⲉϫⲉ ⲓ︤ⲥ︥ ϫⲉ ⲧⲉⲉⲓ ⲡⲉ ⲛⲁ ⲣ̄ⲡⲁⲣⲁⲅⲉ ⲁⲩⲱ ⲧ ⲉⲧ ⲛ̄ ⲧ ⲡⲉ ⲙ̄ⲙⲟ ⲥ ⲛⲁ ⲣ̄ⲡⲁⲣⲁⲅⲉ ⲁⲩⲱ ⲛ ⲉⲧ ⲙⲟⲟⲩⲧ ⲥⲉ ⲟⲛϩ ⲁⲛ ⲁⲩⲱ ⲛ ⲉⲧ ⲟⲛϩ ⲥⲉ ⲛⲁ ⲙⲟⲩ ⲁⲛ ⲛ̄ ϩⲟⲟⲩ ⲛⲉ ⲧⲉⲧⲛ̄ ⲟⲩⲱⲙ⳿ ⲙ̄ ⲡ ⲉⲧ ⲙⲟⲟⲩⲧ⳿ ⲛⲉ ⲧⲉⲧⲛ̄ ⲉⲓⲣⲉ ⲙ̄ⲙⲟ ϥ ⲙ̄ ⲡ ⲉⲧ ⲟⲛϩ ϩⲟⲧⲁⲛ ⲉⲧⲉⲧⲛ̄ϣⲁⲛ ϣⲱⲡⲉ ϩⲙ̄ ⲡ ⲟⲩⲟⲉⲓⲛ ⲟⲩ ⲡ ⲉⲧ ⲉⲧⲛ ⲁ ⲁ ϥ ϩⲙ̄ ⲫ ⲟⲟⲩ ⲉⲧ ⲉⲧⲛ̄ ⲟ ⲛ̄ ⲟⲩⲁ ⲁ ⲧⲉⲧⲛ̄ ⲉⲓⲣⲉ ⲙ̄ ⲡ ⲥⲛⲁⲩ ϩⲟⲧⲁⲛ ⲇⲉ ⲉⲧⲉⲧⲛ̄ϣⲁ ϣⲱⲡⲉ ⲛ̄ ⲥⲛⲁⲩ · ⲟⲩ ⲡ ⲉⲧ ⲉⲧⲛ̄ ⲛⲁ ⲁ ϥ ·,ⲡⲉϫⲉ ⲓⲏⲥⲟⲩⲥ ϫⲉ ⲡⲉⲓ ⲡⲉ ⲛⲁ ⲣⲡⲁⲣⲁⲅⲉ ⲁⲩⲱ ⲡ ⲉⲧⲉⲣⲉ ⲛ ⲡ ⲡⲉ ⲛ ⲛⲧⲟⲥ ⲛⲁ ⲣⲡⲁⲣⲁⲅⲉ ⲁⲩⲱ ⲡ ⲉⲧⲉⲣⲉ ⲙⲟⲩ ⲛⲧⲟⲟⲩ ⲱⲛϩ ⲁⲛ ⲁⲩⲱ ⲡ ⲉⲧⲉⲣⲉ ⲱⲛϩ ⲛⲧⲟⲟⲩ ⲛⲁ ⲙⲟⲩ ⲁⲛ ⲡ ϩⲟⲟⲩ ⲛⲉⲣⲉ ⲛⲧⲱⲧⲛ ⲟⲩⲱⲙ ⲛ ⲡ ⲉⲧⲉⲣⲉ ⲙⲟⲩ ⲛⲉⲣⲉ ⲛⲧⲱⲧⲛ ⲉⲓⲣⲉ ⲛ ⲛⲧⲟϥ ⲛ ⲡ ⲉⲧⲉⲣⲉ ⲱⲛϩ ϩⲟⲧⲁⲛ ⲉⲣϣⲁⲛ_ⲛⲧⲱⲧⲛ ϣⲱⲡⲉ ϩⲛ ⲡ ⲟⲩⲟⲉⲓⲛ ⲟⲩ ⲡ ⲉⲧⲉⲣⲉ ⲛⲧⲱⲧⲛ ⲛⲁ ⲉⲓⲣⲉ ⲛⲧⲟϥ ϩⲛ ⲡ ϩⲟⲟⲩ ⲉⲧⲉⲣⲉ ⲛⲧⲱⲧⲛ ⲉⲓⲣⲉ ⲛ ⲟⲩⲁ ⲁ ⲛⲧⲱⲧⲛ ⲉⲓⲣⲉ ⲛ ⲡ ⲥⲛⲁⲩ ϩⲟⲧⲁⲛ ⲇⲉ ⲉⲧⲉⲧⲛϣⲁⲛ_ⲛⲧⲱⲧⲛ ϣⲱⲡⲉ ⲛ ⲥⲛⲁⲩ · ⲟⲩ ⲡ ⲉⲧⲉⲣⲉ ⲛⲧⲱⲧⲛ ⲛⲁ ⲁⲁ ⲛⲧⲟϥ ·,VBD NPROP CONJ PDEM N FUT V CONJ ART CREL PREP ART N PREP PPERO FUT V CONJ ART CREL VSTAT PPERS VSTAT NEG CONJ ART CREL VSTAT PPERS FUT V NEG ART N CPRET PPERS V PREP ART CREL VSTAT CPRET PPERS V PREP PPERO PREP ART CREL VSTAT
12,53,53,ⲡⲉϫⲉ ⲙ̄ ⲙⲁⲑⲏⲧⲏⲥ ⲛ̄ ⲓ︤ⲥ︥ ϫⲉ ⲧⲛ̄ ⲥⲟⲟⲩⲛ ϫⲉ ⲕ ⲛⲁ ⲃⲱⲕ ⲛ̄ⲧⲟⲟⲧ︤ ⲛ︥ ⲛⲓⲙ⳿ ⲡⲉ ⲉⲧ ⲛⲁ ⲣ̄ⲛⲟϭ ⲉϩⲣⲁⲓ̈ ⲉϫⲱ ⲛ ⲡⲉϫⲉ ⲓ︤ⲥ︥ ⲛⲁ ⲩ ϫⲉ ⲡ ⲙⲁ ⲛ̄ⲧ ⲁ ⲧⲉⲧⲛ̄ ⲉⲓ ⲙ̄ⲙⲁⲩ ⲉ ⲧⲉⲧⲛ ⲁ ⲃⲱⲕ̂ ϣⲁ ⲓ̈ⲁⲕⲱⲃⲟⲥ ⲡ ⲇⲓⲕⲁⲓⲟⲥ ⲡⲁⲉⲓ ⲛ̄ⲧ ⲁ ⲧ ⲡⲉ ⲙⲛ̄ ⲡ ⲕⲁϩ ϣⲱⲡⲉ ⲉⲧⲃⲏⲧ ϥ̅,ⲡⲉϫⲉ ⲡ ⲙⲁⲑⲏⲧⲏⲥ ⲛ ⲓⲏⲥⲟⲩⲥ ϫⲉ ⲁⲛⲟⲛ ⲥⲟⲟⲩⲛ ϫⲉ ⲛⲧⲟⲕ ⲛⲁ ⲃⲱⲕ ⲛⲧⲛ ⲁⲛⲟⲛ ⲛⲓⲙ ⲡⲉ ⲉⲧⲉⲣⲉ ⲛⲁ ⲣⲛⲟϭ ⲉϩⲣⲁⲓ ⲉϫⲛ ⲁⲛⲟⲛ ⲡⲉϫⲉ ⲓⲏⲥⲟⲩⲥ ⲛⲁ ⲛⲧⲟⲟⲩ ϫⲉ ⲡ ⲙⲁ ⲉⲧⲉⲣⲉ ⲁ ⲛⲧⲱⲧⲛ ⲉⲓ ⲙⲙⲁⲩ ⲉⲣⲉ ⲛⲧⲱⲧⲛ ⲛⲁ ⲃⲱⲕ ϣⲁ ⲓⲁⲕⲱⲃⲟⲥ ⲡ ⲇⲓⲕⲁⲓⲟⲥ ⲡⲁⲓ ⲉⲧⲉⲣⲉ ⲁ ⲡ ⲡⲉ ⲙⲛ ⲡ ⲕⲁϩ ϣⲱⲡⲉ ⲉⲧⲃⲉ ⲛⲧⲟϥ,VBD ART N PREP NPROP CONJ PPERS V CONJ PPERS FUT V PREP PPERO PINT COP CREL FUT V ADV PREP PPERO VBD NPROP PREP PPERO CONJ ART N CREL APST PPERS V ADV CFOC PPERS FUT V PREP NPROP ART N PDEM CREL APST ART N PREP ART N
13,191,191,ⲡⲉϫⲉ ⲓ︤ⲥ︥ ⲛ̄ ⲛⲉϥ ⲙⲁⲑⲏⲧⲏⲥ ϫⲉ ⲧⲛ̄ⲧⲱⲛ ⲧ⳿ ⲛ̄ⲧⲉ ⲧⲛ̄ ϫⲟⲟ ⲥ ⲛⲁ ⲉⲓ ϫⲉ ⲉ ⟨ⲓ⟩ ⲉⲓⲛⲉ ⲛ̄ ⲛⲓⲙ ⲡⲉϫⲁ ϥ ⲛⲁ ϥ⳿ ⲛ̄ϭⲓ ⲥⲓⲙⲱⲛ ⲡⲉⲧⲣⲟⲥ ϫⲉ ⲉ ⲕ ⲉⲓⲛⲉ ⲛ̄ ⲟⲩ ⲁⲅ⳿ⲅⲉⲗⲟⲥ ⲛ̄ ⲇⲓⲕⲁⲓⲟⲥ ⲡⲉϫⲁ ϥ ⲛⲁ ϥ ⲛ̄ϭⲓ ⲙⲁⲑ⳿ⲑⲁⲓⲟⲥ ϫⲉ ⲉ ⲕ ⲉⲓⲛⲉ ⲛ̄ ⲟⲩ ⲣⲱⲙⲉ ⲙ̄ ⲫⲓⲗⲟⲥⲟⲫⲟⲥ ⲛ̄ ⲣⲛ̄ⲛ̄ϩⲏⲧ⳿ ⲡⲉϫⲁ ϥ ⲛⲁ ϥ ⲛ̄ϭⲓ ⲑⲱⲙⲁⲥ ϫⲉ ⲡ ⲥⲁϩ ϩⲟⲗⲱⲥ ⲧⲁ ⲧⲁⲡⲣⲟ ⲛⲁ ϣ ⟨ϣ⟩ⲁⲡ ϥ⳿ ⲁⲛ ⲉ ⲧⲣ ⲁ ϫⲟⲟ ⲥ ϫⲉ ⲉ ⲕ ⲉⲓⲛⲉ ⲛ̄ ⲛⲓⲙ⳿ ⲡⲉϫⲉ ⲓⲏ︤ⲥ︥ ϫⲉ ⲁⲛⲟⲕ⳿ ⲡⲉⲕ⳿ ⲥⲁϩ ⲁⲛ ⲉⲡⲉⲓ ⲁ ⲕ ⲥⲱ ⲁ ⲕ ϯϩⲉ ⲉⲃⲟⲗ ϩⲛ̄ ⲧ ⲡⲏⲅⲏ ⲉⲧ ⲃⲣ̄ⲃⲣⲉ ⲧⲁⲉⲓ ⲁⲛⲟⲕ⳿ ⲛ̄ⲧ ⲁ ⲉⲓ ϣⲓⲧ ⲥ︥ ⲁⲩⲱ ⲁ ϥ ϫⲓⲧ ϥ̅ ⲁ ϥ ⲁⲛⲁⲭⲱⲣⲉⲓ ⲁ ϥ ϫⲱ ⲛⲁ ϥ ⲛ̄ ϣⲟⲙⲧ̂ ⲛ̄ ϣⲁϫⲉ ⲛ̄ⲧⲁⲣⲉ ⲑⲱⲙⲁⲥ ⲇⲉ ⲉⲓ ϣⲁ ⲛⲉϥ⳿ ϣⲃⲉⲉⲣ⳿ ⲁ ⲩ ϫⲛⲟⲩ ϥ⳿ ϫⲉ ⲛ̄ⲧ ⲁ ⲓ︤ⲥ︥ ϫⲟⲟ ⲥ ϫⲉ ⲟⲩ ⲛⲁ ⲕ⳿ ⲡⲉϫⲁ ϥ̂ ⲛⲁ ⲩ ⲛ̄ϭⲓ ⲑⲱⲙⲁⲥ ϫⲉ ⲉⲓϣⲁⲛ̂ ϫⲱ ⲛⲏ ⲧⲛ̄ ⲟⲩⲁ ϩⲛ̄ ⲛ̄ ϣⲁϫⲉ ⲛ̄ⲧ ⲁ ϥ ϫⲟⲟ ⲩ ⲛⲁ ⲉⲓ ⲧⲉⲧⲛ ⲁ ϥⲓ ⲱⲛⲉ ⲛ̄ⲧⲉ ⲧⲛ̄ ⲛⲟⲩϫⲉ ⲉⲣⲟ ⲉⲓ ⲁⲩⲱ ⲛ̄ⲧⲉ ⲟⲩ ⲕⲱϩⲧ⳿ ⲉⲓ ⲉⲃⲟⲗ ϩⲛ̄ ⲛ̄ ⲱⲛⲉ ⲛ̄ ⲥ ⲣⲱϩⲕ⳿ ⲙ̄ⲙⲱ ⲧⲛ̄,ⲡⲉϫⲉ ⲓⲏⲥⲟⲩⲥ ⲛ ⲡⲉϥ ⲙⲁⲑⲏⲧⲏⲥ ϫⲉ ⲧⲟⲛⲧⲛ ⲁⲛⲟⲕ ⲛⲧⲉ ⲛⲧⲱⲧⲛ ϫⲱ ⲛⲧⲟⲥ ⲛⲁ ⲁⲛⲟⲕ ϫⲉ ⲉ ⲁⲛⲟⲕ ⲉⲓⲛⲉ ⲛ ⲛⲓⲙ ⲡⲉϫⲉ ⲛⲧⲟϥ ⲛⲁ ⲛⲧⲟϥ ⲛϭⲓ ⲥⲓⲙⲱⲛ ⲡⲉⲧⲣⲟⲥ ϫⲉ ⲉⲣⲉ ⲛⲧⲟⲕ ⲉⲓⲛⲉ ⲛ ⲟⲩ ⲁⲅⲅⲉⲗⲟⲥ ⲛ ⲇⲓⲕⲁⲓⲟⲥ ⲡⲉϫⲉ ⲛⲧⲟϥ ⲛⲁ ⲛⲧⲟϥ ⲛϭⲓ ⲙⲁⲑⲑⲁⲓⲟⲥ ϫⲉ ⲉⲣⲉ ⲛⲧⲟⲕ ⲉⲓⲛⲉ ⲛ ⲟⲩ ⲣⲱⲙⲉ ⲛ ⲫⲓⲗⲟⲥⲟⲫⲟⲥ ⲛ ⲣⲙⲛϩⲏⲧ ⲡⲉϫⲉ ⲛⲧⲟϥ ⲛⲁ ⲛⲧⲟϥ ⲛϭⲓ ⲑⲱⲙⲁⲥ ϫⲉ ⲡ ⲥⲁϩ ϩⲟⲗⲱⲥ ⲡⲁ ⲧⲁⲡⲣⲟ ⲛⲁ ϣ ϣⲁⲡ ⲛⲧⲟϥ ⲁⲛ ⲉ ⲧⲣⲉ ⲁⲛⲟⲕ ϫⲱ ⲛⲧⲟⲥ ϫⲉ ⲉⲣⲉ ⲛⲧⲟⲕ ⲉⲓⲛⲉ ⲛ ⲛⲓⲙ ⲡⲉϫⲉ ⲓⲏⲥⲟⲩⲥ ϫⲉ ⲁⲛⲟⲕ ⲡⲉⲕ ⲥⲁϩ ⲁⲛ ⲉⲡⲉⲓ ⲁ ⲛⲧⲟⲕ ⲥⲱ ⲁ ⲛⲧⲟⲕ ϯϩⲉ ⲉⲃⲟⲗ ϩⲛ ⲡ ⲡⲏⲅⲏ ⲉⲧⲉⲣⲉ ⲃⲣⲃⲣ ⲧⲁⲓ ⲁⲛⲟⲕ ⲛⲧ ⲁ ⲁⲛⲟⲕ ϣⲓ ⲛⲧⲟⲥ ⲁⲩⲱ ⲁ ⲛⲧⲟϥ ϫⲓ ϥ ⲁ ⲛⲧⲟϥ ⲁⲛⲁⲭⲱⲣⲉⲓ ⲁ ⲛⲧⲟϥ ϫⲱ ⲛⲁ ⲛⲧⲟϥ ⲛ ϣⲟⲙⲧ ⲛ ϣⲁϫⲉ ⲛⲧⲁⲣⲉ ⲑⲱⲙⲁⲥ ⲇⲉ ⲉⲓ ϣⲁ ⲡⲉϥ ϣⲃⲏⲣ ⲁ ⲛⲧⲟⲟⲩ ϫⲛⲟⲩ ⲛⲧⲟϥ ϫⲉ ⲉⲣⲉ ⲁ ⲓⲏⲥⲟⲩⲥ ϫⲱ ⲛⲧⲟⲥ ϫⲉ ⲟⲩ ⲛⲁ ⲛⲧⲟⲕ ⲡⲉϫⲉ ⲛⲧⲟϥ ⲛⲁ ⲛⲧⲟⲟⲩ ⲛϭⲓ ⲑⲱⲙⲁⲥ ϫⲉ ⲉⲣϣⲁⲛ_ⲁⲛⲟⲕ ϫⲱ ⲛⲁ ⲛⲧⲱⲧⲛ ⲟⲩⲁ ϩⲛ ⲡ ϣⲁϫⲉ ⲉⲧⲉⲣⲉ ⲁ ⲛⲧⲟϥ ϫⲱ ⲛⲧⲟⲟⲩ ⲛⲁ ⲁⲛⲟⲕ ⲛⲧⲱⲧⲛ ⲛⲁ ϥⲓ ⲱⲛⲉ ⲛⲧⲉ ⲛⲧⲱⲧⲛ ⲛⲟⲩϫⲉ ⲉ ⲁⲛⲟⲕ ⲁⲩⲱ ⲛⲧⲉ ⲟⲩ ⲕⲱϩⲧ ⲉⲓ ⲉⲃⲟⲗ ϩⲛ ⲡ ⲱⲛⲉ ⲛⲧⲉ ⲛⲧⲟⲥ ⲣⲱⲕϩ ⲛ ⲛⲧⲱⲧⲛ,VBD NPROP PREP PPOS N CONJ V PPERO ACONJ PPERS V PPERO PREP PPERO CONJ CFOC PPERS V PREP PINT VBD PPERS PREP PPERO PTC NPROP NPROP CONJ CFOC PPERS V PREP ART N PREP N VBD PPERS PREP PPERO PTC NPROP CONJ CFOC PPERS V PREP ART N PREP
14,101,101,ⲡⲉϫⲉ ⲓ︤ⲥ︥ ⲛⲁ ⲩ ϫⲉ ⲉⲧⲉⲧⲛ̄ϣⲁⲛ ⲣ̄ⲛⲏⲥⲧⲉⲩⲉ ⲧⲉⲧ ⲛⲁ ϫⲡⲟ ⲛⲏ ⲧⲛ̄ ⲛ̄ⲛ ⲟⲩ ⲛⲟⲃⲉ ⲁⲩⲱ ⲉⲧⲉⲧⲛ̄ϣⲁ(ⲛ) ϣⲗⲏⲗ⳿ ⲥⲉ ⲛⲁ ⲣ̄ⲕⲁⲧⲁⲕⲣⲓⲛⲉ ⲙ̄ⲙⲱ ⲧⲛ̄ ⲁⲩⲱ ⲉⲧⲉⲧⲛ̄ϣⲁⲛ ϯⲉⲗⲉⲏⲙⲟⲥⲩⲛⲏ ⲉ ⲧⲉⲧⲛ ⲁ ⲉⲓⲣⲉ ⲛ̄ ⲟⲩ ⲕⲁⲕⲟⲛ ⲛ̄ ⲛⲉⲧⲙ ⲡ︤ⲛ︥︤ⲁ︥ ⲁⲩⲱ ⲉⲧⲉⲧⲛ̄ϣⲁⲛ ⲃⲱⲕ⳿ ⲉϩⲟⲩⲛ ⲉ ⲕⲁϩ ⲛⲓⲙ ⲁⲩⲱ ⲛ̄ⲧⲉ ⲧⲙ̄ ⲙⲟⲟϣⲉ ϩⲛ̄ ⲛ̄ ⲭⲱⲣⲁ ⲉⲩϣⲁ ⲣ̄ⲡⲁⲣⲁⲇⲉⲭⲉ ⲙ̄ⲙⲱ ⲧⲛ̄ ⲡ ⲉⲧ ⲟⲩ ⲛⲁ ⲕⲁⲁ ϥ ϩⲁⲣⲱ ⲧⲛ̄ ⲟⲩⲟⲙ ϥ̅ ⲛ ⲉⲧ ϣⲱⲛⲉ ⲛ̄ϩⲏⲧ ⲟⲩ ⲉⲣⲓ ⲑⲉⲣⲁⲡⲉⲩⲉ ⲙ̄ⲙⲟ ⲟⲩ ⲡ ⲉⲧ ⲛⲁ ⲃⲱⲕ ⲅⲁⲣ⳿ ⲉϩⲟⲩⲛ ϩⲛ̄ ⲧⲉⲧⲛ̄ ⲧⲁⲡⲣⲟ ϥ ⲛⲁ ϫⲱϩⲙ̄ ⲧⲏⲩⲧⲛ̄ ⲁⲛ⳿ ⲁⲗⲗⲁ ⲡ ⲉⲧ ⲛ̄ⲛⲏⲩ ⲉⲃⲟⲗ⳿ ϩⲛ̄ ⲧⲉⲧⲛ̄ ⲧⲁⲡⲣⲟ ⲛ̄ⲧⲟϥ ⲡ ⲉⲧ ⲛⲁ ϫⲁϩⲙ̄ ⲧⲏⲩⲧⲛ,ⲡⲉϫⲉ ⲓⲏⲥⲟⲩⲥ ⲛⲁ ⲛⲧⲟⲟⲩ ϫⲉ ⲉⲣϣⲁⲛ_ⲛⲧⲱⲧⲛ ⲣⲛⲏⲥⲧⲉⲩⲉ ⲛⲧⲱⲧⲛ ⲛⲁ ϫⲡⲟ ⲛⲁ ⲛⲧⲱⲧⲛ ⲛ ⲟⲩ ⲛⲟⲃⲉ ⲁⲩⲱ ⲉⲣϣⲁⲛ_ⲛⲧⲱⲧⲛ ϣⲗⲏⲗ ⲛⲧⲟⲟⲩ ⲛⲁ ⲣⲕⲁⲧⲁⲕⲣⲓⲛⲉ ⲛ ⲛⲧⲱⲧⲛ ⲁⲩⲱ ⲉⲣϣⲁⲛ_ⲛⲧⲱⲧⲛ ϯⲉⲗⲉⲏⲙⲟⲥⲩⲛⲏ ⲉⲣⲉ ⲛⲧⲱⲧⲛ ⲛⲁ ⲉⲓⲣⲉ ⲛ ⲟⲩ ⲕⲁⲕⲟⲛ ⲛ ⲡⲉⲧⲛ ⲡⲛⲉⲩⲙⲁ ⲁⲩⲱ ⲉⲣϣⲁⲛ_ⲛⲧⲱⲧⲛ ⲃⲱⲕ ⲉϩⲟⲩⲛ ⲉ ⲕⲁϩ ⲛⲓⲙ ⲁⲩⲱ ⲛⲧⲉ ⲛⲧⲱⲧⲛ ⲙⲟⲟϣⲉ ϩⲛ ⲡ ⲭⲱⲣⲁ ⲉⲣϣⲁⲛ_ⲛⲧⲟⲟⲩ ⲣⲡⲁⲣⲁⲇⲉⲭⲉ ⲛ ⲛⲧⲱⲧⲛ ⲡ ⲉⲧⲉⲣⲉ ⲛⲧⲟⲟⲩ ⲛⲁ ⲕⲱ ⲛⲧⲟϥ ϩⲁ ⲛⲧⲱⲧⲛ ⲟⲩⲱⲙ ⲛⲧⲟϥ ⲡ ⲉⲧⲉⲣⲉ ϣⲱⲛⲉ ϩⲛ ⲟⲩ ⲉⲓⲣⲉ ⲑⲉⲣⲁⲡⲉⲩⲉ ⲛ ⲛⲧⲟⲟⲩ ⲡ ⲉⲧⲉⲣⲉ ⲛⲁ ⲃⲱⲕ ⲅⲁⲣ ⲉϩⲟⲩⲛ ϩⲛ ⲡⲉⲧⲛ ⲧⲁⲡⲣⲟ ⲛⲧⲟϥ ⲛⲁ ϫⲱϩⲙ ⲛⲧⲱⲧⲛ ⲁⲛ ⲁⲗⲗⲁ ⲡ ⲉⲧⲉⲣⲉ ⲉⲓ ⲉⲃⲟⲗ ϩⲛ ⲡⲉⲧⲛ ⲧⲁⲡⲣⲟ ⲛⲧⲟϥ ⲡ ⲉⲧⲉⲣⲉ ⲛⲁ ϫⲱϩⲙ ⲛⲧⲱⲧⲛ,VBD NPROP PREP PPERO CONJ ACOND_PPERS V PPERS FUT V PREP PPERO PREP ART N CONJ ACOND_PPERS V PPERS FUT V PREP PPERO CONJ ACOND_PPERS V CFOC PPERS FUT V PREP ART N PREP PPOS N CONJ ACOND_PPERS V ADV PREP N PINT CONJ ACONJ PPERS V PREP ART N
15,33,33,ⲡⲉϫⲉ ⲓ︤ⲥ︥ ϫⲉ ϩⲟⲧⲁⲛ ⲉⲧⲉⲧⲛ̄ϣⲁⲛ ⲛⲁⲩ ⲉ ⲡ ⲉⲧⲉ ⲙ̄ⲡ ⲟⲩ ϫⲡⲟ ϥ⳿ ⲉⲃⲟⲗ ϩⲛ̄ ⲧ ⲥϩⲓⲙⲉ ⲡⲉϩⲧ⳿ ⲧⲏⲩⲧⲛ̄ ⲉϫⲙ̄ ⲡⲉⲧⲛ̄ ϩⲟ ⲛ̄ⲧⲉ ⲧⲛ̄ ⲟⲩⲱϣⲧ ⲛⲁ ϥ̂ ⲡ ⲉⲧ ⲙ̄ⲙⲁⲩ ⲡⲉ ⲡⲉⲧⲛ̄ ⲉⲓⲱⲧ⳿,ⲡⲉϫⲉ ⲓⲏⲥⲟⲩⲥ ϫⲉ ϩⲟⲧⲁⲛ ⲉⲣϣⲁⲛ_ⲛⲧⲱⲧⲛ ⲛⲁⲩ ⲉ ⲡ ⲉⲧⲉⲣⲉ ⲙⲡⲉ ⲛⲧⲟⲟⲩ ϫⲡⲟ ⲛⲧⲟϥ ⲉⲃⲟⲗ ϩⲛ ⲡ ⲥϩⲓⲙⲉ ⲡⲱϩⲧ ⲛⲧⲱⲧⲛ ⲉϫⲛ ⲡⲉⲧⲛ ϩⲟ ⲛⲧⲉ ⲛⲧⲱⲧⲛ ⲟⲩⲱϣⲧ ⲛⲁ ⲛⲧⲟϥ ⲡ ⲉⲧⲉⲣⲉ ⲙⲙⲁⲩ ⲡⲉ ⲡⲉⲧⲛ ⲉⲓⲱⲧ,VBD NPROP CONJ CONJ ACOND_PPERS V PREP ART CREL ANEGPST PPERS V PPERO ADV PREP ART N V PPERO PREP PPOS N ACONJ PPERS V PREP PPERO ART CREL ADV COP PPOS N
16,85,85,ⲡⲉϫⲉ ⲓ︤ⲥ︥ ϫⲉ ⲧⲁⲭⲁ ⲉ ⲩ ⲙⲉⲉⲩⲉ ⲛ̄ϭⲓ ⲣ̄ ⲣⲱⲙⲉ ϫⲉ ⲛ̄ⲧⲁ ⲉⲓ ⲉⲓ ⲉ ⲛⲟⲩϫⲉ ⲛ̄ ⲟⲩ ⲉⲓⲣⲏⲛⲏ ⲉϫⲙ̄ ⲡ ⲕⲟⲥⲙⲟⲥ ⲁⲩⲱ ⲥⲉ ⲥⲟⲟⲩⲛ ⲁⲛ ϫⲉ ⲛ̄ⲧⲁ ⲉⲓ ⲉⲓ ⲁ ⲛⲟⲩϫⲉ ⲛ̄ ϩⲛ̄ ⲡⲱⲣϫ⳿ ⲉϫⲛ̄ ⲡ ⲕⲁϩ ⲟⲩ ⲕⲱϩⲧ ⲟⲩ ⲥⲏϥⲉ⳿ ⲟⲩ ⲡⲟⲗⲉⲙⲟⲥ ⲟⲩⲛ̄ ϯⲟⲩ ⲅⲁⲣ ⲛⲁ ϣⲱ[ⲡⲉ] ϩⲛ̄ ⲟⲩ ⲏⲉⲓ ⲟⲩⲛ̄ ϣⲟⲙⲧ ⲛⲁ ϣⲱⲡⲉ ⲉϫⲛ̄ ⲥⲛⲁⲩ ⲁⲩⲱ ⲥⲛⲁⲩ ⲉϫⲛ̄ ϣⲟⲙⲧ⳿ ⲡ ⲉⲓⲱⲧ⳿ ⲉϫⲙ̄ ⲡ ϣⲏⲣⲉ ⲁⲩⲱ ⲡ ϣⲏⲣⲉ ⲉϫⲙ̄ ⲡ ⲉⲓⲱⲧ⳿ ⲁⲩⲱ · ⲥⲉ ⲛⲁ ⲱϩⲉ ⲉⲣⲁⲧ ⲟⲩ ⲉ ⲩ ⲟ ⲙ̄ ⲙⲟⲛⲁⲭⲟⲥ,ⲡⲉϫⲉ ⲓⲏⲥⲟⲩⲥ ϫⲉ ⲧⲁⲭⲁ ⲉⲣⲉ ⲛⲧⲟⲟⲩ ⲙⲉⲉⲩⲉ ⲛϭⲓ ⲡ ⲣⲱⲙⲉ ϫⲉ ⲛⲧⲉ_ⲁⲛⲟⲕ ⲁⲛⲟⲕ ⲉⲓ ⲉ ⲛⲟⲩϫⲉ ⲛ ⲟⲩ ⲉⲓⲣⲏⲛⲏ ⲉϫⲛ ⲡ ⲕⲟⲥⲙⲟⲥ ⲁⲩⲱ ⲛⲧⲟⲟⲩ ⲥⲟⲟⲩⲛ ⲁⲛ ϫⲉ ⲛⲧⲉ_ⲁⲛⲟⲕ ⲁⲛⲟⲕ ⲉⲓ ⲉ ⲛⲟⲩϫⲉ ⲛ ⲟⲩ ⲡⲱⲣϫ ⲉϫⲛ ⲡ ⲕⲁϩ ⲟⲩ ⲕⲱϩⲧ ⲟⲩ ⲥⲏϥⲉ ⲟⲩ ⲡⲟⲗⲉⲙⲟⲥ ⲟⲩⲛ ϯⲟⲩ ⲅⲁⲣ ⲛⲁ ϣⲱⲡⲉ ϩⲛ ⲟⲩ ⲏⲓ ⲟⲩⲛ ϣⲟⲙⲧ ⲛⲁ ϣⲱⲡⲉ ⲉϫⲛ ⲥⲛⲁⲩ ⲁⲩⲱ ⲥⲛⲁⲩ ⲉϫⲛ ϣⲟⲙⲧ ⲡ ⲉⲓⲱⲧ ⲉϫⲛ ⲡ ϣⲏⲣⲉ ⲁⲩⲱ ⲡ ϣⲏⲣⲉ ⲉϫⲛ ⲡ ⲉⲓⲱⲧ ⲁⲩⲱ · ⲛⲧⲟⲟⲩ ⲛⲁ ⲱϩⲉ ⲉⲣⲁⲧ ⲛⲧⲟⲟⲩ ⲉⲣⲉ ⲛⲧⲟⲟⲩ ⲉⲓⲣⲉ ⲛ ⲙⲟⲛⲁⲭⲟⲥ,VBD NPROP CONJ ADV CCIRC PPERS V PTC ART N CONJ ACONJ_PPERS PPERS V PREP V PREP ART N PREP ART N CONJ PPERS V NEG CONJ ACONJ_PPERS PPERS V PREP V PREP ART N PREP ART N ART N ART N ART N EXIST NUM PTC FUT V PREP
17,40,40,ⲡⲉϫⲉ ⲓ︤ⲥ︥ ϫⲉ ϯ ⲛⲁ ϯ ⲛⲏ ⲧⲛ̄ ⲙ̄ ⲡ ⲉⲧⲉ ⲙ̄ⲡⲉ ⲃⲁⲗ ⲛⲁⲩ ⲉⲣⲟ ϥ⳿ ⲁⲩⲱ ⲡ ⲉⲧⲉ ⲙ̄ⲡⲉ ⲙⲁⲁϫⲉ ⲥⲟⲧⲙ ⲉϥ⳿ ⲁⲩⲱ ⲡ ⲉⲧⲉ ⲙⲡⲉ ϭⲓϫ⳿ ϭⲙ̄ϭⲱⲙ ϥ̅ ⲁⲩⲱ ⲙ̄ⲡⲉ ϥ ⲉⲓ ⲉϩⲣⲁⲓ̈ ϩⲓ ⲫ ⲏⲧ⳿ ⲣ̄ ⲣⲱⲙⲉ,ⲡⲉϫⲉ ⲓⲏⲥⲟⲩⲥ ϫⲉ ⲁⲛⲟⲕ ⲛⲁ ϯ ⲛⲁ ⲛⲧⲱⲧⲛ ⲛ ⲡ ⲉⲧⲉⲣⲉ ⲙⲡⲉ ⲃⲁⲗ ⲛⲁⲩ ⲉ ⲛⲧⲟϥ ⲁⲩⲱ ⲡ ⲉⲧⲉⲣⲉ ⲙⲡⲉ ⲙⲁⲁϫⲉ ⲥⲱⲧⲙ ⲛⲧⲟϥ ⲁⲩⲱ ⲡ ⲉⲧⲉⲣⲉ ⲙⲡⲉ ϭⲓϫ ϭⲙϭⲱⲙ ⲛⲧⲟϥ ⲁⲩⲱ ⲙⲡⲉ ⲛⲧⲟϥ ⲉⲓ ⲉϩⲣⲁⲓ ϩⲓ ⲡ ϩⲏⲧ ⲡ ⲣⲱⲙⲉ,VBD NPROP CONJ PPERS FUT V PREP PPERO PREP ART CREL ANEGPST N V PREP PPERO CONJ ART CREL ANEGPST N V PPERO CONJ ART CREL ANEGPST N V PPERO CONJ ANEGPST PPERS V ADV PREP ART N ART N
18,78,78,ⲡⲉϫⲉ ⲙ̄ ⲙⲁⲑⲏⲧⲏⲥ ⲛ̄ ⲓ︤ⲥ︥ ϫⲉ ϫⲟⲟ ⲥ ⲉⲣⲟ ⲛ ϫⲉ ⲧⲛ̄ ϩⲁⲏ ⲉ ⲥ ⲛⲁ ϣⲱⲡⲉ ⲛ̄ ⲁϣ ⲛ̄ ϩⲉ ⲡⲉϫⲉ ⲓ︤ⲥ︥ ⲁ ⲧⲉⲧⲛ̄ ϭⲱⲗⲡ⳿ ⲅⲁⲣ ⲉⲃⲟⲗ ⲛ̄ ⲧ ⲁⲣⲭⲏ ϫⲉⲕⲁⲁⲥ ⲉ ⲧⲉⲧ ⲛⲁ ϣⲓⲛⲉ ⲛ̄ⲥⲁ ⲑ ⲁϩⲏ ϫⲉ ϩⲙ̄ ⲡ ⲙⲁ ⲉⲧⲉ ⲧ ⲁⲣⲭⲏ ⲙ̄ⲙⲁⲩ ⲉ ⲑ ⲁϩⲏ ⲛⲁ ϣⲱⲡⲉ ⲙ̄ⲙⲁⲩ ⲟⲩ ⲙⲁⲕⲁⲣⲓⲟⲥ ⲡ ⲉⲧ ⲛⲁ ϩⲱϩⲉ ⲉ ⲣⲁⲧ ϥ̅ ϩⲛ̄ ⲧ ⲁⲣⲭⲏ ⲁⲩⲱ ϥ ⲛⲁ ⲥⲟⲩⲱⲛ ⲑ ϩⲁⲏ ⲁⲩⲱ ϥ ⲛⲁ ϫⲓϯⲡⲉ ⲁⲛ ⲙ̄ ⲙⲟⲩ,ⲡⲉϫⲉ ⲡ ⲙⲁⲑⲏⲧⲏⲥ ⲛ ⲓⲏⲥⲟⲩⲥ ϫⲉ ϫⲱ ⲛⲧⲟⲥ ⲉ ⲁⲛⲟⲛ ϫⲉ ⲡⲉⲛ ϩⲁⲏ ⲉⲣⲉ ⲛⲧⲟⲥ ⲛⲁ ϣⲱⲡⲉ ⲛ ⲁϣ ⲛ ϩⲉ ⲡⲉϫⲉ ⲓⲏⲥⲟⲩⲥ ⲁ ⲛⲧⲱⲧⲛ ϭⲱⲗⲡ ⲅⲁⲣ ⲉⲃⲟⲗ ⲛ ⲡ ⲁⲣⲭⲏ ϫⲉⲕⲁⲁⲥ ⲉⲣⲉ ⲛⲧⲱⲧⲛ ⲛⲁ ϣⲓⲛⲉ ⲛⲥⲁ ⲡ ϩⲁⲏ ϫⲉ ϩⲛ ⲡ ⲙⲁ ⲉⲧⲉⲣⲉ ⲡ ⲁⲣⲭⲏ ⲙⲙⲁⲩ ⲉⲣⲉ ⲡ ϩⲁⲏ ⲛⲁ ϣⲱⲡⲉ ⲙⲙⲁⲩ ⲟⲩ ⲙⲁⲕⲁⲣⲓⲟⲥ ⲡ ⲉⲧⲉⲣⲉ ⲛⲁ ⲱϩⲉ ⲉ ⲣⲁⲧ ⲛⲧⲟϥ ϩⲛ ⲡ ⲁⲣⲭⲏ ⲁⲩⲱ ⲛⲧⲟϥ ⲛⲁ ⲥⲟⲟⲩⲛ ⲡ ϩⲁⲏ ⲁⲩⲱ ⲛⲧⲟϥ ⲛⲁ ϫⲓϯⲡⲉ ⲁⲛ ⲛ ⲙⲟⲩ,VBD ART N PREP NPROP CONJ V PPERO PREP PPERO CONJ PPOS N CFOC PPERS FUT V PREP PINT PREP N VBD NPROP APST PPERS V PTC ADV PREP ART N CONJ CFOC PPERS FUT V PREP ART N CONJ PREP ART N CREL ART N ADV CCIRC ART N
19,70,70,ⲡⲉϫⲉ ⲓ︤ⲥ︥ ϫⲉ ⲟⲩ ⲙⲁⲕⲁⲣⲓⲟⲥ ⲡ ⲉⲛⲧ ⲁ ϩ ϣⲱⲡⲉ ϩⲁ ⲧⲉ ϩⲏ ⲉ ⲙⲡⲁⲧⲉ ϥ ϣⲱⲡⲉ ⲉⲧⲉⲧⲛ̄ϣⲁⲛ ϣⲱⲡⲉ ⲛⲁ ⲉⲓ ⲙ̄ ⲙⲁⲑⲏⲧⲏⲥ ⲛ̄ⲧⲉ ⲧⲛ̄ ⲥⲱⲧⲙ̄ ⲁ ⲛⲁ ϣⲁϫⲉ ⲛⲉⲉⲓ ⲱⲛⲉ ⲛⲁ ⲣ̄ⲇⲓⲁⲕⲟⲛⲉⲓ ⲛⲏ ⲧⲛ̄ ⲟⲩⲛ̄ⲧⲏ ⲧⲛ̄ ⲅⲁⲣ̂ ⲙ̄ⲙⲁⲩ ⲛ̄ ϯⲟⲩ ⲛ̄ ϣⲏⲛ ϩⲙ̄ ⲡⲁⲣⲁⲇⲓⲥⲟⲥ ⲉ ⲥⲉ ⲕⲓⲙ ⲁⲛ ⲛ̄ ϣⲱⲙ⳿ ⲙ̄ ⲡⲣⲱ ⲁⲩⲱ ⲙⲁⲣⲉ ⲛⲟⲩ ϭⲱⲃⲉ ϩⲉ ⲉⲃⲟⲗ ⲡ ⲉⲧ⳿ ⲛⲁ ⲥⲟⲩⲱⲛ ⲟⲩ ϥ ⲛⲁ ϫⲓϯⲡⲉ ⲁⲛ⳿ ⲙ̄ ⲙⲟⲩ,ⲡⲉϫⲉ ⲓⲏⲥⲟⲩⲥ ϫⲉ ⲟⲩ ⲙⲁⲕⲁⲣⲓⲟⲥ ⲡ ⲉⲧⲉⲣⲉ ⲁ ⲛⲧⲟϥ ϣⲱⲡⲉ ϩⲁ ⲡ ϩⲏ ⲉⲣⲉ ⲙⲡⲁⲧⲉ ⲛⲧⲟϥ ϣⲱⲡⲉ ⲉⲣϣⲁⲛ_ⲛⲧⲱⲧⲛ ϣⲱⲡⲉ ⲛⲁ ⲁⲛⲟⲕ ⲡ ⲙⲁⲑⲏⲧⲏⲥ ⲛⲧⲉ ⲛⲧⲱⲧⲛ ⲥⲱⲧⲙ ⲉ ⲡⲁ ϣⲁϫⲉ ⲡⲉⲓ ⲱⲛⲉ ⲛⲁ ⲣⲇⲓⲁⲕⲟⲛⲉⲓ ⲛⲁ ⲛⲧⲱⲧⲛ ⲟⲩⲛⲧⲁ ⲛⲧⲱⲧⲛ ⲅⲁⲣ ⲙⲙⲁⲩ ⲛ ϯⲟⲩ ⲛ ϣⲏⲛ ϩⲛ ⲡⲁⲣⲁⲇⲓⲥⲟⲥ ⲉⲣⲉ ⲛⲧⲟⲟⲩ ⲕⲓⲙ ⲁⲛ ⲛ ϣⲱⲙ ⲛ ⲡⲣⲱ ⲁⲩⲱ ⲙⲉⲣⲉ ⲡⲉⲩ ϭⲱⲃⲉ ϩⲉ ⲉⲃⲟⲗ ⲡ ⲉⲧⲉⲣⲉ ⲛⲁ ⲥⲟⲟⲩⲛ ⲛⲧⲟⲟⲩ ⲛⲧⲟϥ ⲛⲁ ϫⲓϯⲡⲉ ⲁⲛ ⲛ ⲙⲟⲩ,VBD NPROP CONJ ART N ART CREL APST PPERS V PREP ART N CCIRC ANY PPERS V ACOND_PPERS V PREP PPERO ART N ACONJ PPERS V PREP PPOS N PDEM N FUT V PREP PPERO EXIST PPERO PTC ADV PREP NUM PREP N PREP N CCIRC PPERS V NEG PREP
20,72,72,ⲡⲉϫⲉ ⲙ̄ ⲙⲁⲑⲏⲧⲏⲥ ⲛ̄ ⲓ︤ⲥ︥ ϫⲉ ϫⲟⲟ ⲥ ⲉⲣⲟ ⲛ ϫⲉ ⲧ ⲙⲛ̄ⲧⲉⲣⲟ ⲛ ⲙ̄ ⲡⲏⲩⲉ ⲉ ⲥ ⲧⲛ̄ⲧⲱⲛ ⲉ ⲛⲓⲙ ⲡⲉϫⲁ ϥ ⲛⲁ ⲩ ϫⲉ ⲉ ⲥ ⲧⲛ̄ⲧⲱⲛ ⲁ ⲩ ⲃⲗ︦ⲃⲓⲗⲉ ⲛ̄ ϣⲗ︦ⲧⲁⲙ ⟨ⲥ⟩ ⲥⲟⲃ︤ⲕ︥ ⲡⲁⲣⲁ ⲛ̄ ϭⲣⲟϭ ⲧⲏⲣ ⲟⲩ ϩⲟⲧⲁⲛ ⲇⲉ ⲉⲥϣⲁ(ⲛ) ϩⲉ ⲉϫⲙ̄ ⲡ ⲕⲁϩ ⲉⲧ ⲟⲩ ⲣ̄ϩⲱⲃ ⲉⲣⲟ ϥ ϣⲁ ϥ ⲧⲉⲩⲟ ⲉⲃⲟⲗ ⲛ̄ⲛ ⲟⲩ ⲛⲟϭ ⲛ̄ ⲧⲁⲣ ⲛ̄ ϥ ϣⲱⲡⲉ ⲛ̄ ⲥⲕⲉⲡⲏ ⲛ̄ ϩⲁⲗⲁⲧⲉ ⲛ̄ ⲧ ⲡⲉ,ⲡⲉϫⲉ ⲡ ⲙⲁⲑⲏⲧⲏⲥ ⲛ ⲓⲏⲥⲟⲩⲥ ϫⲉ ϫⲱ ⲛⲧⲟⲥ ⲉ ⲁⲛⲟⲛ ϫⲉ ⲡ ⲙⲛⲧⲣⲣⲟ ⲛ ⲡ ⲡⲉ ⲉⲣⲉ ⲛⲧⲟⲥ ⲧⲟⲛⲧⲛ ⲉ ⲛⲓⲙ ⲡⲉϫⲉ ⲛⲧⲟϥ ⲛⲁ ⲛⲧⲟⲟⲩ ϫⲉ ⲉⲣⲉ ⲛⲧⲟⲥ ⲧⲟⲛⲧⲛ ⲁ ⲟⲩ ⲃⲗⲃⲓⲗⲉ ⲛ ϣⲗⲧⲁⲙ ⲛⲧⲟⲥ ⲥⲃⲟⲕ ⲡⲁⲣⲁ ⲡ ϭⲣⲟϭ ⲧⲏⲣ ⲛⲧⲟⲟⲩ ϩⲟⲧⲁⲛ ⲇⲉ ⲉⲣϣⲁⲛ_ⲛⲧⲟⲥ ϩⲉ ⲉϫⲛ ⲡ ⲕⲁϩ ⲉⲧⲉⲣⲉ ⲛⲧⲟⲟⲩ ⲣϩⲱⲃ ⲉ ⲛⲧⲟϥ ϣⲁⲣⲉ ⲛⲧⲟϥ ⲧⲉⲩⲟ ⲉⲃⲟⲗ ⲛ ⲟⲩ ⲛⲟϭ ⲛ ⲧⲁⲣ ⲛⲧⲉ ⲛⲧⲟϥ ϣⲱⲡⲉ ⲛ ⲥⲕⲉⲡⲏ ⲛ ϩⲁⲗⲏⲧ ⲛ ⲡ ⲡⲉ,VBD ART N PREP NPROP CONJ V PPERO PREP PPERO CONJ ART N PREP ART N CFOC PPERS VSTAT PREP PINT VBD PPERS PREP PPERO CONJ CFOC PPERS VSTAT APST ART N PREP N PPERS VSTAT PREP ART N IMOD PPERO CONJ PTC ACOND_PPERS V PREP ART N CREL PPERS
21,209,209,ⲡⲉϫⲉ ⲙⲁⲣⲓϩⲁⲙ ⲛ̄ ⲓ︤ⲥ︥ ϫⲉ ⲉ ⲛⲉⲕ ⲙⲁⲑⲏⲧⲏⲥ ⲉⲓⲛⲉ ⲛ̄ ⲛⲓⲙ⳿ ⲡⲉϫⲁ ϥ⳿ ϫⲉ ⲉ ⲩ ⲉⲓⲛⲉ ⲛ̄ ϩⲛ̄ ϣⲏⲣⲉ ϣⲏⲙ⳿ ⲉ ⲩ ϭⲉⲗⲓⲧ⳿ ⲁ ⲩ ⲥⲱϣⲉ ⲉ ⲧⲱ ⲟⲩ ⲁⲛ ⲧⲉ ϩⲟⲧⲁⲛ ⲉⲩϣⲁ ⲉⲓ ⲛ̄ϭⲓ ⲛ̄ ϫⲟⲉⲓⲥ ⲛ̄ ⲧ ⲥⲱϣⲉ ⲥⲉ ⲛⲁ ϫⲟⲟ ⲥ ϫⲉ ⲕⲉ ⲧⲛ̄ ⲥⲱϣⲉ ⲉⲃⲟⲗ ⲛⲁ ⲛ ⲛ̄ⲧⲟⲟⲩ ⲥⲉ ⲕⲁⲕⲁϩⲏⲩ ⲙ̄ ⲡⲟⲩ ⲙ̄ⲧⲟ ⲉⲃⲟⲗ ⲉ ⲧⲣ ⲟⲩ ⲕⲁⲁ ⲥ ⲉⲃⲟⲗ ⲛⲁ ⲩ ⲛ̄ ⲥⲉ ϯ ⲧⲟⲩ ⲥⲱϣⲉ ⲛⲁ ⲩ ⲇⲓⲁⲧⲟⲩⲧⲟ ϯ ϫⲱ ⲙⲙⲟ ⲥ ϫⲉ ⲉϥ⳿ϣⲁ ⲉⲓⲙⲉ ⲛ̄ϭⲓ ⲡ ϫⲉⲥϩⲛ̄ⲏⲉⲓ ϫⲉ ϥ ⲛⲏⲩ ⲛ̄ϭⲓ ⲡ ⲣⲉϥϫⲓⲟⲩⲉ ϥ ⲛⲁ ⲣⲟⲉⲓⲥ ⲉ ⲙⲡⲁⲧⲉ ϥ⳿ ⲉⲓ ⲛ̄ ϥ ⲧⲙ ⲕⲁⲁ ϥ̂ ⲉ ϣⲟϫⲧ⳿ ⲉϩⲟⲩⲛ ⲉ ⲡⲉϥ ⲏⲉⲓ ⲛ̄ⲧⲉ ⲧⲉϥ⳿ ⲙⲛ̄ⲧⲉⲣⲟ ⲉ ⲧⲣⲉ ϥ ϥⲓ ⲛ̄ ⲛⲉϥ̂ ⲥⲕⲉⲩⲟⲥ ⲛ̄ⲧⲱⲧⲛ̄ ⲇⲉ ⲣⲟⲉⲓⲥ ϩⲁ ⲧⲉ ϩⲏ ⲙ̄ ⲡ ⲕⲟⲥⲙⲟⲥ ⲙⲟⲩⲣ⳿ ⲙ̄ⲙⲱ ⲧⲛ̄ ⲉϫⲛ̄ ⲛⲉⲧⲛ̄ ϯⲡⲉ ϩⲛ̄ⲛ ⲟⲩ ⲛⲟϭ ⲛ̄ ⲇⲩⲛⲁⲙⲓⲥ ϣⲓⲛⲁ ϫⲉ ⲛⲉ ⲛ̄ ⲗⲏⲥⲧⲏⲥ ϩⲉ ⲉ ϩⲓⲏ ⲉ ⲉⲓ ϣⲁⲣⲱ ⲧⲛ̄ ⲉⲡⲉⲓ ⲧⲉ ⲭⲣⲉⲓⲁ ⲉ ⲧⲉⲧⲛ̄ ϭⲱϣⲧ⳿ ⲉⲃⲟⲗ ϩⲏⲧ ⲥ︦ ⲥⲉ ⲛⲁ ϩⲉ · ⲉⲣⲟ ⲥ · ⲙⲁⲣⲉ ϥ ϣⲱⲡⲉ ϩⲛ̄ ⲧⲉⲧⲛ̄ ⲙⲏⲧⲉ ⲛ̄ϭⲓ ⲟⲩ ⲣⲱⲙⲉ ⲛ ⲉⲡⲓⲥⲧⲏⲙⲱⲛ ⲛ̄ⲧⲁⲣⲉ ⲡ ⲕⲁⲣⲡⲟⲥ ⲡⲱϩ ⲁ ϥ ⲉⲓ ϩⲛ̄ⲛ ⲟⲩ ϭⲉⲡⲏ ⲉ ⲡⲉϥ ⲁⲥϩ ϩⲛ̄ ⲧⲉϥ ϭⲓϫ ⲁ ϥ ϩⲁⲥ ϥ ⲡ ⲉⲧⲉ ⲟⲩⲛ̄ ⲙⲁⲁϫⲉ ⲙ̄ⲙⲟ ϥ ⲉ ⲥⲱⲧⲙ̄ ⲙⲁⲣⲉ ϥ ⲥⲱⲧⲙ̄,ⲡⲉϫⲉ ⲙⲁⲣⲓϩⲁⲙ ⲛ ⲓⲏⲥⲟⲩⲥ ϫⲉ ⲉⲣⲉ ⲡⲉⲕ ⲙⲁⲑⲏⲧⲏⲥ ⲉⲓⲛⲉ ⲛ ⲛⲓⲙ ⲡⲉϫⲉ ⲛⲧⲟϥ ϫⲉ ⲉⲣⲉ ⲛⲧⲟⲟⲩ ⲉⲓⲛⲉ ⲛ ϩⲉⲛ ϣⲏⲣⲉ ϣⲏⲙ ⲉⲣⲉ ⲛⲧⲟⲟⲩ ϭⲟⲓⲗⲉ ⲉ ⲟⲩ ⲥⲱϣⲉ ⲉⲣⲉ ⲡⲱ ⲛⲧⲟⲟⲩ ⲁⲛ ⲡⲉ ϩⲟⲧⲁⲛ ⲉⲣϣⲁⲛ_ⲛⲧⲟⲟⲩ ⲉⲓ ⲛϭⲓ ⲡ ϫⲟⲉⲓⲥ ⲛ ⲡ ⲥⲱϣⲉ ⲛⲧⲟⲟⲩ ⲛⲁ ϫⲱ ⲛⲧⲟⲥ ϫⲉ ⲕⲱ ⲡⲉⲛ ⲥⲱϣⲉ ⲉⲃⲟⲗ ⲛⲁ ⲁⲛⲟⲛ ⲛⲧⲟⲟⲩ ⲛⲧⲟⲟⲩ ⲕⲁⲕⲁϩⲏⲩ ⲛ ⲡⲉⲩ ⲙⲧⲟ ⲉⲃⲟⲗ ⲉ ⲧⲣⲉ ⲛⲧⲟⲟⲩ ⲕⲱ ⲛⲧⲟⲥ ⲉⲃⲟⲗ ⲛⲁ ⲛⲧⲟⲟⲩ ⲛⲧⲉ ⲛⲧⲟⲟⲩ ϯ ⲡⲉⲩ ⲥⲱϣⲉ ⲛⲁ ⲛⲧⲟⲟⲩ ⲇⲓⲁⲧⲟⲩⲧⲟ ⲁⲛⲟⲕ ϫⲱ ⲛ ⲛⲧⲟⲥ ϫⲉ ⲉⲣϣⲁⲛ_ⲛⲧⲟϥ ⲉⲓⲙⲉ ⲛϭⲓ ⲡ ϫⲉⲥϩⲛⲏⲉⲓ ϫⲉ ⲛⲧⲟϥ ⲉⲓ ⲛϭⲓ ⲡ ⲣⲉϥϫⲓⲟⲩⲉ ⲛⲧⲟϥ ⲛⲁ ⲣⲟⲉⲓⲥ ⲉⲣⲉ ⲙⲡⲁⲧⲉ ⲛⲧⲟϥ ⲉⲓ ⲛⲧⲉ ⲛⲧⲟϥ ⲧⲙ ⲕⲱ ⲛⲧⲟϥ ⲉ ϣⲟϫⲧ ⲉϩⲟⲩⲛ ⲉ ⲡⲉϥ ⲏⲓ ⲛⲧⲉ ⲡⲉϥ ⲙⲛⲧⲣⲣⲟ ⲉ ⲧⲣⲉ ⲛⲧⲟϥ ϥⲓ ⲛ ⲡⲉϥ ⲥⲕⲉⲩⲟⲥ ⲛⲧⲱⲧⲛ ⲇⲉ ⲣⲟⲉⲓⲥ ϩⲁ ⲡ ϩⲏ ⲛ ⲡ ⲕⲟⲥⲙⲟⲥ ⲙⲟⲩⲣ ⲛ ⲛⲧⲱⲧⲛ ⲉϫⲛ ⲡⲉⲧⲛ ϯⲡⲉ ϩⲛ ⲟⲩ ⲛⲟϭ ⲛ ⲇⲩⲛⲁⲙⲓⲥ ϩⲓⲛⲁ ϫⲉ ⲛⲉⲣⲉ ⲡ ⲗⲏⲥⲧⲏⲥ ϩⲉ ⲉ ϩⲓⲏ ⲉ ⲉⲓ ϣⲁ ⲛⲧⲱⲧⲛ ⲉⲡⲉⲓ ⲡ ⲭⲣⲉⲓⲁ ⲉⲣⲉ ⲛⲧⲱⲧⲛ ϭⲱϣⲧ ⲉⲃⲟⲗ ϩⲛ ⲛⲧⲟⲥ ⲛⲧⲟⲟⲩ ⲛⲁ ϩⲉ · ⲉ ⲛⲧⲟⲥ · ⲙⲁⲣⲉ ⲛⲧⲟϥ ϣⲱⲡⲉ ϩⲛ ⲡⲉⲧⲛ ⲙⲏⲧⲉ ⲛϭⲓ ⲟⲩ ⲣⲱⲙⲉ ⲛ ⲉⲡⲓⲥⲧⲏⲙⲱⲛ ⲛⲧⲁⲣⲉ ⲡ ⲕⲁⲣⲡⲟⲥ ⲡⲱϩ ⲁ ⲛⲧⲟϥ ⲉⲓ ϩⲛ ⲟⲩ ϭⲉⲡⲏ ⲉⲣⲉ ⲡⲉϥ ⲁⲥϩ ϩⲛ ⲡⲉϥ ϭⲓϫ ⲁ ⲛⲧⲟϥ ϩⲁⲥ ⲛⲧⲟϥ ⲡ ⲉⲧⲉⲣⲉ ⲟⲩⲛ ⲙⲁⲁϫⲉ ⲛ ⲛⲧⲟϥ ⲉ ⲥⲱⲧⲙ ⲙⲁⲣⲉ ⲛⲧⲟϥ ⲥⲱⲧⲙ,VBD NPROP PREP NPROP CONJ CFOC PPOS N V PREP PINT VBD PPERS CONJ CFOC PPERS V PREP ART N N CCIRC PPERS VSTAT PREP ART N CCIRC PPOS PPERO NEG COP CONJ ACOND_PPERS V PTC ART N PREP ART N PPERS FUT V PPERO CONJ V PPOS N ADV
22,177,177,ⲁ ⲓ︤ⲥ︥ ⲛⲁⲩ ⲁ ϩⲛ̄ ⲕⲟⲩⲉⲓ ⲉ ⲩ ϫⲓⲉⲣⲱⲧⲉ ⲡⲉϫⲁ ϥ ⲛ̄ ⲛⲉϥ ⲙⲁⲑⲏⲧⲏⲥ ϫⲉ ⲛⲉⲉⲓ ⲕⲟⲩⲉⲓ ⲉⲧ ϫⲓⲉⲣⲱⲧⲉ ⲉ ⲩ ⲧⲛ̄ⲧⲱⲛ ⲁ ⲛ ⲉⲧ ⲃⲏⲕ ⲉϩⲟⲩⲛ ⲁ ⲧ ⲙⲛ̄ⲧⲉⲣⲟ ⲡⲉϫⲁ ⲩ ⲛⲁ ϥ⳿ ϫⲉ ⲉⲉⲓ ⲉ ⲛ ⲟ ⲛ̄ ⲕⲟⲩⲉⲓ ⲧⲛ̄ ⲛⲁ ⲃⲱⲕ⳿ ⲉϩⲟⲩⲛ ⲉ ⲧ ⲙⲛ̄ⲧⲉⲣⲟ ⲡⲉϫⲉ ⲓⲏ︤ⲥ︥ ⲛⲁ ⲩ ϫⲉ ϩⲟⲧⲁⲛ ⲉⲧⲉⲧⲛ̄ϣⲁ ⲣ̄ ⲡ ⲥⲛⲁⲩ ⲟⲩⲁ ⲁⲩⲱ ⲉⲧⲉⲧⲛ̄ϣⲁ ⲣ̄ ⲡ ⲥⲁ ⲛϩⲟⲩⲛ ⲛ̄ ⲑ ⲉ ⲙ̄ ⲡ ⲥⲁ ⲛ ⲃⲟⲗ ⲁⲩⲱ ⲡ ⲥⲁ ⲛ ⲃⲟⲗ ⲛ̄ ⲑ ⲉ ⲙ̄ ⲡ ⲥⲁ ⲛϩⲟⲩⲛ ⲁⲩⲱ ⲡ ⲥⲁ ⲛ ⲧ ⲡⲉ ⲛ̄ ⲑ ⲉ ⲙ̄ ⲡ ⲥⲁ ⲙ ⲡ ⲓⲧⲛ̄ ⲁⲩⲱ ϣⲓⲛⲁ ⲉ ⲧⲉⲧⲛ ⲁ ⲉⲓⲣⲉ ⲙ̄ ⲫ ⲟ·ⲟⲩⲧ ⲙⲛ̄ ⲧ ⲥϩⲓⲙⲉ ⲙ̄ ⲡⲓ ⲟⲩⲁ ⲟⲩⲱⲧ · ϫⲉⲕⲁⲁⲥ ⲛⲉ ⲫ ⲟⲟⲩⲧ · ⲣ̄ϩⲟⲟⲩⲧ · ⲛ̄ⲧⲉ ⲧ ⲥϩⲓⲙⲉ ⲣ̄ⲥϩⲓⲙⲉ ϩⲟⲧⲁⲛ ⲉⲧⲉⲧⲛ̄ϣⲁ ⲉⲓⲣⲉ ⲛ̄ ϩⲛ̄ ⲃⲁⲗ ⲉ ⲡ ⲙⲁ ⲛ̄ ⲟⲩ ⲃⲁⲗ · ⲁⲩⲱ ⲟⲩ ϭⲓϫ⳿ ⲉ ⲡ ⲙⲁ ⲛ̄ⲛ ⲟⲩ ϭⲓϫ · ⲁⲩⲱ ⲟⲩ ⲉⲣⲏⲧⲉ ⲉ ⲡ ⲙⲁ ⲛ̄ ⲟⲩ ⲉⲣⲏⲧⲉ ⲟⲩ ϩⲓⲕⲱⲛ · ⲉ ⲡ ⲙⲁ ⲛ̄ ⲟⲩ ϩⲓⲕⲱⲛ ⲧⲟⲧⲉ ⲧⲉⲧ ⲛⲁ ⲃⲱⲕ̂ ⲉϩⲟⲩⲛ [ⲉ ⲧ] ⲙⲛ̄[ⲧⲉⲣ]ⲟ⳿,ⲁ ⲓⲏⲥⲟⲩⲥ ⲛⲁⲩ ⲉ ϩⲉⲛ ⲕⲟⲩⲓ ⲉⲣⲉ ⲛⲧⲟⲟⲩ ϫⲓⲉⲣⲱⲧⲉ ⲡⲉϫⲉ ⲛⲧⲟϥ ⲛ ⲡⲉϥ ⲙⲁⲑⲏⲧⲏⲥ ϫⲉ ⲡⲉⲓ ⲕⲟⲩⲓ ⲉⲧⲉⲣⲉ ϫⲓⲉⲣⲱⲧⲉ ⲉⲣⲉ ⲛⲧⲟⲟⲩ ⲧⲟⲛⲧⲛ ⲉ ⲡ ⲉⲧⲉⲣⲉ ⲃⲱⲕ ⲉϩⲟⲩⲛ ⲉ ⲡ ⲙⲛⲧⲣⲣⲟ ⲡⲉϫⲉ ⲛⲧⲟⲟⲩ ⲛⲁ ⲛⲧⲟϥ ϫⲉ ⲉⲓⲉ ⲉⲣⲉ ⲁⲛⲟⲛ ⲉⲓⲣⲉ ⲛ ⲕⲟⲩⲓ ⲁⲛⲟⲛ ⲛⲁ ⲃⲱⲕ ⲉϩⲟⲩⲛ ⲉ ⲡ ⲙⲛⲧⲣⲣⲟ ⲡⲉϫⲉ ⲓⲏⲥⲟⲩⲥ ⲛⲁ ⲛⲧⲟⲟⲩ ϫⲉ ϩⲟⲧⲁⲛ ⲉⲣϣⲁⲛ_ⲛⲧⲱⲧⲛ ⲉⲓⲣⲉ ⲡ ⲥⲛⲁⲩ ⲟⲩⲁ ⲁⲩⲱ ⲉⲣϣⲁⲛ_ⲛⲧⲱⲧⲛ ⲉⲓⲣⲉ ⲡ ⲥⲁ ⲛϩⲟⲩⲛ ⲛ ⲡ ϩⲉ ⲛ ⲡ ⲥⲁ ⲛ ⲃⲟⲗ ⲁⲩⲱ ⲡ ⲥⲁ ⲛ ⲃⲟⲗ ⲛ ⲡ ϩⲉ ⲛ ⲡ ⲥⲁ ⲛϩⲟⲩⲛ ⲁⲩⲱ ⲡ ⲥⲁ ⲛ ⲡ ⲡⲉ ⲛ ⲡ ϩⲉ ⲛ ⲡ ⲥⲁ ⲛ ⲡ ⲓⲧⲛ ⲁⲩⲱ ϩⲓⲛⲁ ⲉⲣⲉ ⲛⲧⲱⲧⲛ ⲛⲁ ⲉⲓⲣⲉ ⲛ ⲡ ϩⲟⲟⲩⲧ ⲙⲛ ⲡ ⲥϩⲓⲙⲉ ⲛ ⲡⲓ ⲟⲩⲁ ⲟⲩⲱⲧ · ϫⲉⲕⲁⲁⲥ ⲛⲛⲉ ⲡ ϩⲟⲟⲩⲧ · ⲣϩⲟⲟⲩⲧ · ⲛⲧⲉ ⲡ ⲥϩⲓⲙⲉ ⲣⲥϩⲓⲙⲉ ϩⲟⲧⲁⲛ ⲉⲣϣⲁⲛ_ⲛⲧⲱⲧⲛ ⲉⲓⲣⲉ ⲛ ϩⲉⲛ ⲃⲁⲗ ⲉ ⲡ ⲙⲁ ⲛ ⲟⲩ ⲃⲁⲗ · ⲁⲩⲱ ⲟⲩ ϭⲓϫ ⲉ ⲡ ⲙⲁ ⲛ ⲟⲩ ϭⲓϫ · ⲁⲩⲱ ⲟⲩ ⲟⲩⲉⲣⲏⲧⲉ ⲉ ⲡ ⲙⲁ ⲛ ⲟⲩ ⲟⲩⲉⲣⲏⲧⲉ ⲟⲩ ϩⲓⲕⲱⲛ · ⲉ ⲡ ⲙⲁ ⲛ ⲟⲩ ϩⲓⲕⲱⲛ ⲧⲟⲧⲉ ⲛⲧⲱⲧⲛ ⲛⲁ ⲃⲱⲕ ⲉϩⲟⲩⲛ ⲉ ⲡ ⲙⲛⲧⲣⲣⲟ,APST NPROP V PREP ART N CCIRC PPERS V VBD PPERS PREP PPOS N CONJ PDEM N CREL V CCIRC PPERS VSTAT PREP ART CREL VSTAT ADV APST ART N VBD PPERS PREP PPERO CONJ PTC CFOC PPERS VSTAT PREP N PPERS FUT V ADV PREP ART N VBD NPROP
23,28,28,ⲡⲉϫⲉ ⲓ︤ⲥ︥ ϫⲉ ϯ ⲛⲁ ⲥⲉⲧⲡ ⲧⲏⲛⲉ ⲟⲩⲁ ⲉⲃⲟⲗ ϩⲛ̄ ϣⲟ ⲁⲩⲱ ⲥⲛⲁⲩ ⲉⲃⲟⲗ ϩⲛ̄ ⲧⲃⲁ ⲁⲩⲱ ⲥⲉ ⲛⲁ ⲱϩⲉ ⲉⲣⲁⲧ ⲟⲩ ⲉ ⲩ ⲟ ⲟⲩⲁ ⲟⲩⲱⲧ ·,ⲡⲉϫⲉ ⲓⲏⲥⲟⲩⲥ ϫⲉ ⲁⲛⲟⲕ ⲛⲁ ⲥⲱⲧⲡ ⲛⲧⲱⲧⲛ ⲟⲩⲁ ⲉⲃⲟⲗ ϩⲛ ϣⲟ ⲁⲩⲱ ⲥⲛⲁⲩ ⲉⲃⲟⲗ ϩⲛ ⲧⲃⲁ ⲁⲩⲱ ⲛⲧⲟⲟⲩ ⲛⲁ ⲱϩⲉ ⲉⲣⲁⲧ ⲛⲧⲟⲟⲩ ⲉⲣⲉ ⲛⲧⲟⲟⲩ ⲉⲓⲣⲉ ⲟⲩⲁ ⲟⲩⲱⲧ ·,VBD NPROP CONJ PPERS FUT V PPERO NUM ADV PREP NUM CONJ NUM ADV PREP NUM CONJ PPERS FUT V PREP PPERO CCIRC PPERS VSTAT NUM N PUNCT
24,65,65,ⲡⲉϫⲉ ⲛⲉϥ ⲙⲁⲑⲏⲧⲏⲥ ϫⲉ ⲙⲁ ⲧⲥⲉⲃⲟ ⲛ⳿ ⲉ ⲡ ⲧⲟⲡⲟⲥ ⲉⲧ ⲕ ⲙ̄ⲙⲁⲩ ⲉⲡⲉⲓ ⲧ ⲁⲛⲁⲅⲕⲏ ⲉⲣⲟ ⲛ ⲧⲉ ⲉ ⲧⲣ ⲛ̄ ϣⲓⲛⲉ ⲛⲥⲱ ϥ⳿ ⲡⲉϫⲁ ϥ̂ ⲛⲁ ⲩ ϫⲉ ⲡ ⲉⲧⲉ ⲩⲛ̄ ⲙⲁⲁϫⲉ ⲙ̄ⲙⲟ ϥ ⲙⲁⲣⲉ ϥ · ⲥⲱⲧⲙ̄ ⲟⲩⲛ̄ ⲟⲩⲟⲉⲓⲛ⳿ ϣⲟⲟⲡ · ⲙ̄ ⲫ ⲟⲩⲛ ⲛ̄ⲛ ⲟⲩ ⲣ̄ⲙ̄ⲟⲩⲟⲉⲓⲛ ⲁⲩⲱ ϥ ⲣ̄ⲟⲩⲟⲉⲓⲛ ⲉ ⲡ ⲕⲟⲥⲙⲟⲥ ⲧⲏⲣ ϥ⳿ ⲉ ϥ ⲧⲙ̄ ⲣ̄ⲟⲩⲟⲉⲓⲛ⳿ ⲟⲩ ⲕⲁⲕⲉ ⲡⲉ,ⲡⲉϫⲉ ⲡⲉϥ ⲙⲁⲑⲏⲧⲏⲥ ϫⲉ ϯ ⲧⲥⲉⲃⲟ ⲁⲛⲟⲛ ⲉ ⲡ ⲧⲟⲡⲟⲥ ⲉⲧⲉⲣⲉ ⲛⲧⲟⲕ ⲙⲙⲁⲩ ⲉⲡⲉⲓ ⲡ ⲁⲛⲁⲅⲕⲏ ⲉ ⲁⲛⲟⲛ ⲡⲉ ⲉ ⲧⲣⲉ ⲁⲛⲟⲛ ϣⲓⲛⲉ ⲛⲥⲁ ⲛⲧⲟϥ ⲡⲉϫⲉ ⲛⲧⲟϥ ⲛⲁ ⲛⲧⲟⲟⲩ ϫⲉ ⲡ ⲉⲧⲉⲣⲉ ⲟⲩⲛ ⲙⲁⲁϫⲉ ⲛ ⲛⲧⲟϥ ⲙⲁⲣⲉ ⲛⲧⲟϥ · ⲥⲱⲧⲙ ⲟⲩⲛ ⲟⲩⲟⲉⲓⲛ ϣⲱⲡⲉ · ⲛ ⲡ ϩⲟⲩⲛ ⲛ ⲟⲩ ⲣⲙⲟⲩⲟⲉⲓⲛ ⲁⲩⲱ ⲛⲧⲟϥ ⲣⲟⲩⲟⲉⲓⲛ ⲉ ⲡ ⲕⲟⲥⲙⲟⲥ ⲧⲏⲣ ⲛⲧⲟϥ ⲉⲣⲉ ⲛⲧⲟϥ ⲧⲙ ⲣⲟⲩⲟⲉⲓⲛ ⲟⲩ ⲕⲁⲕⲉ ⲡⲉ,VBD PPOS N CONJ VIMP V PPERO PREP ART N CREL PPERS ADV CONJ ART N PREP PPERO COP PREP ACAUS PPERS V PREP PPERO VBD PPERS PREP PPERO CONJ ART CREL EXIST N PREP PPERO AJUS PPERO PUNCT V EXIST N VSTAT PUNCT PREP ART N PREP ART N
25,25,25,ⲡⲉϫⲉ ⲓ︤ⲥ︥ ϫⲉ ⲙⲉⲣⲉ ⲡⲉⲕ ⲥⲟⲛ ⲛ̄ ⲑ ⲉ ⲛ̄ ⲧⲉⲕ⳿ ⲯⲩⲭⲏ ⲉⲣⲓ ⲧⲏⲣⲉⲓ ⲙ̄ⲙⲟ ϥ ⲛ̄ ⲑ ⲉ ⲛ̄ ⲧ ⲉⲗⲟⲩ ⲙ̄ ⲡⲉⲕ⳿ ⲃⲁⲗ⳿,ⲡⲉϫⲉ ⲓⲏⲥⲟⲩⲥ ϫⲉ ⲙⲉ ⲡⲉⲕ ⲥⲟⲛ ⲛ ⲡ ϩⲉ ⲛ ⲡⲉⲕ ⲯⲩⲭⲏ ⲉⲓⲣⲉ ⲧⲏⲣⲉⲓ ⲛ ⲛⲧⲟϥ ⲛ ⲡ ϩⲉ ⲛ ⲡ ⲉⲗⲟⲩ ⲛ ⲡⲉⲕ ⲃⲁⲗ,VBD NPROP CONJ V PPOS N PREP ART N PREP PPOS N VIMP V PREP PPERO PREP ART N PREP ART N PREP PPOS N
26,56,56,ⲡⲉϫⲉ ⲓ︤ⲥ︥ ϫⲉ ⲡ ϫⲏ ⲉⲧ ϩⲙ̄ ⲡ ⲃⲁⲗ ⲙ̄ ⲡⲉⲕ⳿ ⲥⲟⲛ ⲕ ⲛⲁⲩ ⲉⲣⲟ ϥ̂ ⲡ ⲥⲟⲓ ⲇⲉ ⲉⲧ ϩⲙ̄ ⲡⲉⲕ ⲃⲁⲗ⳿ ⲕ ⲛⲁⲩ ⲁⲛ ⲉⲣⲟ ϥ⳿ ϩⲟⲧⲁⲛ ⲉⲕϣⲁⲛ ⲛⲟⲩϫⲉ ⲙ̄ ⲡ ⲥⲟⲉⲓ ⲉⲃⲟⲗ ϩⲙ̄ ⲡⲉⲕ⳿ ⲃⲁⲗ⳿ · ⲧⲟⲧⲉ ⲕ ⲛⲁ ⲛⲁⲩ ⲉⲃⲟⲗ ⲉ ⲛⲟⲩϫⲉ ⲙ̄ ⲡ ϫⲏ ⲉⲃⲟⲗ ϩⲙ̄ ⲡ ⲃⲁⲗ ⲙ̄ ⲡⲉⲕ ⲥⲟⲛ,ⲡⲉϫⲉ ⲓⲏⲥⲟⲩⲥ ϫⲉ ⲡ ϫⲏ ⲉⲧⲉⲣⲉ ϩⲛ ⲡ ⲃⲁⲗ ⲛ ⲡⲉⲕ ⲥⲟⲛ ⲛⲧⲟⲕ ⲛⲁⲩ ⲉ ⲛⲧⲟϥ ⲡ ⲥⲟⲓ ⲇⲉ ⲉⲧⲉⲣⲉ ϩⲛ ⲡⲉⲕ ⲃⲁⲗ ⲛⲧⲟⲕ ⲛⲁⲩ ⲁⲛ ⲉ ⲛⲧⲟϥ ϩⲟⲧⲁⲛ ⲉⲣϣⲁⲛ_ⲛⲧⲟⲕ ⲛⲟⲩϫⲉ ⲛ ⲡ ⲥⲟⲓ ⲉⲃⲟⲗ ϩⲛ ⲡⲉⲕ ⲃⲁⲗ · ⲧⲟⲧⲉ ⲛⲧⲟⲕ ⲛⲁ ⲛⲁⲩ ⲉⲃⲟⲗ ⲉ ⲛⲟⲩϫⲉ ⲛ ⲡ ϫⲏ ⲉⲃⲟⲗ ϩⲛ ⲡ ⲃⲁⲗ ⲛ ⲡⲉⲕ ⲥⲟⲛ,VBD NPROP CONJ ART N CREL PREP ART N PREP PPOS N PPERS V PREP PPERO ART N PTC CREL PREP PPOS N PPERS V NEG PREP PPERO CONJ ACOND_PPERS V PREP ART N ADV PREP PPOS N PUNCT ADV PPERS FUT V ADV PREP V PREP ART N ADV
27,29,29,ⲉⲧⲉ⟨ⲧⲛ̄⟩ ⲧⲙ̄ ⲣ̄ⲛⲏⲥⲧⲉⲩⲉ ⲉ ⲡ ⲕⲟⲥⲙⲟⲥ ⲧⲉⲧⲛ ⲁ ϩⲉ ⲁⲛ⳿ ⲉ ⲧ ⲙⲛⲧⲉⲣⲟ ⲉ ⲧⲉⲧⲛ̄ ⲧⲙ̄ ⲉⲓⲣⲉ ⲙ̄ ⲡ ⲥⲁⲙⲃⲁⲧⲟⲛ ⲛ̄ ⲥⲁⲃ⳿ⲃⲁⲧⲟⲛ ⲛ̄ⲧⲉⲧⲛ ⲁ ⲛⲁⲩ ⲁⲛ ⲉ ⲡ ⲉⲓⲱⲧ⳿,ⲉⲣϣⲁⲛ_ⲛⲧⲱⲧⲛ ⲧⲙ ⲣⲛⲏⲥⲧⲉⲩⲉ ⲉ ⲡ ⲕⲟⲥⲙⲟⲥ ⲛⲧⲱⲧⲛ ⲛⲁ ϩⲉ ⲁⲛ ⲉ ⲡ ⲙⲛⲧⲣⲣⲟ ⲉⲣⲉ ⲛⲧⲱⲧⲛ ⲧⲙ ⲉⲓⲣⲉ ⲛ ⲡ ⲥⲁⲃⲃⲁⲧⲟⲛ ⲛ ⲥⲁⲃⲃⲁⲧⲟⲛ ⲛⲧⲱⲧⲛ ⲛⲁ ⲛⲁⲩ ⲁⲛ ⲉ ⲡ ⲉⲓⲱⲧ,ACOND_PPERS NEG V PREP ART N PPERS FUT V NEG PREP ART N CCIRC PPERS NEG V PREP ART N PREP N PPERS FUT V NEG PREP ART N
28,107,107,ⲡⲉϫⲉ ⲓ︤ⲥ︥ ϫⲉ ⲁ ⲉⲓ ⲱϩⲉ ⲉ ⲣⲁⲧ⳿ ϩⲛ̄ ⲧ ⲙⲏⲧⲉ ⲙ̄ ⲡ ⲕⲟⲥⲙⲟⲥ ⲁⲩⲱ ⲁ ⲉⲓ ⲟⲩⲱⲛϩ ⲉⲃⲟⲗ ⲛⲁ ⲩ ϩⲛ̄ ⲥⲁⲣⲝ ⲁ ⲉⲓ ϩⲉ ⲉⲣⲟ ⲟⲩ ⲧⲏⲣ ⲟⲩ ⲉ ⲩ ⲧⲁϩⲉ ⲙ̄ ⲡⲓ ϩⲉ ⲉ ⲗⲁⲁⲩ ⲛ̄ϩⲏⲧ ⲟⲩ ⲉ ϥ ⲟⲃⲉ ⲁⲩⲱ ⲁ ⲧⲁ ⲯⲩⲭⲏ ϯⲧⲕⲁⲥ ⲉϫⲛ̄ ⲛ̄ ϣⲏⲣⲉ ⲛ̄ ⲣ̄ ⲣⲱⲙⲉ ϫⲉ ϩⲛ̄ ⲃⲗ︦ⲗⲉⲉⲩ ⲉ ⲛⲉ ϩⲙ̄ ⲡⲟⲩ ϩⲏⲧ⳿ ⲁⲩⲱ ⲥⲉ ⲛⲁⲩ ⲉⲃⲟⲗ ⲁⲛ ϫⲉ ⲛ̄ⲧ ⲁ ⲩ ⲉⲓ ⲉ ⲡ ⲕⲟⲥⲙⲟⲥ ⲉ ⲩ ϣⲟⲩⲉⲓⲧ⳿ · ⲉ ⲩ ϣⲓⲛⲉ ⲟⲛ ⲉ ⲧⲣ ⲟⲩ ⲉⲓ ⲉⲃⲟⲗ ϩⲙ̄ ⲡ ⲕⲟⲥⲙⲟⲥ ⲉ ⲩ ϣⲟⲩⲉⲓⲧ⳿ ⲡⲗⲏⲛ ⲧⲉⲛⲟⲩ ⲥⲉ ⲧⲟϩⲉ ϩⲟⲧⲁⲛ ⲉⲩϣⲁⲛ ⲛⲉϩ ⲡⲟⲩ ⲏⲣⲡ⳿ ⲧⲟⲧⲉ ⲥⲉ ⲛⲁ ⲣ̄ⲙⲉⲧⲁⲛⲟⲉⲓ,ⲡⲉϫⲉ ⲓⲏⲥⲟⲩⲥ ϫⲉ ⲁ ⲁⲛⲟⲕ ⲱϩⲉ ⲉ ⲣⲁⲧ ϩⲛ ⲡ ⲙⲏⲧⲉ ⲛ ⲡ ⲕⲟⲥⲙⲟⲥ ⲁⲩⲱ ⲁ ⲁⲛⲟⲕ ⲟⲩⲱⲛϩ ⲉⲃⲟⲗ ⲛⲁ ⲛⲧⲟⲟⲩ ϩⲛ ⲥⲁⲣⲝ ⲁ ⲁⲛⲟⲕ ϩⲉ ⲉ ⲛⲧⲟⲟⲩ ⲧⲏⲣ ⲛⲧⲟⲟⲩ ⲉⲣⲉ ⲛⲧⲟⲟⲩ ⲧⲁϩⲟ ⲛ ⲡⲓ ϩⲉ ⲉⲣⲉ ⲗⲁⲁⲩ ϩⲛ ⲛⲧⲟⲟⲩ ⲉⲣⲉ ⲛⲧⲟϥ ⲉⲓⲃⲉ ⲁⲩⲱ ⲁ ⲡⲁ ⲯⲩⲭⲏ ϯⲧⲕⲁⲥ ⲉϫⲛ ⲡ ϣⲏⲣⲉ ⲛ ⲡ ⲣⲱⲙⲉ ϫⲉ ⲟⲩ ⲃⲗⲗⲉ ⲉⲣⲉ ⲛⲉⲣⲉ ϩⲛ ⲡⲉⲩ ϩⲏⲧ ⲁⲩⲱ ⲛⲧⲟⲟⲩ ⲛⲁⲩ ⲉⲃⲟⲗ ⲁⲛ ϫⲉ ⲉⲣⲉ ⲁ ⲛⲧⲟⲟⲩ ⲉⲓ ⲉ ⲡ ⲕⲟⲥⲙⲟⲥ ⲉⲣⲉ ⲛⲧⲟⲟⲩ ϣⲟⲩⲟ · ⲉⲣⲉ ⲛⲧⲟⲟⲩ ϣⲓⲛⲉ ⲟⲛ ⲉ ⲧⲣⲉ ⲛⲧⲟⲟⲩ ⲉⲓ ⲉⲃⲟⲗ ϩⲛ ⲡ ⲕⲟⲥⲙⲟⲥ ⲉⲣⲉ ⲛⲧⲟⲟⲩ ϣⲟⲩⲟ ⲡⲗⲏⲛ ⲧⲉⲛⲟⲩ ⲛⲧⲟⲟⲩ ϯϩⲉ ϩⲟⲧⲁⲛ ⲉⲣϣⲁⲛ_ⲛⲧⲟⲟⲩ ⲛⲟⲩϩⲉ ⲡⲉⲩ ⲏⲣⲡ ⲧⲟⲧⲉ ⲛⲧⲟⲟⲩ ⲛⲁ ⲣⲙⲉⲧⲁⲛⲟⲉⲓ,VBD NPROP CONJ APST PPERS V PREP N PREP ART N PREP ART N CONJ APST PPERS V ADV PREP PPERO PREP N APST PPERS V PREP PPERO IMOD PPERO CCIRC PPERS VSTAT PREP PDEM V CCIRC N PREP PPERO CCIRC PPERS VSTAT CONJ APST PPOS N V PREP ART
29,43,43,ⲡⲉϫⲉ ⲓ︤ⲥ︥ ⲉϣϫⲉ ⲛ̄ⲧ ⲁ ⲧ ⲥⲁⲣⲝ⳿ ϣⲱⲡⲉ ⲉⲧⲃⲉ ⲡⲛ︤ⲁ︥ ⲟⲩ ϣⲡⲏⲣⲉ ⲧⲉ ⲉϣϫⲉ ⲡⲛ︤ⲁ︥ ⲇⲉ ⲉⲧⲃⲉ ⲡ ⲥⲱⲙⲁ ⲟⲩ ϣⲡⲏⲣⲉ ⲛ̄ ϣⲡⲏⲣⲉ ⲡⲉ ⲁⲗⲗⲁ ⲁⲛⲟⲕ⳿ ϯ ⲣ̄ϣⲡⲏⲣⲉ ⲙ̄ ⲡⲁⲉⲓ ϫⲉ ⲡⲱ[ⲥ] ⲁ ⲧⲉⲉⲓ ⲛⲟϭ ⲙ̄ ⲙ︤ⲛ︥︤ⲧ︥ⲣⲙ̄ⲙⲁⲟ ⲁ ⲥ ⲟⲩⲱϩ ϩⲛ̄ ⲧⲉⲉⲓ ⲙ︤ⲛ︥︤ⲧ︥ϩⲏⲕⲉ,ⲡⲉϫⲉ ⲓⲏⲥⲟⲩⲥ ⲉϣϫⲉ ⲉⲣⲉ ⲁ ⲡ ⲥⲁⲣⲝ ϣⲱⲡⲉ ⲉⲧⲃⲉ ⲡⲛⲉⲩⲙⲁ ⲟⲩ ϣⲡⲏⲣⲉ ⲡⲉ ⲉϣϫⲉ ⲡⲛⲉⲩⲙⲁ ⲇⲉ ⲉⲧⲃⲉ ⲡ ⲥⲱⲙⲁ ⲟⲩ ϣⲡⲏⲣⲉ ⲛ ϣⲡⲏⲣⲉ ⲡⲉ ⲁⲗⲗⲁ ⲁⲛⲟⲕ ⲁⲛⲟⲕ ⲣϣⲡⲏⲣⲉ ⲛ ⲡⲁⲓ ϫⲉ ⲡⲱⲥ ⲁ ⲡⲉⲓ ⲛⲟϭ ⲛ ⲙⲛⲧⲣⲙⲙⲁⲟ ⲁ ⲛⲧⲟⲥ ⲟⲩⲱϩ ϩⲛ ⲡⲉⲓ ⲙⲛⲧϩⲏⲕⲉ,VBD NPROP CONJ CFOC APST ART N V PREP N ART N COP CONJ N PTC PREP ART N ART N PREP N COP CONJ PPERI PPERS V PREP PDEM CONJ ADV APST PDEM N PREP N APST PPERS V PREP PDEM N
30,27,27,ⲡⲉϫⲉ ⲓ︤ⲥ︥ ϫⲉ ⲡ ⲙⲁ ⲉ ⲩⲛ̄ ϣⲟⲙⲧ ⲛ ⲛⲟⲩⲧⲉ ⲙ̄ⲙⲁⲩ ϩⲛ̄ ⲛⲟⲩⲧⲉ ⲛⲉ ⲡ ⲙⲁ ⲉ ⲩⲛ̄ ⲥⲛⲁⲩ ⲏ ⲟⲩⲁ ⲁⲛⲟⲕ⳿ ϯ ϣⲟⲟⲡ⳿ ⲛⲙⲙⲁ ϥ ·,ⲡⲉϫⲉ ⲓⲏⲥⲟⲩⲥ ϫⲉ ⲡ ⲙⲁ ⲉⲣⲉ ⲟⲩⲛ ϣⲟⲙⲧ ⲛ ⲛⲟⲩⲧⲉ ⲙⲙⲁⲩ ⲟⲩ ⲛⲟⲩⲧⲉ ⲡⲉ ⲡ ⲙⲁ ⲉⲣⲉ ⲟⲩⲛ ⲥⲛⲁⲩ ⲏ ⲟⲩⲁ ⲁⲛⲟⲕ ⲁⲛⲟⲕ ϣⲱⲡⲉ ⲙⲛ ⲛⲧⲟϥ ·,VBD NPROP CONJ ART N CCIRC EXIST NUM PREP N ADV ART N COP ART N CCIRC EXIST NUM CONJ NUM PPERI PPERS VSTAT PREP PPERO PUNCT
31,18,18,ⲡⲉϫⲉ ⲓ︤ⲥ︥ ⲙⲛ̄ ⲡⲣⲟⲫⲏⲧⲏⲥ ϣⲏⲡ · ϩⲙ̄ ⲡⲉϥ ϯⲙⲉ ⲙⲁⲣⲉ ⲥⲟⲉⲓⲛ ⲣ̄ⲑⲉⲣⲁⲡⲉⲩⲉ ⲛ̄ ⲛ ⲉⲧ⳿ ⲥⲟⲟⲩⲛ ⲙ̄ⲙⲟ ϥ⳿,ⲡⲉϫⲉ ⲓⲏⲥⲟⲩⲥ ⲙⲛ ⲡⲣⲟⲫⲏⲧⲏⲥ ϣⲱⲡ · ϩⲛ ⲡⲉϥ ϯⲙⲉ ⲙⲉⲣⲉ ⲥⲟⲓⲛ ⲣⲑⲉⲣⲁⲡⲉⲩⲉ ⲛ ⲡ ⲉⲧⲉⲣⲉ ⲥⲟⲟⲩⲛ ⲛ ⲛⲧⲟϥ,VBD NPROP EXIST N VSTAT PUNCT PREP PPOS N ANEGAOR N V PREP ART CREL V PREP PPERO
32,30,30,ⲡⲉϫⲉ ⲓ︤ⲥ︥ ϫⲉ ⲟⲩ ⲡⲟⲗⲓⲥ ⲉ ⲩ ⲕⲱⲧ ⲙ̄ⲙⲟ ⲥ ϩⲓϫⲛ̄ ⲟⲩ ⲧⲟⲟⲩ ⲉ ϥ ϫⲟⲥⲉ ⲉ ⲥ ⲧⲁϫⲣⲏⲩ ⲙⲛ̄ ϭⲟⲙ ⲛ̄ ⲥ ϩⲉ ⲟⲩⲇⲉ ⲥ ⲛⲁ ϣ ϩⲱⲡ⳿ ⲁⲛ,ⲡⲉϫⲉ ⲓⲏⲥⲟⲩⲥ ϫⲉ ⲟⲩ ⲡⲟⲗⲓⲥ ⲉⲣⲉ ⲛⲧⲟⲟⲩ ⲕⲱⲧ ⲛ ⲛⲧⲟⲥ ϩⲓϫⲛ ⲟⲩ ⲧⲟⲟⲩ ⲉⲣⲉ ⲛⲧⲟϥ ϫⲓⲥⲉ ⲉⲣⲉ ⲛⲧⲟⲥ ⲧⲁϫⲣⲟ ⲙⲛ ϭⲟⲙ ⲛⲧⲉ ⲛⲧⲟⲥ ϩⲉ ⲟⲩⲇⲉ ⲛⲧⲟⲥ ⲛⲁ ϣ ϩⲱⲡ ⲟⲛ,VBD NPROP CONJ ART N CCIRC PPERS V PREP PPERO PREP ART N CCIRC PPERS VSTAT CCIRC PPERS VSTAT EXIST N ACONJ PPERS V CONJ PPERS FUT V V ADV
33,74,74,ⲡⲉϫⲉ ⲓ︤ⲥ︥ ⲡ ⲉⲧ⳿ ⲕ ⲛⲁ ⲥⲱⲧⲙ̄ ⲉⲣⲟ ϥ ϩⲙ̄ ⲡⲉⲕ⳿ ⲙⲁⲁϫⲉ ϩⲙ̄ ⲡ ⲕⲉ ⲙⲁⲁϫⲉ ⲧⲁϣⲉⲟⲉⲓϣ⳿ ⲙ̄ⲙⲟ ϥ · ϩⲓϫⲛ̄ ⲛⲉⲧⲛ ϫⲉⲛⲉⲡⲱⲣ⳿ ⲙⲁⲣⲉ ⲗⲁⲁⲩ⳿ · ⲅⲁⲣ ϫⲉⲣⲉ ϩⲏⲃ︤ⲥ︥ ⲛ̄ ϥ⳿ ⲕⲁⲁ ϥ · ϩⲁ ⲙⲁⲁϫⲉ ⲟⲩⲇⲉ ⲙⲁ ϥ ⲕⲁⲁ ϥ · ϩⲙ̄ ⲙⲁ ⲉ ϥ ϩⲏⲡ⳿ · ⲁⲗⲗⲁ ⲉ ϣⲁⲣⲉ ϥ ⲕⲁⲁ ϥ⳿ ϩⲓϫⲛ̄ ⲧ ⲗⲩⲭⲛⲓⲁ ϫⲉⲕⲁⲁⲥ ⲟⲩⲟⲛ ⲛⲓⲙ⳿ ⲉⲧ ⲃⲏⲕ⳿ ⲉϩⲟⲩⲛ ⲁⲩⲱ ⲉⲧ ⲛ̄ⲛⲏⲩ ⲉⲃⲟⲗ ⲉ ⲩ ⲛⲁ ⲛⲁⲩ ⲁ ⲡⲉϥ ⲟⲩⲟⲉⲓⲛ,ⲡⲉϫⲉ ⲓⲏⲥⲟⲩⲥ ⲡ ⲉⲧⲉⲣⲉ ⲛⲧⲟⲕ ⲛⲁ ⲥⲱⲧⲙ ⲉ ⲛⲧⲟϥ ϩⲛ ⲡⲉⲕ ⲙⲁⲁϫⲉ ϩⲛ ⲡ ⲕⲉ ⲙⲁⲁϫⲉ ⲧⲁϣⲉⲟⲉⲓϣ ⲛ ⲛⲧⲟϥ · ϩⲓϫⲛ ⲡⲉⲧⲛ ϫⲉⲛⲉⲡⲱⲣ ⲙⲉⲣⲉ ⲗⲁⲁⲩ · ⲅⲁⲣ ϫⲉⲣⲟ ϩⲏⲃⲥ ⲛⲧⲉ ⲛⲧⲟϥ ⲕⲱ ⲛⲧⲟϥ · ϩⲁ ⲙⲁⲁϫⲉ ⲟⲩⲇⲉ ⲙⲉⲣⲉ ⲛⲧⲟϥ ⲕⲱ ⲛⲧⲟϥ · ϩⲛ ⲙⲁ ⲉⲣⲉ ⲛⲧⲟϥ ϩⲱⲡ · ⲁⲗⲗⲁ ⲉⲣⲉ ϣⲁⲣⲉ ⲛⲧⲟϥ ⲕⲱ ⲛⲧⲟϥ ϩⲓϫⲛ ⲡ ⲗⲩⲭⲛⲓⲁ ϫⲉⲕⲁⲁⲥ ⲟⲩⲟⲛ ⲛⲓⲙ ⲉⲧⲉⲣⲉ ⲃⲱⲕ ⲉϩⲟⲩⲛ ⲁⲩⲱ ⲉⲧⲉⲣⲉ ⲉⲓ ⲉⲃⲟⲗ ⲉⲣⲉ ⲛⲧⲟⲟⲩ ⲛⲁ ⲛⲁⲩ ⲉ ⲡⲉϥ ⲟⲩⲟⲉⲓⲛ,VBD NPROP ART CREL PPERS FUT V PREP PPERO PREP PPOS N PREP ART ART N V PREP PPERO PUNCT PREP PPOS N ANEGAOR N PUNCT PTC V N ACONJ PPERS V PPERO PUNCT PREP N CONJ ANEGAOR PPERS V PPERO PUNCT PREP N CCIRC PPERS VSTAT PUNCT CONJ CFOC
34,27,27,ⲡⲉϫⲉ ⲓ︤ⲥ︥ ϫⲉ ⲟⲩ ⲃⲗ︦ⲗⲉ ⲉϥϣⲁⲛ⳿ ⲥⲱⲕ⳿ ϩⲏⲧ ϥ⳿ ⲛ̄ⲛ ⲟⲩ ⲃⲗ︦ⲗⲉ ϣⲁ ⲩ ϩⲉ ⲙ̄ ⲡⲉ ⲥⲛⲁⲩ⳿ · ⲉ ⲡ ⲉⲥⲏⲧ · ⲉ ⲩ ϩⲓⲉⲓⲧ⳿ ·,ⲡⲉϫⲉ ⲓⲏⲥⲟⲩⲥ ϫⲉ ⲟⲩ ⲃⲗⲗⲉ ⲉⲣϣⲁⲛ_ⲛⲧⲟϥ ⲥⲱⲕ ϩⲏⲧ ⲛⲧⲟϥ ⲛ ⲟⲩ ⲃⲗⲗⲉ ϣⲁⲣⲉ ⲛⲧⲟⲟⲩ ϩⲉ ⲛ ⲡ ⲥⲛⲁⲩ · ⲉ ⲡ ⲉⲥⲏⲧ · ⲉ ⲟⲩ ϩⲓⲉⲓⲧ ·,VBD NPROP CONJ ART N ACOND_PPERS V N PPERO PREP ART N AAOR PPERS V PREP ART N PUNCT PREP ART N PUNCT PREP ART N PUNCT
35,35,35,ⲡⲉϫⲉ ⲓ︤ⲥ︥ ⲙⲛ̄ ϭⲟⲙ⳿ ⲛ̄ⲧⲉ ⲟⲩⲁ ⲃⲱⲕ⳿ ⲉϩⲟⲩⲛ ⲉ ⲡ ⲏⲉⲓ ⲙ̄ ⲡ ϫⲱⲱⲣⲉ ⲛ̄ ϥ ϫⲓⲧ ϥ⳿ ⲛ̄ ϫⲛⲁϩ ⲉⲓⲙⲏⲧⲓ ⲛ̄ ϥ ⲙⲟⲩⲣ ⲛ̄ ⲛⲉϥ ϭⲓϫ⳿ ⲧⲟⲧⲉ ϥ ⲛⲁ ⲡⲱⲱⲛⲉ ⲉⲃⲟⲗ ⲙ̄ ⲡⲉϥ ⲏⲉⲓ,ⲡⲉϫⲉ ⲓⲏⲥⲟⲩⲥ ⲙⲛ ϭⲟⲙ ⲛⲧⲉ ⲟⲩⲁ ⲃⲱⲕ ⲉϩⲟⲩⲛ ⲉ ⲡ ⲏⲓ ⲛ ⲡ ϫⲱⲱⲣⲉ ⲛⲧⲉ ⲛⲧⲟϥ ϫⲓ ⲛⲧⲟϥ ⲛ ϫⲛⲁϩ ⲉⲓⲙⲏⲧⲓ ⲛⲧⲉ ⲛⲧⲟϥ ⲙⲟⲩⲣ ⲛ ⲡⲉϥ ϭⲓϫ ⲧⲟⲧⲉ ⲛⲧⲟϥ ⲛⲁ ⲡⲱⲱⲛⲉ ⲉⲃⲟⲗ ⲛ ⲡⲉϥ ⲏⲓ,VBD NPROP EXIST N ACONJ NUM V ADV PREP ART N PREP ART N ACONJ PPERS V PPERO PREP N CONJ ACONJ PPERS V PREP PPOS N ADV PPERS FUT V ADV PREP PPOS N
36,23,23,ⲡⲉϫⲉ ⲓ︤ⲥ︥ ⲙⲛ̄ ϥⲓⲣⲟⲟⲩϣ ϫⲓ(ⲛ) ϩⲧⲟⲟⲩⲉ ϣⲁ ⲣⲟⲩϩⲉ ⲁⲩⲱ ϫⲓⲛ ϩⲓⲣⲟⲩϩⲉ ϣⲁ ϩⲧⲟⲟⲩⲉ ϫⲉ ⲟⲩ ⲡ ⲉ⟨ⲧ⟩ ⲉⲧⲛ ⲁ ⲧⲁⲁ ϥ ϩⲓⲱⲧ⳿ ⲧⲏⲩⲧⲛ̄,ⲡⲉϫⲉ ⲓⲏⲥⲟⲩⲥ ⲙⲡⲣ ϥⲓⲣⲟⲟⲩϣ ϫⲓⲛ ϩⲧⲟⲟⲩⲉ ϣⲁ ⲣⲟⲩϩⲉ ⲁⲩⲱ ϫⲓⲛ ϩⲓⲣⲟⲩϩⲉ ϣⲁ ϩⲧⲟⲟⲩⲉ ϫⲉ ⲟⲩ ⲡ ⲉⲧⲉⲣⲉ ⲛⲧⲱⲧⲛ ⲛⲁ ϯ ⲛⲧⲟϥ ϩⲓⲱⲧ ⲛⲧⲱⲧⲛ,VBD NPROP NEG V PREP N PREP N CONJ PREP N PREP N CONJ PINT ART CREL PPERS FUT V PPERO PREP PPERO
37,84,84,ⲡⲉϫⲉ ⲛⲉϥ ⲙⲁⲑⲏⲧⲏⲥ ϫⲉ ⲁϣ ⲛ̄ ϩⲟⲟⲩ ⲉ ⲕ ⲛⲁ ⲟⲩⲱⲛϩ ⲉⲃⲟⲗ ⲛⲁ ⲛ ⲁⲩⲱ ⲁϣ ⲛ̄ ϩⲟⲟⲩ ⲉ ⲛ ⲁ ⲛⲁⲩ ⲉⲣⲟ ⲕ⳿ ⲡⲉϫⲉ ⲓ︤ⲥ︥ ϫⲉ ϩⲟⲧⲁⲛ ⲉⲧⲉⲧⲛ̄ϣⲁ ⲕⲉⲕ ⲧⲏⲩⲧⲛ̄ ⲉϩⲏⲩ ⲙ̄ⲡⲉ ⲧⲛ̄ ϣⲓⲡⲉ ⲁⲩⲱ ⲛ̄ⲧⲉ ⲧⲛ̄ ϥⲓ ⲛ̄ ⲛⲉⲧⲛ̄ ϣⲧⲏⲛ ⲛ̄ⲧⲉ ⲧⲛ̄ ⲕⲁⲁ ⲩ ϩⲁ ⲡ ⲉⲥⲏⲧ⳿ · ⲛ̄ ⲛⲉⲧⲛ̄ ⲟⲩⲉⲣⲏⲧⲉ ⲛ̄ ⲑ ⲉ ⲛ̄ ⲛⲓ ⲕⲟⲩⲉⲓ ⲛ̄ ϣⲏⲣⲉ ϣⲏⲙ⳿ ⲛ̄ⲧⲉ ⲧⲛ̄ ϫⲟⲡϫ︦ⲡ︦ · ⲙ̄ⲙⲟ ⲟⲩ ⲧⲟⲧ[ⲉ] [ⲧⲉⲧⲛ̄] ⲁ ⲛⲁⲩ ⲉ ⲡ ϣⲏⲣⲉ ⲙ̄ ⲡ ⲉⲧ ⲟⲛϩ ⲁⲩⲱ ⲧⲉⲧⲛ ⲁ ⲣ̄ϩⲟⲧⲉ ⲁⲛ,ⲡⲉϫⲉ ⲡⲉϥ ⲙⲁⲑⲏⲧⲏⲥ ϫⲉ ⲁϣ ⲛ ϩⲟⲟⲩ ⲉⲣⲉ ⲛⲧⲟⲕ ⲛⲁ ⲟⲩⲱⲛϩ ⲉⲃⲟⲗ ⲛⲁ ⲁⲛⲟⲛ ⲁⲩⲱ ⲁϣ ⲛ ϩⲟⲟⲩ ⲉⲣⲉ ⲁⲛⲟⲛ ⲛⲁ ⲛⲁⲩ ⲉ ⲛⲧⲟⲕ ⲡⲉϫⲉ ⲓⲏⲥⲟⲩⲥ ϫⲉ ϩⲟⲧⲁⲛ ⲉⲣϣⲁⲛ_ⲛⲧⲱⲧⲛ ⲕⲱⲕ ⲛⲧⲱⲧⲛ ⲁϩⲏⲩ ⲙⲡⲉ ⲛⲧⲱⲧⲛ ϣⲓⲡⲉ ⲁⲩⲱ ⲛⲧⲉ ⲛⲧⲱⲧⲛ ϥⲓ ⲛ ⲡⲉⲧⲛ ϣⲧⲏⲛ ⲛⲧⲉ ⲛⲧⲱⲧⲛ ⲕⲱ ⲛⲧⲟⲟⲩ ϩⲁ ⲡ ⲉⲥⲏⲧ · ⲛ ⲡⲉⲧⲛ ⲟⲩⲉⲣⲏⲧⲉ ⲛ ⲡ ϩⲉ ⲛ ⲡⲓ ⲕⲟⲩⲓ ⲛ ϣⲏⲣⲉ ϣⲏⲙ ⲛⲧⲉ ⲛⲧⲱⲧⲛ ϩϫⲟⲡϫⲡ · ⲛ ⲛⲧⲟⲟⲩ ⲧⲟⲧⲉ ⲛⲧⲱⲧⲛ ⲛⲁ ⲛⲁⲩ ⲉ ⲡ ϣⲏⲣⲉ ⲛ ⲡ ⲉⲧⲉⲣⲉ ⲱⲛϩ ⲁⲩⲱ ⲛⲧⲱⲧⲛ ⲛⲁ ⲣϩⲟⲧⲉ ⲁⲛ,VBD PPOS N CONJ PINT PREP N CFOC PPERS FUT V ADV PREP PPERO CONJ PINT PREP N CFOC PPERS FUT V PREP PPERO VBD NPROP CONJ CONJ ACOND_PPERS V PPERO ADV ANEGPST PPERS V CONJ ACONJ PPERS V PREP PPOS N ACONJ PPERS V PPERO PREP ART N PUNCT
38,50,50,ⲡⲉϫⲉ ⲓ︤ⲥ︥ ϫⲉ ϩⲁϩ ⲛ̄ ⲥⲟⲡ · ⲁ ⲧⲉⲧⲛ̄ ⲣ̄ⲉⲡⲓⲑⲩⲙⲉⲓ ⲉ ⲥⲱⲧⲙ̄ ⲁ ⲛⲉⲉⲓ ϣⲁϫⲉ ⲛⲁⲉⲓ · ⲉ ϯ ϫⲱ ⲙ̄ⲙⲟ ⲟⲩ ⲛⲏ ⲧⲛ̄ ⲁⲩⲱ ⲙⲛ̄ⲧⲏ ⲧⲛ̄ ⲕⲉ ⲟⲩⲁ ⲉ ⲥⲟⲧⲙ ⲟⲩ ⲛ̄ⲧⲟⲟⲧ ϥ︦ ⲟⲩⲛ̄ ϩⲛ̄ ϩⲟⲟⲩ ⲛⲁ ϣⲱⲡⲉ ⲛ̄ⲧⲉ ⲧⲛ̄ ϣⲓⲛⲉ ⲛ̄ⲥⲱ ⲉⲓ ⲧⲉⲧⲛ ⲁ ϩⲉ ⲁⲛ⳿ ⲉⲣⲟ ⲉⲓ⳿,ⲡⲉϫⲉ ⲓⲏⲥⲟⲩⲥ ϫⲉ ϩⲁϩ ⲛ ⲥⲟⲡ · ⲁ ⲛⲧⲱⲧⲛ ⲣⲉⲡⲓⲑⲩⲙⲉⲓ ⲉ ⲥⲱⲧⲙ ⲁ ⲡⲉⲓ ϣⲁϫⲉ ⲡⲁⲓ · ⲉⲧⲉⲣⲉ ⲁⲛⲟⲕ ϫⲱ ⲛ ⲛⲧⲟⲟⲩ ⲛⲁ ⲛⲧⲱⲧⲛ ⲁⲩⲱ ⲙⲛⲧⲁ ⲛⲧⲱⲧⲛ ⲕⲉ ⲟⲩⲁ ⲉ ⲥⲱⲧⲙ ⲛⲧⲟⲟⲩ ⲛ̄ⲧⲛ̄ ⲛⲧⲟϥ ⲟⲩⲛ ϩⲉⲛ ϩⲟⲟⲩ ⲛⲁ ϣⲱⲡⲉ ⲛⲧⲉ ⲛⲧⲱⲧⲛ ϣⲓⲛⲉ ⲛⲥⲁ ⲁⲛⲟⲕ ⲛⲧⲱⲧⲛ ⲛⲁ ϩⲉ ⲁⲛ ⲉ ⲁⲛⲟⲕ,VBD NPROP CONJ N PREP N PUNCT APST PPERS V PREP V PREP PDEM N PDEM PUNCT CREL PPERS V PREP PPERO PREP PPERO CONJ EXIST PPERO ART NUM PREP V PPERO PREP N EXIST ART N FUT V ACONJ PPERS V PREP PPERO PPERS FUT V NEG PREP PPERO
39,57,57,ⲡⲉϫⲉ ⲓ︤ⲥ︥ ϫⲉ ⲙ̄ ⲫⲁⲣⲓⲥⲁⲓⲟⲥ ⲙⲛ̄ ⲛ ⲅⲣⲁⲙⲙⲁⲧⲉⲩⲥ ⲁ ⲩ ϫⲓ ⲛ̄ ϣⲁϣⲧ⳿ · ⲛ̄ ⲧ ⲅⲛⲱⲥⲓⲥ ⲁ ⲩ ϩⲟⲡ ⲟⲩ ⲟⲩⲧⲉ ⲙ̄ⲡ ⲟⲩ ⲃⲱⲕ⳿ ⲉϩⲟⲩⲛ ⲁⲩⲱ ⲛ ⲉⲧ ⲟⲩⲱϣ ⲉ ⲃⲱⲕ⳿ ⲉϩⲟⲩⲛ ⲙ̄ⲡ ⲟⲩ ⲕⲁⲁ ⲩ ⲛ̄ⲧⲱⲧⲛ̄ ⲇⲉ ϣⲱⲡⲉ ⲙ̄ ⲫⲣⲟⲛⲓⲙⲟⲥ ⲛ̄ ⲑ ⲉ ⲛ̄ ⲛ ϩⲟϥ⳿ ⲁⲩⲱ ⲛ̄ ⲁⲕⲉⲣⲁⲓⲟⲥ ⲛ̄ ⲑ ⲉ ⲛ̄ ⲛ̄ ϭⲣⲟⲙ⳿ⲡⲉ,ⲡⲉϫⲉ ⲓⲏⲥⲟⲩⲥ ϫⲉ ⲡ ⲫⲁⲣⲓⲥⲁⲓⲟⲥ ⲙⲛ ⲡ ⲅⲣⲁⲙⲙⲁⲧⲉⲩⲥ ⲁ ⲛⲧⲟⲟⲩ ϫⲓ ⲛ ϣⲁϣⲧ · ⲛ ⲡ ⲅⲛⲱⲥⲓⲥ ⲁ ⲛⲧⲟⲟⲩ ϩⲱⲡ ⲛⲧⲟⲟⲩ ⲟⲩⲧⲉ ⲙⲡⲉ ⲛⲧⲟⲟⲩ ⲃⲱⲕ ⲉϩⲟⲩⲛ ⲁⲩⲱ ⲡ ⲉⲧⲉⲣⲉ ⲟⲩⲱϣ ⲉ ⲃⲱⲕ ⲉϩⲟⲩⲛ ⲙⲡⲉ ⲛⲧⲟⲟⲩ ⲕⲱ ⲛⲧⲟⲟⲩ ⲛⲧⲱⲧⲛ ⲇⲉ ϣⲱⲡⲉ ⲛ ⲫⲣⲟⲛⲓⲙⲟⲥ ⲛ ⲡ ϩⲉ ⲛ ⲡ ϩⲟϥ ⲁⲩⲱ ⲛ ⲁⲕⲉⲣⲁⲓⲟⲥ ⲛ ⲡ ϩⲉ ⲛ ⲡ ϭⲣⲟⲙⲡⲉ,VBD NPROP CONJ ART N PREP ART N APST PPERS V PREP N PUNCT PREP ART N APST PPERS V PPERO CONJ ANEGPST PPERS V ADV CONJ ART CREL V PREP V ADV ANEGPST PPERS V PPERO PPERI PTC V PREP N PREP ART N PREP ART N CONJ PREP
40,33,33,ⲡⲉϫⲉ ⲓ︤ⲥ︥ ⲟⲩ ⲃⲉ ⲛ ⲉⲗⲟⲟⲗⲉ ⲁ ⲩ ⲧⲟϭ ⲥ ⲙ̄ ⲡ ⲥⲁ ⲛ ⲃⲟⲗ ⲙ̄ ⲡ ⲉⲓⲱⲧ⳿ ⲁⲩⲱ ⲉ ⲥ ⲧⲁ⳿ϫⲣⲏⲩ ⲁⲛ ⲥⲉ ⲛⲁ ⲡⲟⲣⲕ ⲥ︦ ϩⲁ ⲧⲉⲥ ⲛⲟⲩⲛⲉ ⲛ̄ ⲥ ⲧⲁⲕⲟ,ⲡⲉϫⲉ ⲓⲏⲥⲟⲩⲥ ⲟⲩ ⲃⲁ ⲡ ⲉⲗⲟⲟⲗⲉ ⲁ ⲛⲧⲟⲟⲩ ⲧⲱⲱϭⲉ ⲛⲧⲟⲥ ⲛ ⲡ ⲥⲁ ⲛ ⲃⲟⲗ ⲛ ⲡ ⲉⲓⲱⲧ ⲁⲩⲱ ⲉⲣⲉ ⲛⲧⲟⲥ ⲧⲁϫⲣⲟ ⲁⲛ ⲛⲧⲟⲟⲩ ⲛⲁ ⲡⲱⲣⲕ ⲛⲧⲟⲥ ϩⲁ ⲡⲉⲥ ⲛⲟⲩⲛⲉ ⲛⲧⲉ ⲛⲧⲟⲥ ⲧⲁⲕⲟ,VBD NPROP ART N PREP N APST PPERS V PPERO PREP ART N PREP N PREP ART N CONJ CCIRC PPERS VSTAT NEG PPERS FUT V PPERO PREP PPOS N ACONJ PPERS V
41,33,33,ⲡⲉϫⲉ ⲓ︤ⲥ︥ ϫⲉ ⲡ ⲉⲧⲉ ⲩⲛⲧⲁ ϥ · ϩⲛ̄ ⲧⲉϥ⳿ ϭⲓϫ ⲥⲉ ⲛⲁ ϯ ⲛⲁ ϥ⳿ ⲁⲩⲱ ⲡ ⲉⲧⲉ ⲙⲛ̄ⲧⲁ ϥ ⲡ ⲕⲉ ϣⲏⲙ ⲉⲧ ⲟⲩⲛ̄ⲧⲁ ϥ⳿ ⲥⲉ ⲛⲁ ϥⲓⲧ ϥ̄ ⲛ̄ⲧⲟⲟⲧ ϥ̄,ⲡⲉϫⲉ ⲓⲏⲥⲟⲩⲥ ϫⲉ ⲡ ⲉⲧⲉⲣⲉ ⲟⲩⲛⲧⲁ ⲛⲧⲟϥ · ϩⲛ ⲡⲉϥ ϭⲓϫ ⲛⲧⲟⲟⲩ ⲛⲁ ϯ ⲛⲁ ⲛⲧⲟϥ ⲁⲩⲱ ⲡ ⲉⲧⲉⲣⲉ ⲙⲛⲧⲁ ⲛⲧⲟϥ ⲡ ⲕⲉ ϣⲏⲙ ⲉⲧⲉⲣⲉ ⲟⲩⲛⲧⲁ ⲛⲧⲟϥ ⲛⲧⲟⲟⲩ ⲛⲁ ϥⲓ ϥ ⲛⲧⲛ ⲛⲧⲟϥ,VBD NPROP CONJ ART CREL EXIST PPERO PUNCT PREP PPOS N PPERS FUT V PREP PPERO CONJ ART CREL EXIST PPERO ART ART N CREL EXIST PPERO PPERS FUT V PPERO PREP PPERO
42,7,7,ⲡⲉϫⲉ ⲓ︤ⲥ︥ ϫⲉ ϣⲱⲡⲉ ⲉ ⲧⲉⲧⲛ ⲣ̄ⲡⲁⲣⲁⲅⲉ,ⲡⲉϫⲉ ⲓⲏⲥⲟⲩⲥ ϫⲉ ϣⲱⲡⲉ ⲉⲣⲉ ⲛⲧⲱⲧⲛ ⲣⲡⲁⲣⲁⲅⲉ,VBD NPROP CONJ V CCIRC PPERS V
43,65,65,ⲡⲉϫⲁ ⲩ ⲛⲁ ϥ⳿ ⲛ̄ϭⲓ ⲛⲉϥ⳿ ⲙⲁⲑⲏⲧⲏⲥ ϫⲉ ⲛ̄ⲧⲁⲕ ⲛⲓⲙ⳿ ⲉ ⲕ ϫⲱ ⲛ̄ ⲛⲁⲓ̈ ⲛⲁ ⲛ⳿ ϩⲛ̄ ⲛ ⲉ ϯ ϫⲱ ⲙ̄ⲙⲟ ⲟⲩ ⲛⲏ ⲧⲛ̄ ⲛ̄ⲧⲉⲧⲛ̄ ⲉⲓⲙⲉ ⲁⲛ ϫⲉ ⲁⲛⲟⲕ⳿ ⲛⲓⲙ ⲁⲗⲗⲁ ⲛ̄ⲧⲱⲧⲛ̄ ⲁ ⲧⲉⲧⲛ̄ ϣⲱⲡⲉ ⲛ̄ ⲑ ⲉ ⲛ̄ ⲛⲓ ⲓ̈ⲟⲩⲇⲁⲓⲟⲥ ϫⲉ ⲥⲉ ⲙⲉ ⲙ̄ ⲡ ϣⲏⲛ ⲥⲉ ⲙⲟⲥⲧⲉ ⲙ̄ ⲡⲉϥ ⲕⲁⲣⲡⲟⲥ ⲁⲩⲱ ⲥⲉ ⲙⲉ ⲙ̄ ⲡ ⲕⲁⲣⲡⲟⲥ ⲥⲉ ⲙⲟⲥⲧⲉ ⲙ̄ ⲡ ϣⲏⲛ,ⲡⲉϫⲉ ⲛⲧⲟⲟⲩ ⲛⲁ ⲛⲧⲟϥ ⲛϭⲓ ⲡⲉϥ ⲙⲁⲑⲏⲧⲏⲥ ϫⲉ ⲛⲧⲁⲕ ⲛⲓⲙ ⲉⲣⲉ ⲛⲧⲟⲕ ϫⲱ ⲛ ⲡⲁⲓ ⲛⲁ ⲁⲛⲟⲛ ϩⲛ ⲡ ⲉⲧⲉⲣⲉ ⲁⲛⲟⲕ ϫⲱ ⲛ ⲛⲧⲟⲟⲩ ⲛⲁ ⲛⲧⲱⲧⲛ ⲛⲧⲱⲧⲛ ⲉⲓⲙⲉ ⲁⲛ ϫⲉ ⲁⲛⲟⲕ ⲛⲓⲙ ⲁⲗⲗⲁ ⲛⲧⲱⲧⲛ ⲁ ⲛⲧⲱⲧⲛ ϣⲱⲡⲉ ⲛ ⲡ ϩⲉ ⲛ ⲡⲓ ⲓⲟⲩⲇⲁⲓⲟⲥ ϫⲉ ⲛⲧⲟⲟⲩ ⲙⲉ ⲛ ⲡ ϣⲏⲛ ⲛⲧⲟⲟⲩ ⲙⲟⲥⲧⲉ ⲛ ⲡⲉϥ ⲕⲁⲣⲡⲟⲥ ⲁⲩⲱ ⲛⲧⲟⲟⲩ ⲙⲉ ⲛ ⲡ ⲕⲁⲣⲡⲟⲥ ⲛⲧⲟⲟⲩ ⲙⲟⲥⲧⲉ ⲛ ⲡ ϣⲏⲛ,VBD PPERS PREP PPERO PTC PPOS N CONJ PPERI PINT CCIRC PPERS V PREP PDEM PREP PPERO PREP ART CREL PPERS V PREP PPERO PREP PPERO PPERI V NEG CONJ PPERI PINT CONJ PPERI APST PPERS V PREP ART N PREP PDEM N CONJ PPERS V PREP ART N PPERS
44,55,55,ⲡⲉϫⲉ ⲓ︤ⲥ︥ ϫⲉ ⲡ ⲉⲧ ⲁ ϫⲉⲟⲩⲁ ⲁ ⲡ ⲉⲓⲱⲧ⳿ ⲥⲉ ⲛⲁ ⲕⲱ ⲉⲃⲟⲗ ⲛⲁ ϥ⳿ ⲁⲩⲱ ⲡ ⲉⲧ ⲁ ϫⲉⲟⲩⲁ ⲉ ⲡ ϣⲏⲣⲉ ⲥⲉ ⲛⲁ ⲕⲱ ⲉⲃⲟⲗ ⲛⲁ ϥ⳿ ⲡ ⲉⲧ ⲁ ϫⲉⲟⲩⲁ ⲇⲉ ⲁ ⲡ ⲡⲛ︤ⲁ︥ ⲉⲧ ⲟⲩⲁⲁⲃ ⲥⲉ ⲛⲁ ⲕⲱ ⲁⲛ ⲉⲃⲟⲗ ⲛⲁ ϥ⳿ ⲟⲩⲧⲉ ϩⲙ̄ ⲡ ⲕⲁϩ ⲟⲩⲧⲉ ϩⲛ̄ ⲧ ⲡⲉ,ⲡⲉϫⲉ ⲓⲏⲥⲟⲩⲥ ϫⲉ ⲡ ⲉⲧⲉⲣⲉ ⲛⲁ ϫⲓⲟⲩⲁ ⲁ ⲡ ⲉⲓⲱⲧ ⲛⲧⲟⲟⲩ ⲛⲁ ⲕⲱ ⲉⲃⲟⲗ ⲛⲁ ⲛⲧⲟϥ ⲁⲩⲱ ⲡ ⲉⲧⲉⲣⲉ ⲛⲁ ϫⲓⲟⲩⲁ ⲉ ⲡ ϣⲏⲣⲉ ⲛⲧⲟⲟⲩ ⲛⲁ ⲕⲱ ⲉⲃⲟⲗ ⲛⲁ ⲛⲧⲟϥ ⲡ ⲉⲧⲉⲣⲉ ⲛⲁ ϫⲓⲟⲩⲁ ⲇⲉ ⲉ ⲡ ⲡⲛⲉⲩⲙⲁ ⲉⲧⲉⲣⲉ ⲟⲩⲟⲡ ⲛⲧⲟⲟⲩ ⲛⲁ ⲕⲱ ⲁⲛ ⲉⲃⲟⲗ ⲛⲁ ⲛⲧⲟϥ ⲟⲩⲧⲉ ϩⲛ ⲡ ⲕⲁϩ ⲟⲩⲧⲉ ϩⲛ ⲡ ⲡⲉ,VBD NPROP CONJ ART CREL FUT V APST ART N PPERS FUT V ADV PREP PPERO CONJ ART CREL FUT V PREP ART N PPERS FUT V ADV PREP PPERO ART CREL FUT V PTC PREP ART N CREL VSTAT PPERS FUT V NEG ADV PREP PPERO CONJ PREP ART
45,79,79,ⲡⲉϫⲉ ⲓ︤ⲥ︥ ⲙⲁ ⲩ ϫⲉⲗⲉ ⲉⲗⲟⲟⲗⲉ ⲉⲃⲟⲗ ϩⲛ̄ ϣⲟⲛⲧⲉ ⲟⲩⲧⲉ ⲙⲁ ⲩ ⲕⲱⲧϥ⳿ ⲕⲛ̄ⲧⲉ ⲉⲃⲟⲗ ϩⲛ̄ ⲥⲣ̄ϭⲁⲙⲟⲩⲗ⳿ ⲙⲁ ⲩ ϯ ⲕⲁⲣⲡⲟⲥ ⲅⲁⲣ [ⲟⲩ ⲁ]ⲅⲁⲑⲟⲥ ⲣ̄ ⲣⲱⲙⲉ ϣⲁ ϥ ⲉⲓⲛⲉ ⲛ̄ ⲟⲩ ⲁⲅⲁⲑⲟⲛ ⲉⲃⲟⲗ ϩⲙ ⲡⲉϥ ⲉϩⲟ ⲟⲩ ⲕⲁ[ⲕⲟ]ⲥ ⲣ̄ ⲣⲱⲙⲉ ϣⲁ ϥ ⲉⲓⲛⲉ ⲛ̄ ϩⲛ̄ ⲡⲟⲛⲏⲣⲟⲛ ⲉⲃⲟⲗ ϩⲙ̄ ⲡⲉϥ ⲉϩⲟ ⲉⲑ ⲟⲟⲩ ⲉⲧ ϩⲛ̄ ⲡⲉϥ ϩⲏⲧ⳿ ⲁⲩⲱ ⲛ̄ ϥ ϫⲱ ⲛ̄ ϩⲛ̄ ⲡⲟⲛⲏⲣⲟⲛ ⲉⲃⲟⲗ ⲅⲁⲣ ϩⲙ̄ ⲫ ⲟⲩⲟ ⲙ ⲫ ⲏⲧ⳿ ϣⲁ ϥ · ⲉⲓⲛⲉ ⲉⲃⲟⲗ ⲛ̄ ϩⲛ̄ ⲡⲟⲛⲏⲣⲟⲛ,ⲡⲉϫⲉ ⲓⲏⲥⲟⲩⲥ ⲙⲉⲣⲉ ⲛⲧⲟⲟⲩ ϫⲱⲱⲗⲉ ⲉⲗⲟⲟⲗⲉ ⲉⲃⲟⲗ ϩⲛ ϣⲟⲛⲧⲉ ⲟⲩⲧⲉ ⲙⲉⲣⲉ ⲛⲧⲟⲟⲩ ⲕⲱⲧϥ ⲕⲛⲧⲉ ⲉⲃⲟⲗ ϩⲛ ⲥⲉⲣϭⲁⲙⲟⲩⲗ ⲙⲉⲣⲉ ⲛⲧⲟⲟⲩ ϯ ⲕⲁⲣⲡⲟⲥ ⲅⲁⲣ ⲟⲩ ⲁⲅⲁⲑⲟⲥ ⲛ ⲣⲱⲙⲉ ϣⲁⲣⲉ ⲛⲧⲟϥ ⲉⲓⲛⲉ ⲛ ⲟⲩ ⲁⲅⲁⲑⲟⲛ ⲉⲃⲟⲗ ϩⲛ ⲡⲉϥ ⲁϩⲟ ⲟⲩ ⲕⲁⲕⲟⲥ ⲛ ⲣⲱⲙⲉ ϣⲁⲣⲉ ⲛⲧⲟϥ ⲉⲓⲛⲉ ⲛ ⲟⲩ ⲡⲟⲛⲏⲣⲟⲛ ⲉⲃⲟⲗ ϩⲛ ⲡⲉϥ ⲁϩⲟ ⲉⲧⲉⲣⲉ ϩⲟⲟⲩ ⲉⲧⲉⲣⲉ ϩⲛ ⲡⲉϥ ϩⲏⲧ ⲁⲩⲱ ⲛⲧⲉ ⲛⲧⲟϥ ϫⲱ ⲛ ⲟⲩ ⲡⲟⲛⲏⲣⲟⲛ ⲉⲃⲟⲗ ⲅⲁⲣ ϩⲛ ⲡ ϩⲟⲩⲟ ⲛ ⲡ ϩⲏⲧ ϣⲁ ⲛⲧⲟϥ · ⲉⲓⲛⲉ ⲉⲃⲟⲗ ⲛ ⲟⲩ ⲡⲟⲛⲏⲣⲟⲛ,VBD NPROP ANEGAOR PPERS V N ADV PREP N CONJ ANEGAOR PPERS V N ADV PREP N ANEGAOR PPERS V N PTC ART N PREP N AAOR PPERS V PREP ART N ADV PREP PPOS N ART N PREP N AAOR PPERS V PREP ART N ADV PREP PPOS N
46,60,60,ⲡⲉϫⲉ ⲓ︤ⲥ︥ ϫⲉ ϫⲓⲛ ⲁⲇⲁⲙ ϣⲁ ⲓ̈ⲱϩⲁⲛⲛⲏⲥ ⲡ ⲃⲁⲡⲧⲓⲥⲧⲏⲥ ϩⲛ̄ ⲛ̄ ϫⲡⲟ ⲛ̄ ⲛ̄ ϩⲓⲟⲙⲉ ⲙⲛ̄ ⲡ ⲉⲧ ϫⲟⲥⲉ ⲁ ⲓ̈ⲱϩⲁⲛⲛⲏⲥ ⲡ ⲃⲁⲡⲧⲓⲥⲧⲏⲥ ϣⲓⲛⲁ ϫⲉ ⲛ ⲟⲩ ⲱϭⲡ · ⲛ̄ϭⲓ ⲛⲉϥ ⲃⲁⲗ ⲁ ⲉⲓ ϫⲟⲟ ⲥ ⲇⲉ ϫⲉ ⲡ ⲉⲧ ⲛⲁ ϣⲱⲡⲉ ϩⲛ̄ ⲧⲏⲩⲧⲛ̄ ⲉ ϥ ⲟ ⲛ̄ ⲕⲟⲩⲉⲓ ϥ ⲛⲁ ⲥⲟⲩⲱⲛ ⲧ ⲙⲛ̄ⲧⲉⲣⲟ ⲁⲩⲱ ϥ ⲛⲁ ϫⲓⲥⲉ ⲁ ⲓ̈ⲱϩⲁⲛⲛⲏⲥ,ⲡⲉϫⲉ ⲓⲏⲥⲟⲩⲥ ϫⲉ ϫⲓⲛ ⲁⲇⲁⲙ ϣⲁ ⲓⲱϩⲁⲛⲛⲏⲥ ⲡ ⲃⲁⲡⲧⲓⲥⲧⲏⲥ ϩⲛ ⲡ ϫⲡⲟ ⲛ ⲡ ⲥϩⲓⲙⲉ ⲙⲛ ⲡ ⲉⲧⲉⲣⲉ ϫⲓⲥⲉ ⲉ ⲓⲱϩⲁⲛⲛⲏⲥ ⲡ ⲃⲁⲡⲧⲓⲥⲧⲏⲥ ϩⲓⲛⲁ ϫⲉ ⲛⲛⲉ ⲛⲧⲟⲟⲩ ⲟⲩⲱϭⲡ · ⲛϭⲓ ⲡⲉϥ ⲃⲁⲗ ⲁ ⲁⲛⲟⲕ ϫⲱ ⲛⲧⲟⲥ ⲇⲉ ϫⲉ ⲡ ⲉⲧⲉⲣⲉ ⲛⲁ ϣⲱⲡⲉ ϩⲛ ⲛⲧⲱⲧⲛ ⲉⲣⲉ ⲛⲧⲟϥ ⲉⲓⲣⲉ ⲛ ⲕⲟⲩⲓ ⲛⲧⲟϥ ⲛⲁ ⲥⲟⲟⲩⲛ ⲡ ⲙⲛⲧⲣⲣⲟ ⲁⲩⲱ ⲛⲧⲟϥ ⲛⲁ ϫⲓⲥⲉ ⲉ ⲓⲱϩⲁⲛⲛⲏⲥ,VBD NPROP CONJ PREP NPROP PREP NPROP ART N PREP ART N PREP ART N EXIST ART CREL VSTAT PREP NPROP ART N CONJ CONJ ANEGOPT PPERS V PUNCT PTC PPOS N APST PPERS V PPERO PTC CONJ ART CREL FUT V PREP PPERO CCIRC PPERS VSTAT PREP N PPERS
47,109,109,ⲡⲉϫⲉ ⲓ︤ⲥ︥ ϫⲉ ⲙⲛ̄ ϭⲟⲙ ⲛ̄ⲧⲉ ⲟⲩ ⲣⲱⲙⲉ ⲧⲉⲗⲟ ⲁ ϩⲧo ⲥⲛⲁⲩ ⲛ̄ ϥ ϫⲱⲗⲕ⳿ ⲙ̄ ⲡⲓⲧⲉ ⲥⲛ̄ⲧⲉ ⲁⲩⲱ ⲙⲛ̄ ϭⲟⲙ⳿ ⲛ̄ⲧⲉ ⲟⲩ ϩⲙϩ︤ⲁ︥︤ⲗ︥ ϣⲙ̄ϣⲉ ϫⲟⲉⲓⲥ ⲥⲛⲁⲩ ⲏ ϥ ⲛⲁ ⲣ̄ⲧⲓⲙⲁ ⲙ̄ ⲡ ⲟⲩⲁ · ⲁⲩⲱ ⲡ ⲕⲉ ⲟⲩⲁ ϥ ⲛⲁ ⲣ̄ϩⲩⲃⲣⲓⲍⲉ ⲙ̄ⲙⲟ ϥ⳿ ⲙⲁⲣⲉ ⲣⲱⲙⲉ ⲥⲉ ⲣ̄ⲡ ⲁⲥ ⲁⲩⲱ ⲛ̄ ⲧⲉ ⲩⲛⲟⲩ ⲛ̄ ϥ⳿ ⲉⲡⲓⲑⲩⲙⲉⲓ ⲁ ⲥⲱ ⲏⲣⲡ⳿ ⲃ︦ ⲃⲣⲣⲉ ⲁⲩⲱ ⲙⲁ ⲩ ⲛⲟⲩϫ⳿ ⲏⲣⲡ⳿ ⲛ̄ ⲃⲣ̄ⲣⲉ ⲉ ⲁⲥⲕⲟⲥ ⲛ̄ ⲁⲥ ϫⲉⲕⲁⲁⲥ ⲛ̄ⲛ ⲟⲩ ⲡⲱϩ ⲁⲩⲱ ⲙⲁ ⲩ ⲛⲉϫ⳿ ⲏⲣⲡ⳿ ⲛ̄ ⲁⲥ ⲉ ⲁⲥⲕⲟⲥ ⲛ̄ ⲃⲣ̄ⲣⲉ ϣⲓⲛⲁ ϫⲉ ⲛⲉ ϥ ⲧⲉⲕⲁ ϥ⳿ ⲙⲁ ⲩ ϫ︤ⲗ︥ϭ ⲧⲟⲉⲓⲥ ⲛ̄ ⲁⲥ ⲁ ϣⲧⲏ(ⲛ) ⲛ̄ ϣⲁⲓ ⲉⲡⲉⲓ ⲟⲩⲛ ⲟⲩ ⲡⲱϩ ⲛⲁ ϣⲱⲡⲉ,ⲡⲉϫⲉ ⲓⲏⲥⲟⲩⲥ ϫⲉ ⲙⲛ ϭⲟⲙ ⲛⲧⲉ ⲟⲩ ⲣⲱⲙⲉ ⲧⲉⲗⲟ ⲉ ϩⲧⲟ ⲥⲛⲁⲩ ⲛⲧⲉ ⲛⲧⲟϥ ϫⲱⲗⲕ ⲛ ⲡⲓⲧⲉ ⲥⲛⲁⲩ ⲁⲩⲱ ⲙⲛ ϭⲟⲙ ⲛⲧⲉ ⲟⲩ ϩⲙϩⲁⲗ ϣⲙϣⲉ ϫⲟⲉⲓⲥ ⲥⲛⲁⲩ ⲏ ⲛⲧⲟϥ ⲛⲁ ⲣⲧⲓⲙⲁ ⲛ ⲡ ⲟⲩⲁ · ⲁⲩⲱ ⲡ ⲕⲉ ⲟⲩⲁ ⲛⲧⲟϥ ⲛⲁ ⲣϩⲩⲃⲣⲓⲍⲉ ⲛ ⲛⲧⲟϥ ⲙⲉⲣⲉ ⲣⲱⲙⲉ ⲥⲱ ⲏⲣⲡ ⲁⲥ ⲁⲩⲱ ⲛ ⲡ ⲟⲩⲛⲟⲩ ⲛⲧⲉ ⲛⲧⲟϥ ⲉⲡⲓⲑⲩⲙⲉⲓ ⲉ ⲥⲱ ⲏⲣⲡ ⲛ ⲃⲣⲣⲉ ⲁⲩⲱ ⲙⲉⲣⲉ ⲛⲧⲟⲟⲩ ⲛⲟⲩϫ ⲏⲣⲡ ⲛ ⲃⲣⲣⲉ ⲉ ⲁⲥⲕⲟⲥ ⲛ ⲁⲥ ϫⲉⲕⲁⲁⲥ ⲛⲛⲉ ⲛⲧⲟⲟⲩ ⲡⲱϩ ⲁⲩⲱ ⲙⲉⲣⲉ ⲛⲧⲟⲟⲩ ⲛⲟⲩϫⲉ ⲏⲣⲡ ⲛ ⲁⲥ ⲉ ⲁⲥⲕⲟⲥ ⲛ ⲃⲣⲣⲉ ϩⲓⲛⲁ ϫⲉ ⲛⲉⲣⲉ ⲛⲧⲟϥ ⲧⲁⲕⲟ ⲛⲧⲟϥ ⲙⲉⲣⲉ ⲛⲧⲟⲟⲩ ϫⲱⲗϭ ⲧⲟⲉⲓⲥ ⲛ ⲁⲥ ⲉ ϣⲧⲏⲛ ⲛ ϣⲁⲓ ⲉⲡⲉⲓ ⲟⲩⲛ ⲟⲩ ⲡⲱϩ ⲛⲁ ϣⲱⲡⲉ,VBD NPROP CONJ EXIST N ACONJ ART N V PREP N NUM ACONJ PPERS V PREP N NUM CONJ EXIST N ACONJ ART N V N NUM CONJ PPERS FUT V PREP ART NUM PUNCT CONJ ART ART NUM PPERS FUT V PREP PPERO ANEGAOR N V N N CONJ
48,27,27,ⲡⲉϫⲉ ⲓ︤ⲥ︥ ϫⲉ ⲉⲣϣⲁ ⲥⲛⲁⲩ ⲣ̄ⲉⲓⲣⲏⲛⲏ ⲙⲛ̄ ⲛⲟⲩ ⲉⲣⲏⲩ ϩⲙ̄ ⲡⲉⲓ ⲏⲉⲓ ⲟⲩⲱⲧ⳿ ⲥⲉ ⲛⲁ ϫⲟⲟ ⲥ ⲙ̄ ⲡ ⲧⲁⲩ ϫⲉ ⲡⲱⲱⲛⲉ ⲉⲃⲟⲗ ⲁⲩⲱ ϥ ⲛⲁ ⲡⲱⲱⲛⲉ,ⲡⲉϫⲉ ⲓⲏⲥⲟⲩⲥ ϫⲉ ⲉⲣϣⲁⲛ ⲥⲛⲁⲩ ⲣⲉⲓⲣⲏⲛⲏ ⲙⲛ ⲡⲟⲩ ⲉⲣⲏⲩ ϩⲛ ⲡⲉⲓ ⲏⲓ ⲟⲩⲱⲧ ⲛⲧⲟⲟⲩ ⲛⲁ ϫⲱ ⲛⲧⲟⲥ ⲛ ⲡ ⲧⲟⲟⲩ ϫⲉ ⲡⲱⲱⲛⲉ ⲉⲃⲟⲗ ⲁⲩⲱ ⲛⲧⲟϥ ⲛⲁ ⲡⲱⲱⲛⲉ,VBD NPROP CONJ ACOND NUM V PREP PPOS N PREP PDEM N N PPERS FUT V PPERO PREP ART N CONJ V ADV CONJ PPERS FUT V
49,31,31,ⲡⲉϫⲉ ⲓ︤ⲥ︥ ϫⲉ ϩⲉⲛ ⲙⲁⲕⲁⲣⲓⲟⲥ ⲛⲉ ⲛ ⲙⲟⲛⲁⲭⲟⲥ ⲁⲩⲱ ⲉⲧ ⲥⲟⲧⲡ⳿ ϫⲉ ⲧⲉⲧⲛ ⲁ ϩⲉ ⲁ ⲧ ⲙⲛ̄ⲧⲉⲣⲟ ϫⲉ ⲛ̄ⲧⲱⲧⲛ̄ ϩⲛ̄ ⲉⲃⲟⲗ ⲛ̄ ϩⲏⲧ ⲥ︦ ⲡⲁⲗⲓⲛ ⲉ ⲧⲉⲧⲛ ⲁ ⲃⲱⲕ⳿ ⲉⲙⲁⲩ,ⲡⲉϫⲉ ⲓⲏⲥⲟⲩⲥ ϫⲉ ⲟⲩ ⲙⲁⲕⲁⲣⲓⲟⲥ ⲡⲉ ⲡ ⲙⲟⲛⲁⲭⲟⲥ ⲁⲩⲱ ⲉⲧⲉⲣⲉ ⲥⲱⲧⲡ ϫⲉ ⲛⲧⲱⲧⲛ ⲛⲁ ϩⲉ ⲉ ⲡ ⲙⲛⲧⲣⲣⲟ ϫⲉ ⲛⲧⲱⲧⲛ ⲟⲩ ⲉⲃⲟⲗ ⲛ ϩⲏⲧ ⲛⲧⲟⲥ ⲡⲁⲗⲓⲛ ⲉⲣⲉ ⲛⲧⲱⲧⲛ ⲛⲁ ⲃⲱⲕ ⲙⲙⲁⲩ,VBD NPROP CONJ ART N COP ART N CONJ CREL VSTAT CONJ PPERS FUT V PREP ART N CONJ PPERI ART ADV PREP N PPERO CONJ CFOC PPERS FUT V ADV
50,102,102,ⲡⲉϫⲉ ⲓ︤ⲥ︥ ϫⲉ ⲉⲩϣⲁⲛ ϫⲟⲟ ⲥ ⲛⲏ ⲧⲛ̄ ϫⲉ ⲛ̄ⲧ ⲁ ⲧⲉⲧⲛ̄ ϣⲱⲡⲉ ⲉⲃⲟⲗ ⲧⲱⲛ ϫⲟⲟ ⲥ ⲛⲁ ⲩ ϫⲉ ⲛ̄ⲧ ⲁ ⲛ ⲉⲓ ⲉⲃⲟⲗ ϩⲙ̄ ⲡ ⲟⲩⲟⲉⲓⲛ ⲡ ⲙⲁ ⲉⲛⲧ ⲁ ⲡ ⲟⲩⲟⲉⲓⲛ ϣⲱⲡⲉ ⲙ̄ⲙⲁⲩ ⲉⲃⲟⲗ ϩⲓⲧⲟⲟⲧ ϥ⳿ ⲟⲩⲁⲁⲧ ϥ⳿ ⲁ ϥ ⲱϩ[ⲉ ⲉⲣⲁⲧ ϥ] ⲁⲩⲱ ⲁ ϥ ⲟⲩⲱⲛϩ ⲉ[ⲃ]ⲟⲗ ϩⲛ̄ ⲧⲟⲩ ϩⲓⲕⲱⲛ ⲉⲩϣⲁ ϫⲟⲟ ⲥ ⲛⲏ ⲧⲛ̄ ϫⲉ ⲛ̄ⲧⲱⲧⲛ̄ ⲡⲉ ϫⲟⲟ ⲥ ϫⲉ ⲁⲛⲟⲛ ⲛⲉϥ ϣⲏⲣⲉ ⲁⲩⲱ ⲁⲛⲟⲛ ⲛ̄ ⲥⲱⲧⲡ⳿ ⲙ̄ ⲡ ⲉⲓⲱⲧ ⲉⲧ ⲟⲛϩ ⲉⲩϣⲁⲛ ϫⲛⲉ ⲧⲏⲩⲧⲛ̄ ϫⲉ ⲟⲩ ⲡⲉ ⲡ ⲙⲁⲉⲓⲛ ⲙ̄ ⲡⲉⲧⲛ̄ ⲉⲓⲱⲧ ⲉⲧ ϩⲛ̄ ⲧⲏⲩⲧⲛ̄ ϫⲟⲟ ⲥ ⲉⲣⲟ ⲟⲩ ϫⲉ ⲟⲩ ⲕⲓⲙ ⲡⲉ ⲙⲛ̄ ⲟⲩ ⲁⲛⲁⲡⲁⲩⲥⲓⲥ,ⲡⲉϫⲉ ⲓⲏⲥⲟⲩⲥ ϫⲉ ⲉⲣϣⲁⲛ_ⲛⲧⲟⲟⲩ ϫⲱ ⲛⲧⲟⲥ ⲛⲁ ⲛⲧⲱⲧⲛ ϫⲉ ⲉⲣⲉ ⲁ ⲛⲧⲱⲧⲛ ϣⲱⲡⲉ ⲉⲃⲟⲗ ⲧⲱⲛ ϫⲱ ⲛⲧⲟⲥ ⲛⲁ ⲛⲧⲟⲟⲩ ϫⲉ ⲉⲣⲉ ⲁ ⲁⲛⲟⲛ ⲉⲓ ⲉⲃⲟⲗ ϩⲛ ⲡ ⲟⲩⲟⲉⲓⲛ ⲡ ⲙⲁ ⲉⲧⲉⲣⲉ ⲁ ⲡ ⲟⲩⲟⲉⲓⲛ ϣⲱⲡⲉ ⲙⲙⲁⲩ ⲉⲃⲟⲗ ϩⲓⲧⲟⲟⲧ ⲛⲧⲟϥ ⲟⲩⲁⲁ ⲛⲧⲟϥ ⲁ ⲛⲧⲟϥ ⲱϩⲉ ⲉⲣⲁⲧ ⲛⲧⲟϥ ⲁⲩⲱ ⲁ ⲛⲧⲟϥ ⲟⲩⲱⲛϩ ⲉⲃⲟⲗ ϩⲛ ⲡⲉⲩ ϩⲓⲕⲱⲛ ⲉⲣϣⲁⲛ_ⲛⲧⲟⲟⲩ ϫⲱ ⲛⲧⲟⲥ ⲛⲁ ⲛⲧⲱⲧⲛ ϫⲉ ⲛⲧⲱⲧⲛ ⲡⲉ ϫⲱ ⲛⲧⲟⲥ ϫⲉ ⲁⲛⲟⲛ ⲡⲉϥ ϣⲏⲣⲉ ⲁⲩⲱ ⲁⲛⲟⲛ ⲡ ⲥⲱⲧⲡ ⲛ ⲡ ⲉⲓⲱⲧ ⲉⲧⲉⲣⲉ ⲱⲛϩ ⲉⲣϣⲁⲛ_ⲛⲧⲟⲟⲩ ϫⲛⲟⲩ ⲛⲧⲱⲧⲛ ϫⲉ ⲟⲩ ⲡⲉ ⲡ ⲙⲁⲉⲓⲛ ⲛ ⲡⲉⲧⲛ ⲉⲓⲱⲧ ⲉⲧⲉⲣⲉ ϩⲛ ⲛⲧⲱⲧⲛ ϫⲱ ⲛⲧⲟⲥ ⲉ ⲛⲧⲟⲟⲩ ϫⲉ ⲟⲩ ⲕⲓⲙ ⲡⲉ ⲙⲛ ⲟⲩ ⲁⲛⲁⲡⲁⲩⲥⲓⲥ,VBD NPROP CONJ ACOND_PPERS V PPERO PREP PPERO CONJ CFOC APST PPERS V ADV PINT V PPERO PREP PPERO CONJ CFOC APST PPERS V ADV PREP ART N ART N CREL APST ART N V ADV ADV PREP PPERO IMOD PPERO APST PPERS V PREP PPERO CONJ APST PPERS V
51,53,53,ⲡⲉϫⲁ ⲩ ⲛⲁ · ϥ ⲛ̄ϭⲓ ⲛⲉϥ ⲙⲁⲑⲏⲧⲏⲥ ϫⲉ ⲁϣ ⲛ̄ ϩⲟⲟⲩ ⲉ ⲧ ⲁⲛⲁⲡⲁⲩⲥⲓⲥ ⲛ̄ ⲛ ⲉⲧ ⲙⲟⲟⲩⲧ⳿ ⲛⲁ ϣⲱⲡⲉ ⲁⲩⲱ ⲁϣ ⲛ̄ ϩⲟⲟⲩ ⲉ ⲡ ⲕⲟⲥⲙⲟⲥ ⲃ︦ ⲃⲣ̄ⲣⲉ ⲛⲏⲩ ⲡⲉϫⲁ ϥ ⲛⲁ ⲩ ϫⲉ ⲧⲏ ⲉⲧ ⲉⲧⲛ̄ ϭⲱϣⲧ⳿ ⲉⲃⲟⲗ ϩⲏⲧ ⲥ︦ ⲁ ⲥ ⲉⲓ ⲁⲗⲗⲁ ⲛ̄ⲧⲱⲧⲛ̄ ⲧⲉⲧⲛ̄ ⲥⲟⲟⲩⲛ ⲁⲛ ⲙ̄ⲙⲟ ⲥ,ⲡⲉϫⲉ ⲛⲧⲟⲟⲩ ⲛⲁ · ⲛⲧⲟϥ ⲛϭⲓ ⲡⲉϥ ⲙⲁⲑⲏⲧⲏⲥ ϫⲉ ⲁϣ ⲛ ϩⲟⲟⲩ ⲉⲣⲉ ⲡ ⲁⲛⲁⲡⲁⲩⲥⲓⲥ ⲛ ⲡ ⲉⲧⲉⲣⲉ ⲙⲟⲩ ⲛⲁ ϣⲱⲡⲉ ⲁⲩⲱ ⲁϣ ⲛ ϩⲟⲟⲩ ⲉⲣⲉ ⲡ ⲕⲟⲥⲙⲟⲥ ⲃ ⲃⲣⲣⲉ ⲉⲓ ⲡⲉϫⲉ ⲛⲧⲟϥ ⲛⲁ ⲛⲧⲟⲟⲩ ϫⲉ ⲧⲏ ⲉⲧⲉⲣⲉ ⲛⲧⲱⲧⲛ ϭⲱϣⲧ ⲉⲃⲟⲗ ϩⲏⲧ ⲛⲧⲟⲥ ⲁ ⲛⲧⲟⲥ ⲉⲓ ⲁⲗⲗⲁ ⲛⲧⲱⲧⲛ ⲛⲧⲱⲧⲛ ⲥⲟⲟⲩⲛ ⲁⲛ ⲛ ⲛⲧⲟⲥ,VBD PPERS PREP PUNCT PPERO PTC PPOS N CONJ PINT PREP N CCIRC ART N PREP ART CREL VSTAT FUT V CONJ PINT PREP N CCIRC ART N PREP N VSTAT VBD PPERS PREP PPERO CONJ PDEM CREL PPERS V ADV PREP PPERO APST PPERS V CONJ PPERI PPERS V
52,50,50,ⲡⲉϫⲁ ⲩ ⲛⲁ ϥ ⲛ̄ϭⲓ ⲛⲉϥ ⲙⲁⲑⲏⲧⲏⲥ ϫⲉ ϫⲟⲩⲧⲁϥⲧⲉ ⲙ̄ ⲡⲣⲟⲫⲏⲧⲏⲥ ⲁ ⲩ ϣⲁϫⲉ ϩⲙ̄ ⲡ ⲓⲥⲣⲁⲏⲗ⳿ ⲁⲩⲱ ⲁ ⲩ ϣⲁϫⲉ ⲧⲏⲣ ⲟⲩ ϩⲣⲁⲓ̈ ⲛ̄ϩⲏⲧ ⲕ⳿ ⲡⲉϫⲁ ϥ ⲛⲁ ⲩ ϫⲉ ⲁ ⲧⲉⲧⲛ̄ ⲕⲱ ⲙ̄ ⲡ ⲉⲧ ⲟⲛϩ ⲙ̄ ⲡⲉⲧⲛ̄ ⲙ̄ⲧⲟ ⲉⲃⲟⲗ ⲁⲩⲱ ⲁ ⲧⲉⲧⲛ̄ ϣⲁϫⲉ ϩⲁ ⲛ ⲉⲧ ⲙⲟⲟⲩⲧ⳿,ⲡⲉϫⲉ ⲛⲧⲟⲟⲩ ⲛⲁ ⲛⲧⲟϥ ⲛϭⲓ ⲡⲉϥ ⲙⲁⲑⲏⲧⲏⲥ ϫⲉ ϫⲟⲩⲧⲁϥⲧⲉ ⲛ ⲡⲣⲟⲫⲏⲧⲏⲥ ⲁ ⲛⲧⲟⲟⲩ ϣⲁϫⲉ ϩⲛ ⲡ ⲓⲥⲣⲁⲏⲗ ⲁⲩⲱ ⲁ ⲛⲧⲟⲟⲩ ϣⲁϫⲉ ⲧⲏⲣ ⲛⲧⲟⲟⲩ ϩⲣⲁⲓ ϩⲛ ⲛⲧⲟⲕ ⲡⲉϫⲉ ⲛⲧⲟϥ ⲛⲁ ⲛⲧⲟⲟⲩ ϫⲉ ⲁ ⲛⲧⲱⲧⲛ ⲕⲱ ⲛ ⲡ ⲉⲧⲉⲣⲉ ⲱⲛϩ ⲛ ⲡⲉⲧⲛ ⲙⲧⲟ ⲉⲃⲟⲗ ⲁⲩⲱ ⲁ ⲛⲧⲱⲧⲛ ϣⲁϫⲉ ϩⲁ ⲡ ⲉⲧⲉⲣⲉ ⲙⲟⲩ,VBD PPERS PREP PPERO PTC PPOS N CONJ NUM PREP N APST PPERS V PREP ART NPROP CONJ APST PPERS V IMOD PPERO ADV PREP PPERO VBD PPERS PREP PPERO CONJ APST PPERS V PREP ART CREL VSTAT PREP PPOS N ADV CONJ APST PPERS V PREP ART CREL VSTAT
53,46,46,ⲡⲉϫⲁ ⲩ ⲛⲁ ϥ ⲛ̄ϭⲓ ⲛⲉϥ ⲙⲁⲑⲏⲧⲏⲥ ϫⲉ ⲡ ⲥⲃ︦ⲃⲉ ⲣ̄ⲱⲫⲉⲗⲉⲓ ⲏ ⟨ⲙ̄⟩ⲙⲟⲛ ⲡⲉϫⲁ ϥ⳿ ⲛⲁ ⲩ ϫⲉ ⲛⲉ ϥ ⲣ̄ⲱⲫⲉⲗⲉⲓ ⲛⲉ ⲡⲟⲩ ⲉⲓⲱⲧ⳿ ⲛⲁ ϫⲡⲟ ⲟⲩ ⲉⲃⲟⲗ ϩⲛ̄ ⲧⲟⲩ ⲙⲁⲁⲩ ⲉ ⲩ ⲥⲃ︦ⲃⲏⲩ ⲁⲗⲗⲁ ⲡ ⲥⲃ︦ⲃⲉ ⲙ̄ ⲙⲉ ϩⲙ̄ ⲡⲛ︤ⲁ︥ ⲁ ϥ ϭⲛ̄ϩⲏⲩ ⲧⲏⲣ ϥ,ⲡⲉϫⲉ ⲛⲧⲟⲟⲩ ⲛⲁ ⲛⲧⲟϥ ⲛϭⲓ ⲡⲉϥ ⲙⲁⲑⲏⲧⲏⲥ ϫⲉ ⲡ ⲥⲃⲃⲉ ⲣⲱⲫⲉⲗⲉⲓ ⲏ ⲙⲙⲟⲛ ⲡⲉϫⲉ ⲛⲧⲟϥ ⲛⲁ ⲛⲧⲟⲟⲩ ϫⲉ ⲛⲉⲣⲉ ⲛⲧⲟϥ ⲣⲱⲫⲉⲗⲉⲓ ⲛⲉⲣⲉ ⲡⲉⲩ ⲉⲓⲱⲧ ⲛⲁ ϫⲡⲟ ⲛⲧⲟⲟⲩ ⲉⲃⲟⲗ ϩⲛ ⲡⲉⲩ ⲙⲁⲁⲩ ⲉⲣⲉ ⲛⲧⲟⲟⲩ ⲥⲃⲃⲉ ⲁⲗⲗⲁ ⲡ ⲥⲃⲃⲉ ⲛ ⲙⲉ ϩⲛ ⲡⲛⲉⲩⲙⲁ ⲁ ⲛⲧⲟϥ ϭⲛϩⲏⲩ ⲧⲏⲣ ⲛⲧⲟϥ,VBD PPERS PREP PPERO PTC PPOS N CONJ ART N V CONJ NEG VBD PPERS PREP PPERO CONJ CPRET PPERS V CPRET PPOS N FUT V PPERO ADV PREP PPOS N CCIRC PPERS VSTAT CONJ ART V PREP N PREP N APST PPERS V IMOD PPERO
54,16,16,ⲡⲉϫⲉ ⲓ︤ⲥ︥ ϫⲉ ϩⲛ̄ ⲙⲁⲕⲁⲣⲓⲟⲥ ⲛⲉ ⲛ ϩⲏⲕⲉ ϫⲉ ⲧⲱⲧⲛ̄ ⲧⲉ ⲧ ⲙⲛ̄ⲧⲉⲣⲟ ⲛ ⲙ̄ ⲡⲏⲩⲉ,ⲡⲉϫⲉ ⲓⲏⲥⲟⲩⲥ ϫⲉ ϩⲉⲛ ⲙⲁⲕⲁⲣⲓⲟⲥ ⲡⲉ ⲡ ϩⲏⲕⲉ ϫⲉ ⲧⲱⲧⲛ ⲡⲉ ⲡ ⲙⲛⲧⲣⲣⲟ ⲛ ⲡ ⲡⲉ,VBD NPROP CONJ ART N COP ART N CONJ PPOS COP ART N PREP ART N
55,50,50,ⲡⲉϫⲉ ⲓ︤ⲥ︥ ϫⲉ ⲡ ⲉⲧ ⲁ ⲙⲉⲥⲧⲉ ⲡⲉϥ⳿ ⲉⲓⲱⲧ⳿ ⲁⲛ⳿ ⲙⲛ̄ ⲧⲉϥ ⲙⲁⲁⲩ ϥ ⲛⲁ ϣ ⲣ̄ⲙⲁⲑⲏⲧⲏⲥ ⲁⲛ ⲛⲁ ⲉⲓ ⲁⲩⲱ ⲛ̄ ϥ ⲙⲉⲥⲧⲉ ⲛⲉϥ̂ ⲥⲛⲏⲩ · ⲙⲛ̄ ⲛⲉϥ ⲥⲱⲛⲉ ⲛ̄ ϥ ϥⲉⲓ ⲙ ⲡⲉϥ ⲥⳁⲟⲥ ⲛ̄ ⲧⲁ ϩⲉ ϥ ⲛⲁ ϣⲱⲡⲉ ⲁⲛ ⲉ ϥ ⲟ ⲛ̄ ⲁⲝⲓⲟⲥ ⲛⲁ ⲉⲓ,ⲡⲉϫⲉ ⲓⲏⲥⲟⲩⲥ ϫⲉ ⲡ ⲉⲧⲉⲣⲉ ⲛⲁ ⲙⲟⲥⲧⲉ ⲡⲉϥ ⲉⲓⲱⲧ ⲁⲛ ⲙⲛ ⲡⲉϥ ⲙⲁⲁⲩ ⲛⲧⲟϥ ⲛⲁ ϣ ⲣⲙⲁⲑⲏⲧⲏⲥ ⲁⲛ ⲛ ⲁⲛⲟⲕ ⲁⲩⲱ ⲛⲧⲉ ⲛⲧⲟϥ ⲙⲟⲥⲧⲉ ⲡⲉϥ ⲥⲟⲛ · ⲙⲛ ⲡⲉϥ ⲥⲱⲛⲉ ⲛⲧⲉ ⲛⲧⲟϥ ϥⲓ ⲛ ⲡⲉϥ ⲥⲧⲁⲩⲣⲟⲥ ⲛ ⲡⲁ ϩⲉ ⲛⲧⲟϥ ⲛⲁ ϣⲱⲡⲉ ⲁⲛ ⲉⲣⲉ ⲛⲧⲟϥ ⲉⲓⲣⲉ ⲛ ⲁⲝⲓⲟⲥ ⲛⲁ ⲁⲛⲟⲕ,VBD NPROP CONJ ART CREL FUT V PPOS N NEG PREP PPOS N PPERS FUT V V NEG PREP PPERO CONJ ACONJ PPERS V PPOS N PUNCT PREP PPOS N ACONJ PPERS V PREP PPOS N PREP PPOS N PPERS FUT V NEG CCIRC PPERS VSTAT PREP N PREP PPERO
56,30,30,ⲡⲉϫⲉ ⲓ︤ⲥ︥ ϫⲉ ⲡ ⲉⲧ ⲁ ϩ ⲥⲟⲩⲱⲛ ⲡ ⲕⲟⲥⲙⲟⲥ ⲁ ϥ⳿ ϩⲉ ⲉ ⲩ ⲡⲧⲱⲙⲁ ⲁⲩⲱ ⲡ ⲉⲛⲧ ⲁ ϩ ϩⲉⲉ ⲁ ⲡⲧⲱⲙⲁ ⲡ ⲕⲟⲥⲙⲟⲥ ⲙ̄ⲡϣⲁ ⲙ̄ⲙⲟ ϥ ⲁⲛ,ⲡⲉϫⲉ ⲓⲏⲥⲟⲩⲥ ϫⲉ ⲡ ⲉⲧⲉⲣⲉ ⲁ ⲛⲧⲟϥ ⲥⲟⲟⲩⲛ ⲡ ⲕⲟⲥⲙⲟⲥ ⲁ ⲛⲧⲟϥ ϩⲉ ⲉ ⲟⲩ ⲡⲧⲱⲙⲁ ⲁⲩⲱ ⲡ ⲉⲧⲉⲣⲉ ⲁ ⲛⲧⲟϥ ϩⲉ ⲉ ⲡⲧⲱⲙⲁ ⲡ ⲕⲟⲥⲙⲟⲥ ⲙⲡϣⲁ ⲛ ⲛⲧⲟϥ ⲁⲛ,VBD NPROP CONJ ART CREL APST PPERS V ART N APST PPERS V PREP ART N CONJ ART CREL APST PPERS V PREP N ART N V PREP PPERO NEG
57,97,97,ⲡⲉϫⲉ ⲓ︤ⲥ︥ ϫⲉ ⲧ ⲙⲛ̄ⲧⲉⲣⲟ ⲙ̄ ⲡ ⲉⲓⲱⲧ ⲉ ⲥ ⲧ⟨ⲛ̄⟩ⲧⲱ(ⲛ) ⲁ ⲩ ⲣⲱⲙⲉ ⲉ ⲩⲛ̄ⲧⲁ ϥ ⲙ̄ⲙⲁⲩ ⲛ̄ⲛ ⲟⲩ ϭⲣⲟϭ ⲉ̣ ⲛ̣[ⲁⲛⲟ]ⲩ ϥ⳿ ⲁ ⲡⲉϥ ϫⲁϫⲉ ⲉⲓ ⲛ̄ ⲧ ⲟⲩϣⲏ⳿ ⲁ ϥ ⲥⲓⲧⲉ ⲛ̄ ⲟⲩ ⲍⲓⲍ̣ⲁ̣ⲛ̣ⲓ̣[ⲟ]ⲛ̣ ̣ⲉ̣ϫ̣ⲛ ⲡⲉ ϭⲣ̣ⲟ̣[ϭ ⲉ]ⲧ ⲛⲁⲛⲟⲩ ϥ⳿ ⲙ̄ⲡⲉ ⲡ ⲣⲱⲙⲉ ⲕⲟⲟ ⲩ ⲉ ϩⲱⲗⲉ ⲙ̄ ⲡ ⲍⲓⲍⲁⲛⲓⲟⲛ ⲡⲉϫⲁ ϥ ⲛⲁ ⲩ ϫⲉ ⲙⲏⲡⲱⲥ ⲛ̄ⲧⲉ ⲧⲛ̄ ⲃⲱⲕ ϫⲉ ⲉ ⲛ ⲁ ϩⲱⲗⲉ ⲙ̄ ⲡ ⲍⲓⲍⲁⲛⲓⲟⲛ ⲛ̄ⲧⲉ ⲧⲛ̄ ϩⲱⲗⲉ ⲙ̄ ⲡ ⲥⲟⲩⲟ ⲛⲙ̄ⲙⲁ ϥ̂ ϩⲙ̄ ⲫ ⲟⲟⲩ ⲅⲁⲣ ⲙ̄ ⲡ ⲱϩ︤ⲥ︥ ⲛ̄ ⲍⲓⲍⲁⲛⲓⲟⲛ ⲛⲁ ⲟⲩⲱⲛϩ ⲉⲃⲟⲗ⳿ ⲥⲉ ϩⲟⲗ ⲟⲩ ⲛ̄ ⲥⲉ ⲣⲟⲕϩ ⲟⲩ,ⲡⲉϫⲉ ⲓⲏⲥⲟⲩⲥ ϫⲉ ⲡ ⲙⲛⲧⲣⲣⲟ ⲛ ⲡ ⲉⲓⲱⲧ ⲉⲣⲉ ⲛⲧⲟⲥ ⲧⲟⲛⲧⲛ ⲉ ⲟⲩ ⲣⲱⲙⲉ ⲉⲣⲉ ⲟⲩⲛⲧⲁ ⲛⲧⲟϥ ⲙⲙⲁⲩ ⲛ ⲟⲩ ϭⲣⲟϭ ⲉⲣⲉ ⲛⲁⲛⲟⲩ ⲛⲧⲟϥ ⲁ ⲡⲉϥ ϫⲁϫⲉ ⲉⲓ ⲛ ⲡ ⲟⲩϣⲏ ⲁ ⲛⲧⲟϥ ⲥⲓⲧⲉ ⲛ ⲟⲩ ⲍⲓⲍⲁⲛⲓⲟⲛ ⲉϫⲛ ⲡ ϭⲣⲟϭ ⲉⲧⲉⲣⲉ ⲛⲁⲛⲟⲩ ⲛⲧⲟϥ ⲙⲡⲉ ⲡ ⲣⲱⲙⲉ ⲕⲱ ⲛⲧⲟⲟⲩ ⲉ ϩⲱⲱⲗⲉ ⲛ ⲡ ⲍⲓⲍⲁⲛⲓⲟⲛ ⲡⲉϫⲉ ⲛⲧⲟϥ ⲛⲁ ⲛⲧⲟⲟⲩ ϫⲉ ⲙⲏⲡⲱⲥ ⲛⲧⲉ ⲛⲧⲱⲧⲛ ⲃⲱⲕ ϫⲉ ⲉⲣⲉ ⲛⲧⲱⲧⲛ ⲛⲁ ϩⲱⲱⲗⲉ ⲛ ⲡ ⲍⲓⲍⲁⲛⲓⲟⲛ ⲛⲧⲉ ⲧⲛ ϩⲱⲱⲗⲉ ⲛ ⲡ ⲥⲟⲩⲟ ⲙⲛ ⲛⲧⲟϥ ϩⲛ ⲡ ϩⲟⲟⲩ ⲅⲁⲣ ⲛ ⲡ ⲱϩⲥ ⲛ ⲍⲓⲍⲁⲛⲓⲟⲛ ⲛⲁ ⲟⲩⲱⲛϩ ⲉⲃⲟⲗ ⲛⲧⲟⲟⲩ ϩⲱⲱⲗⲉ ⲛⲧⲟⲟⲩ ⲛⲧⲉ ⲛⲧⲟⲟⲩ ⲣⲱⲕϩ ⲛⲧⲟⲟⲩ,VBD NPROP CONJ ART N PREP ART N CFOC PPERS VSTAT PREP ART N CCIRC EXIST PPERO ADV PREP ART N CCIRC VBD PPERS APST PPOS N V PREP ART N APST PPERS V PREP ART N PREP ART N CREL VBD PPERS ANEGPST ART N V PPERO PREP V
58,18,18,ⲡⲉϫⲉ ⲓ︤ⲥ︥ ϫⲉ ⲟⲩ ⲙⲁⲕⲁⲣⲓⲟⲥ ⲡⲉ ⲡ ⲣⲱⲙⲉ ⲛ̄ⲧ ⲁ ϩ ϩⲓⲥⲉ ⲁ ϥ ϩⲉ ⲁ ⲡ ⲱⲛϩ,ⲡⲉϫⲉ ⲓⲏⲥⲟⲩⲥ ϫⲉ ⲟⲩ ⲙⲁⲕⲁⲣⲓⲟⲥ ⲡⲉ ⲡ ⲣⲱⲙⲉ ⲉⲧⲉⲣⲉ ⲁ ⲛⲧⲟϥ ϩⲓⲥⲉ ⲁ ⲛⲧⲟϥ ϩⲉ ⲉ ⲡ ⲱⲛϩ,VBD NPROP CONJ ART N COP ART N CREL APST PPERS N APST PPERS V PREP ART N
59,33,33,ⲡⲉϫⲉ ⲓ︤ⲥ︥ ϫⲉ ϭⲱϣⲧ ⲛ̄ⲥⲁ ⲡ ⲉⲧ ⲟⲛϩ ϩⲱⲥ ⲉ ⲧⲉⲧⲛ̄ ⲟⲛϩ ϩⲓⲛⲁ ϫⲉ ⲛⲉ ⲧⲙ̄ ⲙⲟⲩ ⲁⲩⲱ ⲛ̄ⲧⲉ ⲧⲛ̄ ϣⲓⲛⲉ ⲉ ⲛⲁⲩ ⲉⲣⲟ ϥ ⲁⲩⲱ ⲧⲉⲧⲛ ⲛⲁ ϣ ϭⲙ̄ϭⲟⲙ ⲁⲛ ⲉ ⲛⲁⲩ,ⲡⲉϫⲉ ⲓⲏⲥⲟⲩⲥ ϫⲉ ϭⲱϣⲧ ⲛⲥⲁ ⲡ ⲉⲧⲉⲣⲉ ⲱⲛϩ ϩⲱⲥ ⲉⲣⲉ ⲛⲧⲱⲧⲛ ⲱⲛϩ ϩⲓⲛⲁ ϫⲉ ⲛⲛⲉ ⲛⲧⲱⲧⲛ ⲙⲟⲩ ⲁⲩⲱ ⲛⲧⲉ ⲛⲧⲱⲧⲛ ϣⲓⲛⲉ ⲉ ⲛⲁⲩ ⲉ ⲛⲧⲟϥ ⲁⲩⲱ ⲛⲧⲱⲧⲛ ⲛⲁ ϣ ϭⲙϭⲟⲙ ⲁⲛ ⲉ ⲛⲁⲩ,VBD NPROP CONJ V PREP ART CREL VSTAT CONJ CCIRC PPERS VSTAT CONJ CONJ ANEGOPT PPERS V CONJ ACONJ PPERS V PREP V PREP PPERO CONJ PPERS FUT V V NEG PREP V
60,111,111,⟨ⲁ ⲩ ⲛⲁⲩ⟩ ⲁ ⲩ ⲥⲁⲙⲁⲣⲉⲓⲧⲏⲥ ⲉ ϥ ϥⲓ ⲛ̄ⲛ ⲟⲩ ϩⲓⲉⲓⲃ · ⲉ ϥ ⲃⲏⲕ̂ ⲉϩⲟⲩⲛ ⲉ ϯ ⲟⲩⲇⲁⲓⲁ ⲡⲉϫⲁ ϥ̂ ⲛ̄ ⲛⲉϥ̂ ⲙⲁⲑⲏⲧⲏⲥ ϫⲉ ⲡⲏ̣ ⲙ̄ ⲡ ⲕⲱⲧⲉ ⲙ̄ ⲡⲉ ϩⲓⲉⲓⲃ̂ ⲡⲉϫⲁ ⲩ ⲛⲁ ϥ ϫⲉ̣ⲕⲁⲁⲥ ⲉ ϥ ⲛⲁ ⲙⲟⲟⲩⲧ ϥ · ⲛ̄ ϥ ⲟⲩⲟⲙ ϥ⳿ ⲡⲉϫⲁ ϥ ⲛⲁ ⲩ ϩⲱⲥ ⲉ ϥ ⲟⲛϩ ϥ ⲛⲁ ⲟⲩⲟⲙ ϥ̂ ⲁⲛ ⲁⲗⲗⲁ ⲉϥϣⲁ ⲙⲟⲟⲩⲧ ϥ⳿ ⲛ̄ ϥ ϣⲱⲡⲉ ⲛ̄ ⲟⲩ ⲡⲧⲱⲙⲁ ⲡⲉϫⲁ ⲩ ϫⲉ ⲛ̄ ⲕⲉ ⲥⲙⲟⲧ⳿ ϥ ⲛⲁ ϣ ⲁ ⲥ ⲁⲛ ⲡⲉϫⲁ ϥ ⲛⲁ ⲩ ϫⲉ ⲛ̄ⲧⲱⲧⲛ̄ ϩⲱⲧ̂ ⲧⲏⲩⲧⲛ̄ ϣⲓⲛⲉ ⲛ̄ⲥⲁ ⲟⲩ ⲧⲟⲡⲟⲥ ⲛⲏ ⲧⲛ̄ ⲉϩⲟⲩⲛ ⲉ ⲩ ⲁⲛⲁⲡⲁⲩⲥⲓⲥ ϫⲉⲕⲁⲁⲥ ⲛ̄ ⲛⲉⲧⲛ̄ ϣⲱⲡⲉ ⲙ̄ ⲡⲧⲱⲙⲁ ⲛ̄ ⲥⲉ ⲟⲩⲱⲙ⳿ ⲧⲏⲩⲧⲛ̄,ⲁ ⲛⲧⲟⲟⲩ ⲛⲁⲩ ⲉ ⲟⲩ ⲥⲁⲙⲁⲣⲉⲓⲧⲏⲥ ⲉⲣⲉ ⲛⲧⲟϥ ϥⲓ ⲛ ⲟⲩ ϩⲓⲉⲓⲃ · ⲉⲣⲉ ⲛⲧⲟϥ ⲃⲱⲕ ⲉϩⲟⲩⲛ ⲉ ⲡ ⲓⲟⲩⲇⲁⲓⲁ ⲡⲉϫⲉ ⲛⲧⲟϥ ⲛ ⲡⲉϥ ⲙⲁⲑⲏⲧⲏⲥ ϫⲉ ⲡⲏ ⲛ ⲡ ⲕⲱⲧⲉ ⲛ ⲡ ϩⲓⲉⲓⲃ ⲡⲉϫⲉ ⲛⲧⲟⲟⲩ ⲛⲁ ⲛⲧⲟϥ ϫⲉⲕⲁⲁⲥ ⲉⲣⲉ ⲛⲧⲟϥ ⲛⲁ ⲙⲟⲩⲟⲩⲧ ⲛⲧⲟϥ · ⲛⲧⲉ ⲛⲧⲟϥ ⲟⲩⲱⲙ ⲛⲧⲟϥ ⲡⲉϫⲉ ⲛⲧⲟϥ ⲛⲁ ⲛⲧⲟⲟⲩ ϩⲱⲥ ⲉⲣⲉ ⲛⲧⲟϥ ⲱⲛϩ ⲛⲧⲟϥ ⲛⲁ ⲟⲩⲱⲙ ⲛⲧⲟϥ ⲁⲛ ⲁⲗⲗⲁ ⲉⲣϣⲁⲛ_ⲛⲧⲟϥ ⲙⲟⲩⲟⲩⲧ ⲛⲧⲟϥ ⲛⲧⲉ ⲛⲧⲟϥ ϣⲱⲡⲉ ⲛ ⲟⲩ ⲡⲧⲱⲙⲁ ⲡⲉϫⲉ ⲛⲧⲟⲟⲩ ϫⲉ ⲡ ⲕⲉ ⲥⲙⲟⲧ ⲛⲧⲟϥ ⲛⲁ ϣ ⲉⲓⲣⲉ ⲛⲧⲟⲥ ⲁⲛ ⲡⲉϫⲉ ⲛⲧⲟϥ ⲛⲁ ⲛⲧⲟⲟⲩ ϫⲉ ⲛⲧⲱⲧⲛ ϩⲱⲱ ⲛⲧⲱⲧⲛ ϣⲓⲛⲉ ⲛⲥⲁ ⲟⲩ ⲧⲟⲡⲟⲥ ⲛⲁ ⲛⲧⲱⲧⲛ ⲉϩⲟⲩⲛ ⲉ ⲟⲩ ⲁⲛⲁⲡⲁⲩⲥⲓⲥ ϫⲉⲕⲁⲁⲥ ⲛⲛⲉ ⲛⲧⲱⲧⲛ ϣⲱⲡⲉ ⲛ ⲡⲧⲱⲙⲁ ⲛⲧⲉ ⲛⲧⲟⲟⲩ ⲟⲩⲱⲙ ⲛⲧⲱⲧⲛ,APST PPERS V PREP ART N CCIRC PPERS V PREP ART N PUNCT CCIRC PPERS VSTAT ADV PREP ART NPROP VBD PPERS PREP PPOS N CONJ PDEM PREP ART N PREP ART N VBD PPERS PREP PPERO CONJ CFOC PPERS FUT V PPERO PUNCT ACONJ PPERS V PPERO VBD PPERS
61,100,100,ⲡⲉϫⲉ ⲓ︤ⲥ︥ ⲟⲩⲛ̄ ⲥⲛⲁⲩ ⲛⲁ ⲙ̄ⲧⲟⲛ⳿ ⲙ̄ⲙⲁ ⲩ ϩⲓ ⲟⲩ ϭⲗⲟϭ ⲡ ⲟⲩⲁ ⲛⲁ ⲙⲟⲩ ⲡ ⲟⲩⲁ ⲛⲁ ⲱⲛϩ ⲡⲉϫⲉ ⲥⲁⲗⲱⲙⲏ ⲛ̄ⲧⲁⲕ⳿ ⲛⲓⲙ⳿ ⲡ ⲣⲱⲙⲉ ϩⲱⲥ ⲉⲃⲟⲗ ϩⲛ̄ ⲟⲩⲁ ⲁ ⲕ ⲧⲉⲗⲟ ⲉϫⲙ̄ ⲡⲁ ϭⲗⲟϭ ⲁⲩⲱ ⲁ ⲕ⳿ ⲟⲩⲱⲙ ⲉⲃⲟⲗ ϩⲛ̄ ⲧⲁ ⲧⲣⲁⲡⲉⲍⲁ ⲡⲉϫⲉ ⲓ︤ⲥ︥ ⲛⲁ ⲥ ϫⲉ ⲁⲛⲟⲕ⳿ ⲡⲉ ⲡ ⲉⲧ ϣⲟⲟⲡ⳿ ⲉⲃⲟⲗ ϩⲙ̄ ⲡ ⲉⲧ⳿ ϣⲏϣ ⲁ ⲩ ϯ ⲛⲁ ⲉⲓ ⲉⲃⲟⲗ ϩⲛ̄ ⲛⲁ ⲡⲁ ⲉⲓⲱⲧ⳿ ⲁⲛⲟⲕ⳿ ⲧⲉⲕ⳿ ⲙⲁⲑⲏⲧⲏⲥ ⲉⲧⲃⲉ ⲡⲁⲉⲓ ϯ ϫⲱ ⲙ̄ⲙⲟ ⲥ ϫⲉ ϩⲟⲧⲁⲛ ⲉϥϣⲁ ϣⲱⲡⲉ ⲉ ϥ ϣⲏϥ⳿ ϥ ⲛⲁ ⲙⲟⲩϩ̣ ⲟⲩⲟⲉⲓⲛ ϩⲟⲧⲁⲛ ⲇⲉ ⲉϥϣⲁⲛ ϣⲱⲡⲉ ⲉ ϥ ⲡⲏϣ ϥ ⲛⲁ ⲙⲟⲩϩ ⲛ̄ ⲕⲁⲕⲉ,ⲡⲉϫⲉ ⲓⲏⲥⲟⲩⲥ ⲟⲩⲛ ⲥⲛⲁⲩ ⲛⲁ ⲙⲧⲟⲛ ⲛ ⲛⲧⲟⲟⲩ ϩⲓ ⲟⲩ ϭⲗⲟϭ ⲡ ⲟⲩⲁ ⲛⲁ ⲙⲟⲩ ⲡ ⲟⲩⲁ ⲛⲁ ⲱⲛϩ ⲡⲉϫⲉ ⲥⲁⲗⲱⲙⲏ ⲛⲧⲟⲕ ⲛⲓⲙ ⲡ ⲣⲱⲙⲉ ϩⲱⲥ ⲉⲃⲟⲗ ϩⲛ ⲟⲩⲁ ⲁ ⲛⲧⲟⲕ ⲧⲉⲗⲟ ⲉϫⲛ ⲡⲁ ϭⲗⲟϭ ⲁⲩⲱ ⲁ ⲛⲧⲟⲕ ⲟⲩⲱⲙ ⲉⲃⲟⲗ ϩⲛ ⲡⲁ ⲧⲣⲁⲡⲉⲍⲁ ⲡⲉϫⲉ ⲓⲏⲥⲟⲩⲥ ⲛⲁ ⲛⲧⲟⲥ ϫⲉ ⲁⲛⲟⲕ ⲡⲉ ⲡ ⲉⲧⲉⲣⲉ ϣⲱⲡⲉ ⲉⲃⲟⲗ ϩⲛ ⲡ ⲉⲧⲉⲣⲉ ϣⲱϣ ⲁ ⲛⲧⲟⲟⲩ ϯ ⲛⲁ ⲁⲛⲟⲕ ⲉⲃⲟⲗ ϩⲛ ⲡⲁ ⲡⲁ ⲉⲓⲱⲧ ⲁⲛⲟⲕ ⲡⲉⲕ ⲙⲁⲑⲏⲧⲏⲥ ⲉⲧⲃⲉ ⲡⲁⲓ ⲁⲛⲟⲕ ϫⲱ ⲛ ⲛⲧⲟⲥ ϫⲉ ϩⲟⲧⲁⲛ ⲉⲣϣⲁⲛ_ⲛⲧⲟϥ ϣⲱⲡⲉ ⲉⲣⲉ ⲛⲧⲟϥ ϣⲱϥ ⲛⲧⲟϥ ⲛⲁ ⲙⲟⲩϩ ⲟⲩⲟⲉⲓⲛ ϩⲟⲧⲁⲛ ⲇⲉ ⲉⲣϣⲁⲛ_ⲛⲧⲟϥ ϣⲱⲡⲉ ⲉⲣⲉ ⲛⲧⲟϥ ⲡⲱϣ ⲛⲧⲟϥ ⲛⲁ ⲙⲟⲩϩ ⲛ ⲕⲁⲕⲉ,VBD NPROP EXIST NUM FUT V PREP PPERO PREP ART N ART NUM FUT V ART NUM FUT V VBD NPROP PPERI PINT ART N CONJ ADV PREP NUM APST PPERS V PREP PPOS N CONJ APST PPERS V ADV PREP PPOS N VBD NPROP PREP PPERO CONJ PPERI COP
62,33,33,ⲡⲉϫ̣ⲉ̣ ⲓ̣︤ⲥ︥ ϫⲉ ⲉ ⲓ̈ ϫⲱ ⲛ̄ ⲛⲁ ⲙⲩⲥⲧⲏⲣⲓⲟⲛ ⲛ̄ ⲛ ⲉ̣[ⲧ ⲙⲡϣⲁ] ⲛ̣ [ⲛⲁ] ⲙ̣ⲩⲥⲧⲏⲣⲓⲟⲛ̣ ⲡ̣ ⲉ̣[ⲧ]ⲉ̣̣ ⲧ̣ⲉ̣ⲕ̣⳿ ⲟⲩⲛⲁⲙ ⲛⲁ ⲁ ϥ ⲙⲛ̄ ⲧⲣⲉ ⲧⲉⲕ ϩⲃⲟⲩⲣ̂ ⲉⲓⲙⲉ ϫⲉ ⲉ ⲥ ⲣ ⲟⲩ,ⲡⲉϫⲉ ⲓⲏⲥⲟⲩⲥ ϫⲉ ⲉⲣⲉ ⲁⲛⲟⲕ ϫⲱ ⲛ ⲡⲁ ⲙⲩⲥⲧⲏⲣⲓⲟⲛ ⲛ ⲡ ⲉⲧⲉⲣⲉ ⲙⲡϣⲁ ⲛ ⲡⲁ ⲙⲩⲥⲧⲏⲣⲓⲟⲛ ⲡ ⲉⲧⲉⲣⲉ ⲡⲉⲕ ⲟⲩⲛⲁⲙ ⲛⲁ ⲉⲓⲣⲉ ⲛⲧⲟϥ ⲙⲡⲣ ⲧⲣⲉ ⲡⲉⲕ ϩⲃⲟⲩⲣ ⲉⲓⲙⲉ ϫⲉ ⲉⲣⲉ ⲛⲧⲟⲥ ⲉⲓⲣⲉ ⲟⲩ,VBD NPROP CONJ CFOC PPERS V PREP PPOS N PREP ART CREL V PREP PPOS N ART CREL PPOS N FUT V PPERO NEG ACAUS PPOS N V CONJ CFOC PPERS V PINT
63,80,80,ⲡⲉϫⲉ ⲓ︤ⲥ︥ ϫⲉ ⲛⲉ ⲩⲛ̄ ⲟⲩ ⲣⲱⲙⲉ ⲙ̄ ⲡⲗⲟⲩⲥⲓⲟⲥ ⲉ ⲩⲛ̄ⲧⲁ ϥ ⲙ̄ⲙⲁⲩ ⲛ̄ ϩⲁϩ ⲛ̄ ⲭⲣⲏⲙⲁ ⲡⲉϫⲁ ϥ ϫⲉ ϯ ⲛⲁ ⲣ̄ⲭⲣⲱ ⲛ̄ ⲛⲁ ⲭⲣⲏⲙⲁ ϫⲉⲕⲁⲁⲥ ⲉ ⲉⲓ ⲛⲁ ϫⲟ ⲛ̄ ⲧⲁ ⲱ[[ϩ]]ⲥϩ ⲛ̄ⲧ ⲁ ⲧⲱϭⲉ ⲛ̄ⲧ ⲁ ⲙⲟⲩϩ ⲛ̄ ⲛⲁ ⲉϩⲱⲣ ⲛ̄ ⲕⲁⲣⲡⲟⲥ ϣⲓⲛⲁ ϫⲉ ⲛ ⲓ ⲣ̄ϭⲣⲱϩ ⲗ̄ ⲗⲁⲁⲩ ⲛⲁⲉⲓ ⲛⲉ ⲛⲉ ϥ ⲙⲉⲉⲩⲉ ⲉⲣⲟ ⲟⲩ ϩⲙ̄ ⲡⲉϥ ϩⲏⲧ⳿ ⲁⲩⲱ ϩⲛ̄ ⲧ ⲟⲩϣⲏ ⲉⲧ ⲙ̄ⲙⲁⲩ ⲁ ϥ ⲙⲟⲩ ⲡ ⲉⲧⲉ ⲩⲙ̄ ⲙⲁϫⲉ ⲙ̄ⲙⲟ ϥ⳿ ⲙⲁⲣⲉ ϥ⳿ ⲥⲱⲧⲙ,ⲡⲉϫⲉ ⲓⲏⲥⲟⲩⲥ ϫⲉ ⲛⲉⲣⲉ ⲟⲩⲛ ⲟⲩ ⲣⲱⲙⲉ ⲛ ⲡⲗⲟⲩⲥⲓⲟⲥ ⲉⲣⲉ ⲟⲩⲛⲧⲁ ⲛⲧⲟϥ ⲙⲙⲁⲩ ⲛ ϩⲁϩ ⲛ ⲭⲣⲏⲙⲁ ⲡⲉϫⲉ ⲛⲧⲟϥ ϫⲉ ⲁⲛⲟⲕ ⲛⲁ ⲣⲭⲣⲱ ⲛ ⲡⲁ ⲭⲣⲏⲙⲁ ϫⲉⲕⲁⲁⲥ ⲉⲣⲉ ⲁⲛⲟⲕ ⲛⲁ ϫⲟ ⲛⲧⲉ ⲁⲛⲟⲕ ⲱϩⲥ ⲛⲧⲉ ⲁⲛⲟⲕ ⲧⲱⲱϭⲉ ⲛⲧⲉ ⲁⲛⲟⲕ ⲙⲟⲩϩ ⲛ ⲡⲁ ⲁϩⲟ ⲛ ⲕⲁⲣⲡⲟⲥ ϩⲓⲛⲁ ϫⲉ ⲛ̄ⲛⲉ ⲁⲛⲟⲕ ⲣϭⲣⲱϩ ⲛ ⲗⲁⲁⲩ ⲡⲁⲓ ⲡⲉ ⲛⲉⲣⲉ ⲛⲧⲟϥ ⲙⲉⲉⲩⲉ ⲉ ⲛⲧⲟⲟⲩ ϩⲛ ⲡⲉϥ ϩⲏⲧ ⲁⲩⲱ ϩⲛ ⲡ ⲟⲩϣⲏ ⲉⲧⲉⲣⲉ ⲙⲙⲁⲩ ⲁ ⲛⲧⲟϥ ⲙⲟⲩ ⲡ ⲉⲧⲉⲣⲉ ⲟⲩⲛ ⲙⲁϫⲉ ⲛ ⲛⲧⲟϥ ⲙⲁⲣⲉ ⲛⲧⲟϥ ⲥⲱⲧⲙ,VBD NPROP CONJ CPRET EXIST ART N PREP N CCIRC EXIST PPERO ADV PREP N PREP N VBD PPERS CONJ PPERS FUT V PREP PPOS N CONJ CFOC PPERS FUT V ACONJ PPERS V ACONJ PPERS V ACONJ PPERS V PREP PPOS N PREP N CONJ CONJ ANEGOPT PPERS V
64,269,269,ⲡⲉϫⲉ ⲓ︤ⲥ︥ ϫⲉ ⲟⲩ ⲣⲱⲙⲉ ⲛⲉ ⲩⲛ̄ⲧⲁ ϥ̣ ϩⲛ̄ ϣⲙ̄ⲙⲟ ⲁⲩⲱ ⲛ̄ⲧⲁⲣⲉ ϥ ⲥⲟⲃⲧⲉ ⲙ̄ ⲡ ⲇⲓⲡⲛⲟⲛ ⲁ ϥ ϫⲟⲟⲩ ⲙ̄ ⲡⲉϥ ϩⲙϩ︤ⲁ︥︤ⲗ︥ ϣⲓⲛⲁ ⲉ ϥ ⲛⲁ ⲧⲱϩⲙ ⲛ̄ ⲛ̄ ϣⲙ̄ⲙⲟⲉⲓ ⲁ ϥ ⲃⲱⲕ⳿ ⲙ̄ ⲡ ϣⲟⲣⲡ⳿ · ⲡⲉϫⲁ ϥ ⲛⲁ ϥ⳿ ϫⲉ ⲡⲁ ϫⲟⲉⲓⲥ ⲧⲱϩⲙ̄ ⲙ̄ⲙⲟ ⲕ⳿ ⲡⲉϫⲁ ϥ ϫⲉ ⲟⲩⲛ̄ⲧⲁ ⲉⲓ ϩⲛ̄ ϩⲟⲙⲧ⳿ ⲁ ϩⲉⲛ ⲉⲙⲡⲟⲣⲟⲥ ⲥⲉ ⲛ̄ⲛⲏⲩ ϣⲁⲣⲟ ⲉⲓ ⲉ ⲣⲟⲩϩⲉ ϯ ⲛⲁ ⲃⲱⲕ⳿ ⲛ̄ ⲧⲁ ⲟⲩⲉϩⲥⲁϩⲛⲉ ⲛⲁ ⲩ ϯ ⲣ̄ⲡⲁⲣⲁⲓⲧⲉⲓ ⲙ̄ ⲡ ⲇⲓⲡⲛⲟⲛ ⲁ ϥ ⲃⲱⲕ⳿ ϣⲁ ⲕⲉ ⲟⲩⲁ ⲡⲉϫⲁ ϥ ⲛⲁ ϥ⳿ ϫⲉ ⲁ ⲡⲁ ϫⲟⲉⲓⲥ ⲧⲱϩⲙ̄ ⲙ̄ⲙⲟ ⲕ⳿ ⲡⲉϫⲁ ϥ ⲛⲁ ϥ ϫⲉ ⲁ ⲉⲓ ⲧⲟⲟⲩ ⲟⲩ ⲏⲉⲓ ⲁⲩⲱ ⲥⲉ ⲣ̄ⲁⲓⲧⲉⲓ ⲙ̄ⲙⲟ ⲉⲓ ⲛ̄ ⲟⲩ ϩⲏⲙⲉⲣⲁ ϯ ⲛⲁ ⲥⲣ̄ϥⲉ ⲁ(ⲛ) ⲁ ϥ ⲉⲓ ϣⲁ ⲕⲉ ⲟⲩⲁ ⲡⲉϫⲁ ϥ ⲛⲁ ϥ⳿ ϫⲉ ⲡⲁ ϫⲟⲉⲓⲥ ⲧⲱϩⲙ̄ ⲙ̄ⲙⲟ ⲕ⳿ ⲡⲉϫⲁ ϥ ⲛⲁ ϥ ϫⲉ ⲡⲁ ϣⲃⲏⲣ⳿ ⲛⲁ ⲣ̄ϣⲉⲗⲉⲉⲧ ⲁⲩⲱ ⲁⲛⲟⲕ⳿ ⲉⲧ ⲛⲁ ⲣ̄ⲇⲓⲡⲛⲟⲛ ϯ ⲛⲁ ϣ ⲓ ⲁⲛ ϯ ⲣ̄ⲡⲁⲣⲁⲓⲧⲉⲓ ⲙ̄ ⲡ ⲇⲓⲡⲛⲟⲛ⳿ ⲁ ϥ⳿ ⲃⲱⲕ⳿ ϣⲁ ⲕⲉ ⲟⲩⲁ ⲡⲉϫⲁ ϥ ⲛⲁ ϥ ϫⲉ ⲡⲁ ϫⲟⲉⲓⲥ ⲧⲱϩⲙ ⲙ̄ⲙⲟ ⲕ⳿ ⲡⲉϫⲁ ϥ ⲛⲁ ϥ⳿ ϫⲉ ⲁ ⲉⲓ ⲧⲟⲟⲩ ⲛ̄ ⲟⲩ ⲕⲱⲙⲏ ⲉ ⲉⲓ ⲃⲏⲕ⳿ ⲁ ϫⲓ ⲛ̄ ϣⲱⲙ ϯ ⲛⲁ ϣⲓ ⲓ ⲁⲛ ϯ ⲣ̄ⲡⲁⲣⲁⲓⲧⲉⲓ ⲁ ϥ ⲉⲓ ⲛ̄ϭⲓ ⲡ ϩⲙϩ︤ⲁ︥︤ⲗ︥ ⲁ ϥ ϫⲟⲟ ⲥ ⲁ ⲡⲉϥ ϫⲟⲉⲓⲥ ϫⲉ ⲛ ⲉⲛⲧ ⲁ ⲕ⳿ ⲧⲁϩⲙ ⲟⲩ ⲁ ⲡ ⲇⲓⲡⲛⲟⲛ ⲁ ⲩ ⲡⲁⲣⲁⲓⲧⲉⲓ ⲡⲉϫⲉ ⲡ ϫⲟⲉⲓⲥ ⲙ̄ ⲡⲉϥ ϩⲙϩⲁ︤ⲗ︥ ϫⲉ ⲃⲱⲕ⳿ ⲉ ⲡ ⲥⲁ ⲛ ⲃⲟⲗ ⲁ ⲛ ϩⲓⲟⲟⲩⲉ ⲛ ⲉⲧ ⲕ ⲛⲁ ϩⲉ ⲉⲣⲟ ⲟⲩ ⲉⲛⲓ ⲟⲩ ϫⲉⲕⲁⲁⲥ ⲉ ⲩ ⲛⲁ̣ ⲣ̣̄ⲇ̣ⲓ̣ⲡ̣ⲛⲉⲓ ⲛ̄ ⲣⲉϥⲧⲟⲟⲩ ⲙⲛ̄ ⲛⲉ ϣⲟⲧ̣[ⲉ ⲥⲉ ⲛⲁ ⲃ]ⲱ̣ⲕ̣ ⲁⲛ⳿ ⲉϩⲟⲩⲛ⳿ ⲉ ⲛ ⲧⲟⲡⲟⲥ ⲙ ⲡⲁ ⲓ̈ⲱⲧ⳿,ⲡⲉϫⲉ ⲓⲏⲥⲟⲩⲥ ϫⲉ ⲟⲩ ⲣⲱⲙⲉ ⲛⲉⲣⲉ ⲟⲩⲛⲧⲁ ⲛⲧⲟϥ ⲟⲩ ϣⲙⲙⲟ ⲁⲩⲱ ⲛⲧⲁⲣⲉ ⲛⲧⲟϥ ⲥⲟⲃⲧⲉ ⲛ ⲡ ⲇⲉⲓⲡⲛⲟⲛ ⲁ ⲛⲧⲟϥ ϫⲟⲟⲩ ⲛ ⲡⲉϥ ϩⲙϩⲁⲗ ϩⲓⲛⲁ ⲉⲣⲉ ⲛⲧⲟϥ ⲛⲁ ⲧⲱϩⲙ ⲛ ⲡ ϣⲙⲙⲟ ⲁ ⲛⲧⲟϥ ⲃⲱⲕ ⲛ ⲡ ϣⲟⲣⲡ · ⲡⲉϫⲉ ⲛⲧⲟϥ ⲛⲁ ⲛⲧⲟϥ ϫⲉ ⲡⲁ ϫⲟⲉⲓⲥ ⲧⲱϩⲙ ⲛ ⲛⲧⲟⲕ ⲡⲉϫⲉ ⲛⲧⲟϥ ϫⲉ ⲟⲩⲛⲧⲁ ⲁⲛⲟⲕ ⲟⲩ ϩⲟⲙⲧ ⲉ ⲟⲩ ⲉⲙⲡⲟⲣⲟⲥ ⲛⲧⲟⲟⲩ ⲉⲓ ϣⲁ ⲁⲛⲟⲕ ⲉ ⲣⲟⲩϩⲉ ⲁⲛⲟⲕ ⲛⲁ ⲃⲱⲕ ⲛⲧⲉ ⲁⲛⲟⲕ ⲟⲩⲉϩⲥⲁϩⲛⲉ ⲛⲁ ⲛⲧⲟⲟⲩ ⲁⲛⲟⲕ ⲣⲡⲁⲣⲁⲓⲧⲉⲓ ⲛ ⲡ ⲇⲉⲓⲡⲛⲟⲛ ⲁ ⲛⲧⲟϥ ⲃⲱⲕ ϣⲁ ⲕⲉ ⲟⲩⲁ ⲡⲉϫⲉ ⲛⲧⲟϥ ⲛⲁ ⲛⲧⲟϥ ϫⲉ ⲁ ⲡⲁ ϫⲟⲉⲓⲥ ⲧⲱϩⲙ ⲛ ⲛⲧⲟⲕ ⲡⲉϫⲉ ⲛⲧⲟϥ ⲛⲁ ⲛⲧⲟϥ ϫⲉ ⲁ ⲁⲛⲟⲕ ⲧⲟⲟⲩ ⲟⲩ ⲏⲓ ⲁⲩⲱ ⲛⲧⲟⲟⲩ ⲣⲁⲓⲧⲉⲓ ⲛ ⲁⲛⲟⲕ ⲛ ⲟⲩ ϩⲏⲙⲉⲣⲁ ⲁⲛⲟⲕ ⲛⲁ ⲥⲣϥⲉ ⲁⲛ ⲁ ⲛⲧⲟϥ ⲉⲓ ϣⲁ ⲕⲉ ⲟⲩⲁ ⲡⲉϫⲉ ⲛⲧⲟϥ ⲛⲁ ⲛⲧⲟϥ ϫⲉ ⲡⲁ ϫⲟⲉⲓⲥ ⲧⲱϩⲙ ⲛ ⲛⲧⲟⲕ ⲡⲉϫⲉ ⲛⲧⲟϥ ⲛⲁ ⲛⲧⲟϥ ϫⲉ ⲡⲁ ϣⲃⲏⲣ ⲛⲁ ⲣϣⲉⲗⲉⲉⲧ ⲁⲩⲱ ⲁⲛⲟⲕ ⲉⲧⲉⲣⲉ ⲛⲁ ⲣⲇⲓⲡⲛⲟⲛ ⲁⲛⲟⲕ ⲛⲁ ϣ ⲉⲓ ⲁⲛ ⲁⲛⲟⲕ ⲣⲡⲁⲣⲁⲓⲧⲉⲓ ⲛ ⲡ ⲇⲉⲓⲡⲛⲟⲛ ⲁ ⲛⲧⲟϥ ⲃⲱⲕ ϣⲁ ⲕⲉ ⲟⲩⲁ ⲡⲉϫⲉ ⲛⲧⲟϥ ⲛⲁ ⲛⲧⲟϥ ϫⲉ ⲡⲁ ϫⲟⲉⲓⲥ ⲧⲱϩⲙ ⲛ ⲛⲧⲟⲕ ⲡⲉϫⲉ ⲛⲧⲟϥ ⲛⲁ ⲛⲧⲟϥ ϫⲉ ⲁ ⲁⲛⲟⲕ ⲧⲟⲟⲩ ⲛ ⲟⲩ ⲕⲱⲙⲏ ⲉⲣⲉ ⲁⲛⲟⲕ ⲃⲱⲕ ⲉ ϫⲓ ⲡ ϣⲱⲙ ⲁⲛⲟⲕ ⲛⲁ ϣ ⲉⲓ ⲁⲛ ⲁⲛⲟⲕ ⲣⲡⲁⲣⲁⲓⲧⲉⲓ ⲁ ⲛⲧⲟϥ ⲉⲓ ⲛϭⲓ ⲡ ϩⲙϩⲁⲗ ⲁ ⲛⲧⲟϥ ϫⲱ ⲛⲧⲟⲥ ⲉ ⲡⲉϥ ϫⲟⲉⲓⲥ ϫⲉ ⲡ ⲉⲧⲉⲣⲉ ⲁ ⲛⲧⲟⲕ ⲧⲱϩⲙ ⲛⲧⲟⲟⲩ ⲉ ⲡ ⲇⲉⲓⲡⲛⲟⲛ ⲁ ⲛⲧⲟⲟⲩ ⲡⲁⲣⲁⲓⲧⲉⲓ ⲡⲉϫⲉ ⲡ ϫⲟⲉⲓⲥ ⲛ ⲡⲉϥ ϩⲙϩⲁⲗ ϫⲉ ⲃⲱⲕ ⲉ ⲡ ⲥⲁ ⲛ ⲃⲟⲗ ⲉ ⲡ ϩⲓⲏ ⲡ ⲉⲧⲉⲣⲉ ⲛⲧⲟⲕ ⲛⲁ ϩⲉ ⲉ ⲛⲧⲟⲟⲩ ⲉⲓⲛⲉ ⲛⲧⲟⲟⲩ ϫⲉⲕⲁⲁⲥ ⲉⲣⲉ ⲛⲧⲟⲟⲩ ⲛⲁ ⲣⲇⲓⲡⲛⲉⲓ ⲛ ⲣⲉϥⲧⲟⲟⲩ ⲙⲛ ⲡ ϣⲟⲧⲉ ⲛⲧⲟⲟⲩ ⲛⲁ ⲃⲱⲕ ⲁⲛ ⲉϩⲟⲩⲛ ⲉ ⲡ ⲧⲟⲡⲟⲥ ⲛ ⲡⲁ ⲉⲓⲱⲧ,VBD NPROP CONJ ART N CPRET EXIST PPERO ART N CONJ APREC PPERS V PREP ART N APST PPERS V PREP PPOS N CONJ CFOC PPERS FUT V PREP ART N APST PPERS V PREP ART N PUNCT VBD PPERS PREP PPERO CONJ PPOS N V PREP PPERO VBD PPERS
65,167,167,ⲡⲉϫⲁ ϥ ϫⲉ ⲟⲩ ⲣⲱⲙⲉ ⲛ ⲭⲣ̣ⲏ̣[ⲥⲧⲟ]ⲥ̣ ⲛⲉ ⲩⲛ[ⲧⲁ ϥ] ⲛ̄ ⲟⲩ ⲙⲁ ⲛ̄ ⲉⲗⲟⲟⲗⲉ ⲁ ϥ ⲧⲁ⳿ⲁ ϥ ⲛ̄ ϩ̣ⲛ ⲟⲩⲟⲉⲓⲉ ϣⲓⲛⲁ ⲉ ⲩ ⲛⲁ ⲣ̄ϩⲱⲃ⳿ ⲉⲣⲟ ϥ⳿ ⲛ̄ ϥ ϫⲓ ⲙ̣̄ ⲡⲉϥ ⲕⲁⲣ⳿ⲡⲟⲥ ⲛ̄ⲧⲟⲟⲧ ⲟⲩ ⲁ ϥ ϫⲟⲟⲩ ⲙ̄ ⲡⲉϥ ϩⲙϩ︤ⲁ︥︤ⲗ︥ ϫⲉⲕⲁⲁⲥ ⲉ ⲛ ⲟⲩⲟⲉⲓⲉ ⲛⲁ ϯ ⲛⲁ ϥ⳿ ⲙ̄ ⲡ ⲕⲁⲣⲡⲟⲥ ⲙ̄ ⲡ ⲙⲁ ⲛ̄ ⲉⲗⲟⲟⲗⲉ ⲁ ⲩ ⲉⲙⲁϩⲧⲉ ⲙ̄ ⲡⲉϥ ϩⲙ̄ϩ︤ⲁ︥︤ⲗ︥ ⲁ ⲩ ϩⲓⲟⲩⲉ ⲉⲣⲟ ϥ⳿ ⲛⲉ ⲕⲉ ⲕⲟⲩⲉⲓ ⲡⲉ ⲛ̄ ⲥⲉ⳿ ⲙⲟⲟⲩⲧ ϥ⳿ ⲁ ⲡ ϩⲙϩ︤ⲁ︥︤ⲗ︥ ⲃⲱⲕ⳿ ⲁ ϥ ϫⲟⲟ ⲥ ⲉ ⲡⲉϥ ϫⲟⲉⲓⲥ ⲡⲉϫⲉ ⲡⲉϥ ϫⲟⲉⲓⲥ ϫⲉ ⲙⲉϣⲁⲕ⳿ ⲙ̣̄ⲡⲉ ϥ⳿ ⲥⲟⲩⲱⲛ ⲟⲩ ⲁ ϥ ϫⲟⲟⲩ ⲛ̄ ⲕⲉ ϩⲙϩ︤ⲁ︥︤ⲗ︥ ⲁ ⲛ ⲟⲩⲟⲉⲓⲉ ϩⲓⲟⲩⲉ ⲉ ⲡ ⲕⲉ ⲟⲩⲁ ⲧⲟⲧⲉ ⲁ ⲡ ϫⲟⲉⲓⲥ ϫⲟⲟⲩ ⲙ̄ ⲡⲉϥ ϣⲏⲣⲉ ⲡⲉϫⲁ ϥ⳿ ϫⲉ ⲙⲉϣⲁⲕ⳿ ⲥⲉ ⲛⲁ ϣⲓⲡⲉ ϩⲏⲧ ϥ⳿ ⲙ̄ ⲡⲁ ϣⲏⲣⲉ ⲁ ⲛ⳿ ⲟⲩⲟⲉⲓⲉ ⲉⲧ ⲙ̄ⲙⲁⲩ ⲉⲡⲉⲓ ⲥⲉ ⲥⲟⲟⲩⲛ ϫⲉ ⲛ̄ⲧⲟϥ ⲡⲉ ⲡⲉ ⲕⲗⲏⲣⲟⲛⲟⲙⲟⲥ ⲙ̄ ⲡ ⲙⲁ ⲛ̄ ⲉⲗⲟⲟⲗⲉ ⲁ ⲩ ϭⲟⲡ ϥ⳿ ⲁ ⲩ ⲙⲟⲟⲩⲧ ϥ⳿ ⲡ ⲉⲧⲉ ⲩⲙ̄ ⲙⲁⲁϫⲉ ⲙ̄ⲙⲟ ϥ̂ ⲙⲁⲣⲉ ϥ ⲥⲱⲧⲙ̄,ⲡⲉϫⲉ ⲛⲧⲟϥ ϫⲉ ⲟⲩ ⲣⲱⲙⲉ ⲛ ⲭⲣⲏⲥⲧⲟⲥ ⲛⲉⲣⲉ ⲟⲩⲛⲧⲁ ⲛⲧⲟϥ ⲛ ⲟⲩ ⲙⲁ ⲛ ⲉⲗⲟⲟⲗⲉ ⲁ ⲛⲧⲟϥ ϯ ⲛⲧⲟϥ ⲛ ⲟⲩ ⲟⲩⲟⲉⲓⲉ ϩⲓⲛⲁ ⲉⲣⲉ ⲛⲧⲟⲟⲩ ⲛⲁ ⲣϩⲱⲃ ⲉ ⲛⲧⲟϥ ⲛⲧⲉ ⲛⲧⲟϥ ϫⲓ ⲛ ⲡⲉϥ ⲕⲁⲣⲡⲟⲥ ⲛⲧⲛ ⲛⲧⲟⲟⲩ ⲁ ⲛⲧⲟϥ ϫⲟⲟⲩ ⲛ ⲡⲉϥ ϩⲙϩⲁⲗ ϫⲉⲕⲁⲁⲥ ⲉⲣⲉ ⲡ ⲟⲩⲟⲉⲓⲉ ⲛⲁ ϯ ⲛⲁ ⲛⲧⲟϥ ⲛ ⲡ ⲕⲁⲣⲡⲟⲥ ⲛ ⲡ ⲙⲁ ⲛ ⲉⲗⲟⲟⲗⲉ ⲁ ⲛⲧⲟⲟⲩ ⲁⲙⲁϩⲧⲉ ⲛ ⲡⲉϥ ϩⲙϩⲁⲗ ⲁ ⲛⲧⲟⲟⲩ ϩⲓⲟⲩⲉ ⲉ ⲛⲧⲟϥ ⲛⲉⲣⲉ ⲕⲉ ⲕⲟⲩⲓ ⲡⲉ ⲛⲧⲉ ⲛⲧⲟⲟⲩ ⲙⲟⲩⲟⲩⲧ ⲛⲧⲟϥ ⲁ ⲡ ϩⲙϩⲁⲗ ⲃⲱⲕ ⲁ ⲛⲧⲟϥ ϫⲱ ⲛⲧⲟⲥ ⲉ ⲡⲉϥ ϫⲟⲉⲓⲥ ⲡⲉϫⲉ ⲡⲉϥ ϫⲟⲉⲓⲥ ϫⲉ ⲙⲉϣⲁⲕ ⲙⲡⲉ ⲛⲧⲟϥ ⲥⲟⲟⲩⲛ ⲛⲧⲟⲟⲩ ⲁ ⲛⲧⲟϥ ϫⲟⲟⲩ ⲛ ⲕⲉ ϩⲙϩⲁⲗ ⲁ ⲡ ⲟⲩⲟⲉⲓⲉ ϩⲓⲟⲩⲉ ⲉ ⲡ ⲕⲉ ⲟⲩⲁ ⲧⲟⲧⲉ ⲁ ⲡ ϫⲟⲉⲓⲥ ϫⲟⲟⲩ ⲛ ⲡⲉϥ ϣⲏⲣⲉ ⲡⲉϫⲉ ⲛⲧⲟϥ ϫⲉ ⲙⲉϣⲁⲕ ⲛⲧⲟⲟⲩ ⲛⲁ ϣⲓⲡⲉ ϩⲏⲧ ⲛⲧⲟϥ ⲛ ⲡⲁ ϣⲏⲣⲉ ⲁ ⲡ ⲟⲩⲟⲉⲓⲉ ⲉⲧⲉⲣⲉ ⲙⲙⲁⲩ ⲉⲡⲉⲓ ⲛⲧⲟⲟⲩ ⲥⲟⲟⲩⲛ ϫⲉ ⲛⲧⲟϥ ⲡⲉ ⲡ ⲕⲗⲏⲣⲟⲛⲟⲙⲟⲥ ⲛ ⲡ ⲙⲁ ⲛ ⲉⲗⲟⲟⲗⲉ ⲁ ⲛⲧⲟⲟⲩ ϭⲱⲡⲉ ⲛⲧⲟϥ ⲁ ⲛⲧⲟⲟⲩ ⲙⲟⲩⲟⲩⲧ ⲛⲧⲟϥ ⲡ ⲉⲧⲉⲣⲉ ⲟⲩⲛ ⲙⲁⲁϫⲉ ⲛ ⲛⲧⲟϥ ⲙⲁⲣⲉ ⲛⲧⲟϥ ⲥⲱⲧⲙ,VBD PPERS CONJ ART N PREP N CPRET EXIST PPERO PREP ART N PREP N APST PPERS V PPERO PREP ART N CONJ CFOC PPERS FUT V PREP PPERO ACONJ PPERS V PREP PPOS N PREP PPERO APST PPERS V PREP PPOS N CONJ CFOC ART N FUT V PREP
66,26,26,ⲡⲉϫⲉ ⲓ︤ⲥ︥ ϫⲉ ⲙⲁ ⲧⲥⲉⲃⲟ ⲉⲓ ⲉ ⲡ ⲱⲛⲉ ⲡⲁⲉⲓ ⲛ̄ⲧ ⲁ ⲩ ⲥⲧⲟ ϥ̂ ⲉⲃⲟⲗ⳿ ⲛ̄ϭⲓ ⲛ ⲉⲧ⳿ ⲕⲱⲧ⳿ ⲛ̄ⲧⲟϥ ⲡⲉ ⲡ ⲱⲱⲛⲉ ⲛ̄ ⲕⲱϩ,ⲡⲉϫⲉ ⲓⲏⲥⲟⲩⲥ ϫⲉ ϯ ⲧⲥⲁⲃⲟ ⲁⲛⲟⲕ ⲉ ⲡ ⲱⲛⲉ ⲡⲁⲓ ⲉⲧⲉⲣⲉ ⲁ ⲛⲧⲟⲟⲩ ⲧⲥⲧⲟ ⲛⲧⲟϥ ⲉⲃⲟⲗ ⲛϭⲓ ⲡ ⲉⲧⲉⲣⲉ ⲕⲱⲧ ⲛⲧⲟϥ ⲡⲉ ⲡ ⲱⲛⲉ ⲛ ⲕⲱϩ,VBD NPROP CONJ VIMP V PPERO PREP ART N PDEM CREL APST PPERS V PPERO ADV PTC ART CREL V PPERI COP ART N PREP N
67,21,21,ⲡⲉϫⲉ ⲓ︤ⲥ︥ ϫⲉ ⲡ ⲉⲧ ⲥⲟⲟⲩⲛ ⲙ̄ ⲡ ⲧⲏⲣϥ⳿ ⲉ ϥ ⲣ̄ϭⲣⲱϩ ⲟⲩⲁⲁ ϥ ⟨ϥ⟩ ⲣ̄ϭⲣⲱϩ ⲙ̄ ⲡ ⲙⲁ ⲧⲏⲣ ϥ⳿,ⲡⲉϫⲉ ⲓⲏⲥⲟⲩⲥ ϫⲉ ⲡ ⲉⲧⲉⲣⲉ ⲥⲟⲟⲩⲛ ⲛ ⲡ ⲧⲏⲣϥ ⲉⲣⲉ ⲛⲧⲟϥ ⲣϭⲣⲱϩ ⲟⲩⲁⲁ ⲛⲧⲟϥ ⲛⲧⲟϥ ⲣϭⲣⲱϩ ⲛ ⲡ ⲙⲁ ⲧⲏⲣ ⲛⲧⲟϥ,VBD NPROP CONJ ART CREL V PREP ART N CCIRC PPERS V IMOD PPERO PPERS V PREP ART N IMOD PPERO
68,34,34,ⲡⲉϫⲉ ⲓ︤ⲥ︥ ϫⲉ ⲛⲧⲱⲧⲛ ϩⲙ ⲙⲁⲕⲁⲣⲓⲟⲥ ϩⲟⲧⲁ(ⲛ) ⲉⲩϣⲁⲛ ⲙⲉⲥⲧⲉ ⲧⲏⲩⲧⲛ̄ ⲛ̄ ⲥⲉ ⲣ̄ⲇⲓⲱⲕⲉ ⲙ̄ⲙⲱ ⲧⲛ̄ ⲁⲩⲱ ⲥⲉ ⲛⲁ ϩⲉ ⲁⲛ ⲉ ⲧⲟⲡⲟⲥ ϩⲙ̄ ⲡ ⲙⲁ ⲉⲛⲧ ⲁ ⲩ ⲇⲓⲱⲕⲉ ⲙ̄ⲙⲱ ⲧⲛ̄ ϩⲣⲁⲓ̈ ⲛ̄ϩⲏⲧ ϥ̅,ⲡⲉϫⲉ ⲓⲏⲥⲟⲩⲥ ϫⲉ ⲛⲧⲱⲧⲛ ⲟⲩ ⲙⲁⲕⲁⲣⲓⲟⲥ ϩⲟⲧⲁⲛ ⲉⲣϣⲁⲛ_ⲛⲧⲟⲟⲩ ⲙⲟⲥⲧⲉ ⲛⲧⲱⲧⲛ ⲛⲧⲉ ⲛⲧⲟⲟⲩ ⲣⲇⲓⲱⲕⲉ ⲛ ⲛⲧⲱⲧⲛ ⲁⲩⲱ ⲛⲧⲟⲟⲩ ⲛⲁ ϩⲉ ⲁⲛ ⲉ ⲧⲟⲡⲟⲥ ϩⲛ ⲡ ⲙⲁ ⲉⲧⲉⲣⲉ ⲁ ⲛⲧⲟⲟⲩ ⲇⲓⲱⲕⲉ ⲛ ⲛⲧⲱⲧⲛ ϩⲣⲁⲓ ϩⲛ ⲛⲧⲟϥ,VBD NPROP CONJ PPERI ART N CONJ ACOND_PPERS V PPERO ACONJ PPERS V PREP PPERO CONJ PPERS FUT V NEG PREP N PREP ART N CREL APST PPERS V PREP PPERO ADV PREP N
69,46,46,ⲡⲉϫⲉ ⲓ︤ⲥ︥ ϩⲙ̄ ⲙⲁⲕⲁⲣⲓⲟⲥ ⲛⲉ ⲛⲁⲉⲓ ⲛ̄ⲧ ⲁ ⲩ ⲇⲓⲱⲕⲉ ⲙ̄ⲙⲟ ⲟⲩ ϩⲣⲁⲓ̈ ϩⲙ̄ ⲡⲟⲩ ϩⲏⲧ ⲛ ⲉⲧ ⲙ̄ⲙⲁⲩ⳿ ⲛ ⲉⲛⲧ ⲁ ϩ ⲥⲟⲩⲱⲛ ⲡ ⲉⲓⲱⲧ⳿ ϩⲛ̄ ⲟⲩ ⲙⲉ ϩⲙ̄ ⲙⲁⲕⲁⲣⲓⲟⲥ ⲛ ⲉⲧ ϩⲕⲁⲉⲓⲧ⳿ ϣⲓⲛⲁ ⲉ ⲩ ⲛⲁ ⲧⲥⲓⲟ ⲛ̄ ⲑ ϩⲏ ⲙ̄ ⲡ ⲉⲧ ⲟⲩⲱϣ,ⲡⲉϫⲉ ⲓⲏⲥⲟⲩⲥ ⲟⲩ ⲙⲁⲕⲁⲣⲓⲟⲥ ⲡⲉ ⲡⲁⲓ ⲉⲧⲉⲣⲉ ⲁ ⲛⲧⲟⲟⲩ ⲇⲓⲱⲕⲉ ⲛ ⲛⲧⲟⲟⲩ ϩⲣⲁⲓ ϩⲛ ⲡⲉⲩ ϩⲏⲧ ⲡ ⲉⲧⲉⲣⲉ ⲙⲙⲁⲩ ⲡ ⲉⲧⲉⲣⲉ ⲁ ⲛⲧⲟϥ ⲥⲟⲟⲩⲛ ⲡ ⲉⲓⲱⲧ ϩⲛ ⲟⲩ ⲙⲉ ⲟⲩ ⲙⲁⲕⲁⲣⲓⲟⲥ ⲡ ⲉⲧⲉⲣⲉ ϩⲕⲟ ϩⲓⲛⲁ ⲉⲣⲉ ⲛⲧⲟⲟⲩ ⲛⲁ ⲧⲥⲉⲓⲟ ⲛ ⲡ ϩⲏ ⲛ ⲡ ⲉⲧⲉⲣⲉ ⲟⲩⲱϣ,VBD NPROP ART N COP ART CREL APST PPERS V PREP PPERO ADV PREP PPOS N ART CREL ADV ART CREL APST PPERS V ART N PREP ART N ART N ART CREL VSTAT CONJ CFOC PPERS FUT V PREP ART N PREP ART CREL V
70,34,34,ⲡⲉϫⲉ ⲓ︤ⲥ︥ ϩⲟⲧⲁⲛ ⲉⲧⲉⲧⲛ̄ϣⲁ ϫⲡⲉ ⲡⲏ ϩⲛ̄ ⲧⲏⲩⲧⲛ̄ ⲡⲁⲓ̈ ⲉⲧⲉ ⲩⲛ̄ⲧⲏ ⲧⲛ︤ ϥ̅ ϥ ⲛⲁ ⲧⲟⲩϫⲉ ⲧⲏⲩⲧⲛ̄ ⲉϣⲱⲡⲉ ⲙⲛ̄ ⲧⲛ̄ ⲡⲏ ϩⲛ̄ ⲧ[ⲏ]ⲩⲧⲛ ⲡⲁⲉⲓ ⲉⲧⲉ ⲙⲛ̄ ⲧⲛ︤ ϥ̅ ϩⲛ̄ ⲧⲏⲛⲉ ϥ̣ [ⲛⲁ ⲙ]ⲟ̣ⲩ̣ⲧ̣⳿ ⲧⲏⲛⲉ,ⲡⲉϫⲉ ⲓⲏⲥⲟⲩⲥ ϩⲟⲧⲁⲛ ⲉⲣϣⲁⲛ_ⲛⲧⲟⲟⲩ ϫⲡⲟ ⲡⲏ ϩⲛ ⲛⲧⲱⲧⲛ ⲡⲁⲓ ⲉⲧⲉⲣⲉ ⲟⲩⲛⲧⲁ ⲛⲧⲱⲧⲛ ⲛⲧⲟϥ ⲛⲧⲟϥ ⲛⲁ ⲧⲟⲩϫⲟ ⲛⲧⲱⲧⲛ ⲉϣⲱⲡⲉ ⲙⲛⲧⲁ ⲁⲛⲟⲛ ⲡⲏ ϩⲛ ⲛⲧⲱⲧⲛ ⲡⲁⲓ ⲉⲧⲉⲣⲉ ⲙⲛⲧⲁ ⲛⲧⲱⲧⲛ ⲛⲧⲟϥ ϩⲛ ⲧⲏⲛⲉ ⲛⲧⲟϥ ⲛⲁ ⲙⲟⲩⲟⲩⲧ ⲛⲧⲱⲧⲛ,VBD NPROP CONJ ACOND_PPERS V PDEM PREP PPERO PDEM CREL EXIST PPERO PPERO PPERS FUT V PPERO CONJ EXIST PPERS PDEM PREP PPERO PDEM CREL EXIST PPERO PPERO PREP N PPERS FUT V PPERO
71,18,18,ⲡⲉϫⲉ ⲓ︤ⲥ︥ ϫⲉ ϯ ⲛⲁ ϣⲟⲣ[ϣⲣ ⲙ ⲡⲉⲉ]ⲓ̣ ⲏ̣ⲉⲓ ⲁⲩⲱ ⲙⲛ̄ ⲗⲁⲁⲩ ⲛⲁ ϣ ⲕⲟⲧ ϥ . [........],ⲡⲉϫⲉ ⲓⲏⲥⲟⲩⲥ ϫⲉ ⲁⲛⲟⲕ ⲛⲁ ϣⲟⲣϣⲣ ⲛ ⲡⲉⲓ ⲏⲓ ⲁⲩⲱ ⲙⲛ ⲗⲁⲁⲩ ⲛⲁ ϣ ⲕⲱⲧ ⲛⲧⲟϥ . UNKNOWN,VBD NPROP CONJ PPERS FUT V PREP PDEM N CONJ EXIST N FUT V V PPERO PUNCT UNKNOWN
72,59,59,[ⲡⲉ]ϫ̣ⲉ̣ ⲟ̣ⲩ̣ ⲣ̣[ⲱⲙ]ⲉ̣ ⲛ̣ⲁ̣ ϥ̣ ̣ϫ̣ⲉ ϫⲟⲟ ⲥ ⲛ̄ ⲛⲁ ⲥⲛⲏⲩ ϣⲓⲛⲁ ⲉ ⲩ ⲛⲁ̣ ⲡ̣ⲱϣⲉ ⲛ̄ ⲛ̄ ϩⲛⲁⲁⲩ ⲙ̄ ⲡⲁ ⲉⲓⲱⲧ⳿ ⲛⲙ̄ⲙⲁ ⲉⲓ ⲡⲉϫⲁ ϥ ⲛⲁ ϥ̂ ϫⲉ ⲱ ⲡ ⲣⲱⲙⲉ ⲛⲓⲙ ⲡⲉ ⲛ̄ⲧ ⲁ ϩ̣ ⲁⲁ ⲧ⳿ ⲛ̄ ⲣⲉϥⲡⲱϣⲉ ⲁ ϥ ⲕⲟⲧ ϥ̅ ⲁ⳿ ⲛⲉϥ ⲙⲁⲑⲏⲧⲏⲥ ⲡⲉϫⲁ ϥ ⲛⲁ ⲩ ϫⲉ ⲙⲏ ⲉ ⲉⲓ ϣⲟⲟⲡ̂ ⲛ̄ ⲣⲉϥ⳿ⲡⲱϣⲉ,ⲡⲉϫⲉ ⲟⲩ ⲣⲱⲙⲉ ⲛⲁ ⲛⲧⲟϥ ϫⲉ ϫⲱ ⲛⲧⲟⲥ ⲛ ⲡⲁ ⲥⲟⲛ ϩⲓⲛⲁ ⲉⲣⲉ ⲛⲧⲟⲟⲩ ⲛⲁ ⲡⲱϣⲉ ⲛ ⲡ ϩⲛⲁⲁⲩ ⲛ ⲡⲁ ⲉⲓⲱⲧ ⲙⲛ ⲁⲛⲟⲕ ⲡⲉϫⲉ ⲛⲧⲟϥ ⲛⲁ ⲛⲧⲟϥ ϫⲉ ⲱ ⲡ ⲣⲱⲙⲉ ⲛⲓⲙ ⲡⲉ ⲉⲧⲉⲣⲉ ⲁ ⲛⲧⲟϥ ⲉⲓⲣⲉ ⲁⲛⲟⲕ ⲛ ⲣⲉϥⲡⲱϣⲉ ⲁ ⲛⲧⲟϥ ⲕⲱⲧ ⲛⲧⲟϥ ⲉ ⲡⲉϥ ⲙⲁⲑⲏⲧⲏⲥ ⲡⲉϫⲉ ⲛⲧⲟϥ ⲛⲁ ⲛⲧⲟⲟⲩ ϫⲉ ⲙⲏ ⲉⲣⲉ ⲁⲛⲟⲕ ϣⲱⲡⲉ ⲛ ⲣⲉϥⲡⲱϣⲉ,VBD ART N PREP PPERO CONJ V PPERO PREP PPOS N CONJ CFOC PPERS FUT V PREP ART N PREP PPOS N PREP PPERO VBD PPERS PREP PPERO CONJ PTC ART N PINT COP CREL APST PPERS V PPERO PREP N APST PPERS V PPERO PREP PPOS N VBD PPERS
73,27,27,ⲡⲉϫⲉ ⲓ︤ⲥ︥ ϫⲉ ⲡ ⲱϩⲥ ⲙⲉⲛ ⲛⲁϣⲱ ϥ⳿ ⲛ̄ ⲉⲣⲅⲁⲧⲏⲥ ⲇⲉ ⲥⲟⲃⲕ⳿ ⲥⲟⲡⲥ︥ ⲇⲉ ⲙ̄ ⲡ ϫⲟⲉⲓⲥ ϣⲓⲛⲁ ⲉ ϥ ⲛⲁ ⲛⲉϫ⳿ ⲉⲣⲅⲁⲧⲏⲥ ⲉⲃⲟⲗ ⲉ ⲡ ⲱϩ︤ⲥ︥,ⲡⲉϫⲉ ⲓⲏⲥⲟⲩⲥ ϫⲉ ⲡ ⲱϩⲥ ⲙⲉⲛ ⲛⲁϣⲉ ⲛⲧⲟϥ ⲛ ⲉⲣⲅⲁⲧⲏⲥ ⲇⲉ ⲥⲟⲃⲕ ⲥⲟⲡⲥ ⲇⲉ ⲛ ⲡ ϫⲟⲉⲓⲥ ϩⲓⲛⲁ ⲉⲣⲉ ⲛⲧⲟϥ ⲛⲁ ⲛⲟⲩϫⲉ ⲉⲣⲅⲁⲧⲏⲥ ⲉⲃⲟⲗ ⲉ ⲡ ⲱϩⲥ,VBD NPROP CONJ ART N PTC VBD PPERS PREP N PTC V V PTC PREP ART N CONJ CFOC PPERS FUT V N ADV PREP ART N
74,20,20,ⲡⲉϫⲁ ϥ ϫⲉ ⲡ ϫⲟⲉⲓⲥ ⲟⲩⲛ̄ ϩⲁϩ ⲙ̄ ⲡ ⲕⲱⲧⲉ ⲛ̄ ⲧ ϫⲱⲧⲉ ⲙⲛ̄ ⲗⲁⲁⲩ ⲇⲉ ϩⲛ̄ ⲧ ϣⲱⲛⲉ ·,ⲡⲉϫⲉ ⲛⲧⲟϥ ϫⲉ ⲡ ϫⲟⲉⲓⲥ ⲟⲩⲛ ϩⲁϩ ⲛ ⲡ ⲕⲱⲧⲉ ⲛ ⲡ ϫⲱⲧⲉ ⲙⲛ ⲗⲁⲁⲩ ⲇⲉ ϩⲛ ⲡ ϣⲱⲛⲉ ·,VBD PPERS CONJ ART N EXIST N PREP ART N PREP ART N EXIST N PTC PREP ART N PUNCT
75,23,23,ⲡⲉϫⲉ ⲓ︤ⲥ︥ ⲟⲩⲛ ϩⲁϩ ⲁϩⲉ ⲣⲁⲧ ⲟⲩ ϩⲓⲣⲙ̄ ⲡ ⲣⲟ ⲁⲗⲗⲁ ⲙ̄ ⲙⲟⲛⲁⲭⲟⲥ ⲛ ⲉⲧ ⲛⲁ ⲃⲱⲕ⳿ ⲉϩⲟⲩⲛ ⲉ ⲡ ⲙⲁ ⲛ̄ ϣⲉⲗⲉⲉⲧ⳿,ⲡⲉϫⲉ ⲓⲏⲥⲟⲩⲥ ⲟⲩⲛ ϩⲁϩ ⲱϩⲉ ⲣⲁⲧ ⲛⲧⲟⲟⲩ ϩⲓⲣⲛ ⲡ ⲣⲟ ⲁⲗⲗⲁ ⲡ ⲙⲟⲛⲁⲭⲟⲥ ⲡ ⲉⲧⲉⲣⲉ ⲛⲁ ⲃⲱⲕ ⲉϩⲟⲩⲛ ⲉ ⲡ ⲙⲁ ⲛ ϣⲉⲗⲉⲉⲧ,VBD NPROP EXIST N V N PPERO PREP ART N CONJ ART N ART CREL FUT V ADV PREP ART N PREP N
76,82,82,ⲡⲉϫⲉ ⲓ︤ⲥ︥ ϫⲉ ⲧ ⲙⲛ̄ⲧⲉⲣⲟ ⲙ̄ ⲡ ⲉⲓⲱⲧ⳿ ⲉ ⲥ ⲧⲛ̄ⲧⲱⲛ ⲁ ⲩ ⲣⲱⲙⲉ ⲛ̄ ⲉϣⲱⲱⲧ⳿ ⲉ ⲩⲛⲧⲁ ϥ⳿ ⲙ̄ⲙⲁⲩ ⲛ̄ ⲟⲩ ⲫⲟⲣⲧⲓⲟⲛ ⲉ ⲁ ϥ ϩⲉ ⲁ ⲩ ⲙⲁⲣⲅⲁⲣⲓⲧⲏⲥ ⲡ ⲉϣⲱⲧ⳿ ⲉⲧ ⲙ̄ⲙⲁⲩ ⲟⲩ ⲥⲁⲃⲉ ⲡⲉ ⲁ ϥ ϯ ⲡⲉ ⲫⲟⲣⲧⲓⲟⲛ ⲉⲃⲟⲗ ⲁ ϥ ⲧⲟⲟⲩ ⲛⲁ ϥ ⲙ̄ ⲡⲓ ⲙⲁⲣⲅⲁⲣⲓⲧⲏⲥ ⲟⲩⲱⲧ⳿ ⲛ̄ⲧⲱⲧⲛ̄ ϩⲱⲧ⳿ ⲧⲏⲩⲧⲛ̄ ϣⲓⲛⲉ ⲛ̄ⲥⲁ ⲡⲉ{ϥ} \bⲉ/ϩⲟ ⲉ ⲙⲁ ϥ ⲱϫⲛ̄ ⲉ ϥ ⲙⲏⲛ⳿ ⲉⲃⲟⲗ ⲡ ⲙⲁ ⲉ ⲙⲁⲣⲉ ϫⲟⲟⲗⲉⲥ ⲧϩⲛⲟ ⲉϩⲟⲩⲛ⳿ ⲉⲙⲁⲩ ⲉ ⲟⲩⲱⲙ⳿ ⲟⲩⲇⲉ ⲙⲁⲣⲉ ϥ ϥⲛ︤ⲧ︥ ⲧⲁⲕⲟ,ⲡⲉϫⲉ ⲓⲏⲥⲟⲩⲥ ϫⲉ ⲡ ⲙⲛⲧⲣⲣⲟ ⲛ ⲡ ⲉⲓⲱⲧ ⲉⲣⲉ ⲛⲧⲟⲥ ⲧⲟⲛⲧⲛ ⲉ ⲟⲩ ⲣⲱⲙⲉ ⲛ ϣⲱⲧ ⲉⲣⲉ ⲟⲩⲛⲧⲁ ⲛⲧⲟϥ ⲙⲙⲁⲩ ⲛ ⲟⲩ ⲫⲟⲣⲧⲓⲟⲛ ⲉⲣⲉ ⲁ ⲛⲧⲟϥ ϩⲉ ⲉ ⲟⲩ ⲙⲁⲣⲅⲁⲣⲓⲧⲏⲥ ⲡ ϣⲱⲧ ⲉⲧⲉⲣⲉ ⲙⲙⲁⲩ ⲟⲩ ⲥⲁⲃⲉ ⲡⲉ ⲁ ⲛⲧⲟϥ ϯ ⲡ ⲫⲟⲣⲧⲓⲟⲛ ⲉⲃⲟⲗ ⲁ ⲛⲧⲟϥ ⲧⲟⲟⲩ ⲛⲁ ⲛⲧⲟϥ ⲛ ⲡⲓ ⲙⲁⲣⲅⲁⲣⲓⲧⲏⲥ ⲟⲩⲱⲧ ⲛⲧⲱⲧⲛ ϩⲱⲱ ⲛⲧⲱⲧⲛ ϣⲓⲛⲉ ⲛⲥⲁ ⲡⲉϥ ⲁϩⲟ ⲉⲣⲉ ⲙⲉⲣⲉ ⲛⲧⲟϥ ⲱϫⲛ ⲉⲣⲉ ⲛⲧⲟϥ ⲙⲟⲩⲛ ⲉⲃⲟⲗ ⲡ ⲙⲁ ⲉⲣⲉ ⲙⲉⲣⲉ ϫⲟⲟⲗⲉⲥ ⲧϩⲛⲟ ⲉϩⲟⲩⲛ ⲙⲙⲁⲩ ⲉ ⲟⲩⲱⲙ ⲟⲩⲇⲉ ⲙⲉⲣⲉ ⲡ ϥⲛⲧ ⲧⲁⲕⲟ,VBD NPROP CONJ ART N PREP ART N CFOC PPERS VSTAT PREP ART N PREP N CCIRC EXIST PPERO ADV PREP ART N CCIRC APST PPERS V PREP ART V ART N CREL ADV ART N COP APST PPERS V ART N ADV APST PPERS V PREP PPERO PREP PDEM
77,52,52,ⲡⲉϫⲉ ⲓ︤ⲥ︥ ϫⲉ ⲁⲛⲟⲕ ⲡⲉ ⲡ ⲟⲩⲟⲉⲓⲛ ⲡⲁⲉⲓ ⲉⲧ ϩⲓϫⲱ ⲟⲩ ⲧⲏⲣ ⲟⲩ ⲁⲛⲟⲕ⳿ ⲡⲉ ⲡ ⲧⲏⲣϥ⳿ ⲛ̄ⲧ ⲁ ⲡ ⲧⲏⲣϥ ⲉⲓ ⲉⲃⲟⲗ ⲛ̄ ϩⲏⲧ⳿ ⲁⲩⲱ ⲛ̄ⲧ ⲁ ⲡ ⲧⲏⲣϥ⳿ ⲡⲱϩ ϣⲁⲣⲟ ⲉⲓ ⲡⲱϩ ⲛ̄ⲛ ⲟⲩ ϣⲉ ⲁⲛⲟⲕ⳿ ϯ ⲙ̄ⲙⲁⲩ ϥⲓ ⲙ̄ ⲡ ⲱⲛⲉ ⲉϩⲣⲁⲓ̈ ⲁⲩⲱ ⲧⲉⲧⲛ ⲁ ϩⲉ ⲉⲣⲟ ⲉⲓ ⲙ̄ⲙⲁⲩ,ⲡⲉϫⲉ ⲓⲏⲥⲟⲩⲥ ϫⲉ ⲁⲛⲟⲕ ⲡⲉ ⲡ ⲟⲩⲟⲉⲓⲛ ⲡⲁⲓ ⲉⲧⲉⲣⲉ ϩⲓϫⲛ ⲛⲧⲟⲟⲩ ⲧⲏⲣ ⲛⲧⲟⲟⲩ ⲁⲛⲟⲕ ⲡⲉ ⲡ ⲧⲏⲣϥ ⲉⲣⲉ ⲁ ⲡ ⲧⲏⲣϥ ⲉⲓ ⲉⲃⲟⲗ ⲛ ϩⲏⲧ ⲁⲩⲱ ⲉⲣⲉ ⲁ ⲡ ⲧⲏⲣϥ ⲡⲱϩ ϣⲁ ⲁⲛⲟⲕ ⲡⲱϩ ⲛ ⲟⲩ ϣⲉ ⲁⲛⲟⲕ ϯ ⲙⲙⲁⲩ ϥⲓ ⲛ ⲡ ⲱⲛⲉ ⲉϩⲣⲁⲓ ⲁⲩⲱ ⲛⲧⲱⲧⲛ ⲛⲁ ϩⲉ ⲉ ⲁⲛⲟⲕ ⲙⲙⲁⲩ,VBD NPROP CONJ PPERI COP ART N PDEM CREL PREP PPERO IMOD PPERO PPERI COP ART N CFOC APST ART N V ADV PREP N CONJ CFOC APST ART N V PREP PPERO V PREP ART N PPERI PPERS ADV V PREP ART N ADV CONJ PPERS FUT V PREP
78,63,63,ⲡⲉϫⲉ ⲓ︤ⲥ︥ ϫⲉ ⲉⲧⲃⲉ ⲟⲩ ⲁ ⲧⲉⲧⲛ ⲉⲓ ⲉⲃⲟⲗ ⲉ ⲧ ⲥⲱϣⲉ ⲉ ⲛⲁⲩ ⲉ ⲩ ⲕⲁϣ ⲉ ϥ ⲕⲓⲙ ⲉ̣[ⲃⲟⲗ] ϩⲓⲧⲙ̄ ⲡ ⲧⲏⲩ ⲁⲩⲱ ⲉ ⲛⲁⲩ ⲉ ⲩ ⲣ[ⲱ]ⲙ̣[ⲉ ⲉ] ⲩ̣ⲛ̄ ϣⲧⲏⲛ ⲉ ⲩ ϭⲏⲛ ϩⲓⲱⲱ ⲃ ⲛ̄ [ⲑ ⲉ ⲛ̄ ⲛⲉⲧ]ⲛ̣ ⲣ̄ⲣⲱⲟⲩ ⲙⲛ̄ ⲛⲉⲧⲙ̄ ⲙⲉⲅⲓⲥⲧⲁⲛⲟⲥ ⲛⲁⲉⲓ ⲉ ⲛ[ⲉ] ϣ̣ⲧ̣ⲏ̣ⲛ̣ ⲉ̣[ⲧ] ϭⲏⲛ ϩⲓⲱ ⲟⲩ ⲁⲩⲱ ⲥⲉ ⲛ̣[ⲁ] ϣ̣ ⲥⲟⲩⲛ ⲧ ⲙⲉ ⲁⲛ,ⲡⲉϫⲉ ⲓⲏⲥⲟⲩⲥ ϫⲉ ⲉⲧⲃⲉ ⲟⲩ ⲁ ⲛⲧⲱⲧⲛ ⲉⲓ ⲉⲃⲟⲗ ⲉ ⲡ ⲥⲱϣⲉ ⲉ ⲛⲁⲩ ⲉ ⲟⲩ ⲕⲁϣ ⲉⲣⲉ ⲛⲧⲟϥ ⲕⲓⲙ ⲉⲃⲟⲗ ϩⲓⲧⲛ ⲡ ⲧⲏⲩ ⲁⲩⲱ ⲉ ⲛⲁⲩ ⲉ ⲟⲩ ⲣⲱⲙⲉ ⲉ ⲟⲩⲛ ϣⲧⲏⲛ ⲉⲣⲉ ⲛⲧⲟⲟⲩ ϭⲛⲟⲛ ϩⲓ ⲛⲧⲟϥ ⲛ ⲡ ϩⲉ ⲛ ⲡⲉⲧⲛ ⲣⲣⲟ ⲙⲛ ⲡⲉⲧⲛ ⲙⲉⲅⲓⲥⲧⲁⲛⲟⲥ ⲛⲁⲓ ⲉ ⲡ ϣⲧⲏⲛ ⲉⲧⲉⲣⲉ ϭⲛⲟⲛ ϩⲓ ⲛⲧⲟⲟⲩ ⲁⲩⲱ ⲛⲧⲟⲟⲩ ⲛⲁ ϣ ⲥⲟⲟⲩⲛ ⲡ ⲙⲉ ⲁⲛ,VBD NPROP CONJ PREP PINT APST PPERS V ADV PREP ART N PREP V PREP ART N CCIRC PPERS V ADV PREP ART N CONJ PREP V PREP ART N CCIRC EXIST N CCIRC PPERS VSTAT PREP PPERO PREP ART N PREP PPOS N PREP PPOS N PDEM CREL ART
79,85,85,ⲡⲉϫⲉ ⲟⲩ ⲥϩⲓⲙ̣[ⲉ] ⲛⲁ ϥ ϩⲙ̄ ⲡ ⲙⲏϣⲉ ϫⲉ ⲛⲉⲉⲓⲁⲧ ⲥ̣ [ⲛ̄] ⲑ ϩⲏ ⲛ̄ⲧ ⲁ ϩ ϥⲓ ϩⲁⲣⲟ ⲕ ⲁⲩⲱ ⲛ̄ ⲕⲓ[ⲃ]ⲉ ⲉⲛⲧ ⲁ ϩ ⲥⲁ[[ϩ]]ⲛⲟⲩϣ ⲕ ⲡⲉϫⲁ ϥ ⲛⲁ [ⲥ] ϫⲉ ⲛⲉⲉⲓⲁⲧ ⲟⲩ ⲛ̄ ⲛ ⲉⲛⲧ ⲁ ϩ ⲥⲱ̣ⲧⲙ̄ ⲁ: ⲡ ⲗⲟⲅⲟⲥ ⲙ̄ ⲡ ⲉⲓⲱⲧ ⲁ ⲩ̣ ⲁⲣⲉϩ ⲉⲣⲟ ϥ ϩⲛ̄ ⲟⲩ ⲙⲉ ⲟⲩⲛ̄ ϩⲛ̄ ϩⲟⲟⲩ ⲅⲁⲣ ⲛⲁ ϣⲱⲡⲉ ⲛ̄ ⲧⲉⲧⲛ̄ ϫⲟⲟ ⲥ ϫⲉ ⲛⲉ ⲉⲓⲁⲧ ϥ︦ ⲛ̄ ⲑ ϩⲏ ⲧⲁⲉⲓ ⲉⲧⲉ ⲙ̄ⲡ ⲥ ⲱ ⲁⲩⲱ ⲛ̄ ⲕⲓⲃⲉ ⲛⲁⲉⲓ ⲉ ⲙⲡ ⲟⲩ ϯⲉⲣⲱⲧⲉ,ⲡⲉϫⲉ ⲟⲩ ⲥϩⲓⲙⲉ ⲛⲁ ⲛⲧⲟϥ ϩⲛ ⲡ ⲙⲏⲏϣⲉ ϫⲉ ⲛⲉⲉⲓⲁⲧ ⲛⲧⲟⲥ ⲛ ⲡ ϩⲏ ⲉⲧⲉⲣⲉ ⲁ ⲛⲧⲟϥ ϥⲓ ϩⲁ ⲛⲧⲟⲕ ⲁⲩⲱ ⲡ ⲉⲕⲓⲃⲉ ⲉⲧⲉⲣⲉ ⲁ ⲛⲧⲟⲟⲩ ⲥⲁⲛⲟⲩϣ ⲛⲧⲟⲕ ⲡⲉϫⲉ ⲛⲧⲟϥ ⲛⲁ ⲛⲧⲟⲥ ϫⲉ ⲛⲉⲉⲓⲁⲧ ⲛⲧⲟⲟⲩ ⲛ ⲡ ⲉⲧⲉⲣⲉ ⲁ ⲛⲧⲟⲟⲩ ⲥⲱⲧⲙ ⲉ ⲡ ⲗⲟⲅⲟⲥ ⲛ ⲡ ⲉⲓⲱⲧ ⲁ ⲛⲧⲟⲟⲩ ϩⲁⲣⲉϩ ⲉ ⲛⲧⲟϥ ϩⲛ ⲟⲩ ⲙⲉ ⲟⲩⲛ ⲟⲩ ϩⲟⲟⲩ ⲅⲁⲣ ⲛⲁ ϣⲱⲡⲉ ⲛⲧⲉ ⲛⲧⲱⲧⲛ ϫⲱ ⲛⲧⲟⲥ ϫⲉ ⲡ ⲉⲓⲁⲧ ⲛⲧⲟϥ ⲛ ⲡ ϩⲏ ⲡⲁⲓ ⲉⲧⲉⲣⲉ ⲙⲡⲉ ⲛⲧⲟⲥ ⲱⲱ ⲁⲩⲱ ⲡ ⲉⲕⲓⲃⲉ ⲡⲁⲓ ⲉⲣⲉ ⲙⲡⲉ ⲛⲧⲟⲟⲩ ϯⲉⲣⲱⲧⲉ,VBD ART N PREP PPERO PREP ART N CONJ VBD PPERS PREP ART N CREL APST PPERS V PREP PPERO CONJ ART N CREL APST PPERS V PPERO VBD PPERS PREP PPERO CONJ VBD PPERO PREP ART CREL APST PPERS V PREP ART N PREP ART N APST PPERS V
80,31,31,ⲡⲉϫⲉ ⲓ︤ⲥ︥ ϫⲉ ⲡ ⲉⲛⲧ ⲁ ϩ ⲥⲟⲩⲱⲛ ⲡ ⲕⲟⲥⲙⲟⲥ ⲁ ϥ ϩⲉ ⲉ ⲡ ⲥⲱⲙⲁ ⲡ ⲉⲛⲧ ⲁ ϩ ϩⲉ ⲇⲉ ⲉ ⲡ ⲥⲱⲙⲁ ⲡ ⲕⲟⲥⲙⲟⲥ ⲙ̄ⲡϣⲁ ⲙ̄ⲙⲟ ϥ⳿ ⲁⲛ⳿,ⲡⲉϫⲉ ⲓⲏⲥⲟⲩⲥ ϫⲉ ⲡ ⲉⲧⲉⲣⲉ ⲁ ⲛⲧⲟϥ ⲥⲟⲟⲩⲛ ⲡ ⲕⲟⲥⲙⲟⲥ ⲁ ⲛⲧⲟϥ ϩⲉ ⲉ ⲡ ⲥⲱⲙⲁ ⲡ ⲉⲧⲉⲣⲉ ⲁ ⲛⲧⲟϥ ϩⲉ ⲇⲉ ⲉ ⲡ ⲥⲱⲙⲁ ⲡ ⲕⲟⲥⲙⲟⲥ ⲙⲡϣⲁ ⲛ ⲛⲧⲟϥ ⲁⲛ,VBD NPROP CONJ ART CREL APST PPERS V ART N APST PPERS V PREP ART N ART CREL APST PPERS V PTC PREP ART N ART N V PREP PPERO NEG
81,22,22,ⲡⲉϫⲉ ⲓ︤ⲥ︥ ϫⲉ ⲡ ⲉⲛⲧ ⲁ ϩ ⲣ̄ⲣⲙ̄ⲙⲁⲟ ⲙⲁⲣⲉ ϥ ⲣ̄ⲣⲣⲟ ⲁⲩⲱ ⲡ ⲉⲧⲉ ⲩⲛ̄ⲧⲁ ϥ⳿ ⲛ̄ ⲟⲩ ⲇⲩⲛⲁⲙⲓⲥ ⲙⲁⲣⲉ ϥ ⲁⲣⲛⲁ,ⲡⲉϫⲉ ⲓⲏⲥⲟⲩⲥ ϫⲉ ⲡ ⲉⲧⲉⲣⲉ ⲁ ⲛⲧⲟϥ ⲣⲣⲙⲙⲁⲟ ⲙⲁⲣⲉ ⲛⲧⲟϥ ⲣⲣⲣⲟ ⲁⲩⲱ ⲡ ⲉⲧⲉⲣⲉ ⲟⲩⲛⲧⲁ ⲛⲧⲟϥ ⲛ ⲟⲩ ⲇⲩⲛⲁⲙⲓⲥ ⲙⲁⲣⲉ ⲛⲧⲟϥ ⲁⲣⲛⲁ,VBD NPROP CONJ ART CREL APST PPERS V AJUS PPERS V CONJ ART CREL EXIST PPERO PREP ART N AJUS PPERS V
82,25,25,ⲡⲉϫⲉ ⲓ︤ⲥ︥ ϫⲉ ⲡ ⲉⲧ ϩⲏⲛ ⲉⲣⲟ ⲉⲓ ⲉ ϥ ϩⲏⲛ ⲉ ⲧ ⲥⲁⲧⲉ ⲁⲩⲱ ⲡ ⲉⲧ ⲟⲩⲏⲩ⳿ ⲙ̄ⲙⲟ ⲉⲓ ϥ ⲟⲩⲏⲩ ⲛ̄ ⲧ ⲙⲛ̄ⲧⲉⲣⲟ,ⲡⲉϫⲉ ⲓⲏⲥⲟⲩⲥ ϫⲉ ⲡ ⲉⲧⲉⲣⲉ ϩⲱⲛ ⲉ ⲁⲛⲟⲕ ⲉⲣⲉ ⲛⲧⲟϥ ϩⲱⲛ ⲉ ⲡ ⲥⲁⲧⲉ ⲁⲩⲱ ⲡ ⲉⲧⲉⲣⲉ ⲟⲩⲉ ⲛ ⲁⲛⲟⲕ ⲛⲧⲟϥ ⲟⲩⲉ ⲛ ⲡ ⲙⲛⲧⲣⲣⲟ,VBD NPROP CONJ ART CREL VSTAT PREP PPERO CFOC PPERS VSTAT PREP ART N CONJ ART CREL VSTAT PREP PPERO PPERS VSTAT PREP ART N
83,40,40,ⲡⲉϫⲉ ⲓ︤ⲥ︥ ϫⲉ ⲛ ϩⲓⲕⲱⲛ ⲥⲉ ⲟⲩⲟⲛϩ ⲉⲃⲟⲗ ⲙ̄ ⲡ ⲣⲱⲙⲉ ⲁⲩⲱ ⲡ ⲟⲩⲟⲉⲓⲛ ⲉⲧ ⲛ̄ϩⲏⲧ ⲟⲩ ϥ ϩⲏⲡ⳿ ϩⲛ̄ ⲑ ⲓⲕⲱⲛ ⲙ̄ ⲡ ⲟⲩⲟⲉⲓⲛ ⲙ̄ ⲡ ⲉⲓⲱⲧ ϥ ⲛⲁ ϭⲱⲗⲡ⳿ ⲉⲃⲟⲗ ⲁⲩⲱ ⲧⲉϥ ϩⲓⲕⲱⲛ ϩⲏⲡ⳿ ⲉⲃⲟⲗ ϩⲓⲧⲛ̄ ⲡⲉϥ̂ ⲟⲩⲟⲉⲓⲛ,ⲡⲉϫⲉ ⲓⲏⲥⲟⲩⲥ ϫⲉ ⲡ ϩⲓⲕⲱⲛ ⲛⲧⲟⲟⲩ ⲟⲩⲱⲛϩ ⲉⲃⲟⲗ ⲛ ⲡ ⲣⲱⲙⲉ ⲁⲩⲱ ⲡ ⲟⲩⲟⲉⲓⲛ ⲉⲧⲉⲣⲉ ϩⲛ ⲛⲧⲟⲟⲩ ⲛⲧⲟϥ ϩⲱⲡ ϩⲛ ⲡ ϩⲓⲕⲱⲛ ⲛ ⲡ ⲟⲩⲟⲉⲓⲛ ⲛ ⲡ ⲉⲓⲱⲧ ⲛⲧⲟϥ ⲛⲁ ϭⲱⲗⲡ ⲉⲃⲟⲗ ⲁⲩⲱ ⲡⲉϥ ϩⲓⲕⲱⲛ ϩⲱⲡ ⲉⲃⲟⲗ ϩⲓⲧⲛ ⲡⲉϥ ⲟⲩⲟⲉⲓⲛ,VBD NPROP CONJ ART N PPERS VSTAT ADV PREP ART N CONJ ART N CREL PREP PPERO PPERS VSTAT PREP ART N PREP ART N PREP ART N PPERS FUT V ADV CONJ PPOS N VSTAT ADV PREP PPOS N
84,42,42,ⲡⲉϫⲉ ⲓ︤ⲥ︥ ⲛ̄ ϩⲟⲟⲩ ⲉ ⲧⲉⲧⲛ̄ ⲛⲁⲩ ⲉ ⲡⲉⲧⲛ̄ ⲉⲓⲛⲉ ϣⲁⲣⲉ ⲧⲛ̄ ⲣⲁϣⲉ ϩⲟⲧⲁⲛ ⲇⲉ ⲉⲧⲉⲧⲛ̄ϣⲁⲛ ⲛⲁⲩ · ⲁ ⲛⲉⲧⲛ̄ ϩⲓⲕⲱⲛ⳿ ⲛ̄ⲧ ⲁ ϩ ϣⲱⲡⲉ ϩⲓ ⲧⲉⲧⲛ ⲉϩⲏ ⲟⲩⲧⲉ ⲙⲁ ⲩ ⲙⲟⲩ ⲟⲩⲧⲉ ⲙⲁ ⲩ ⲟⲩⲱⲛϩ ⲉⲃⲟⲗ ⲧⲉⲧ ⲛⲁ ϥⲓ ϩⲁ ⲟⲩⲏⲣ⳿,ⲡⲉϫⲉ ⲓⲏⲥⲟⲩⲥ ⲛ ϩⲟⲟⲩ ⲉⲣⲉ ⲛⲧⲱⲧⲛ ⲛⲁⲩ ⲉ ⲡⲉⲧⲛ ⲉⲓⲛⲉ ϣⲁⲣⲉ ⲛⲧⲱⲧⲛ ⲣⲁϣⲉ ϩⲟⲧⲁⲛ ⲇⲉ ⲉⲣϣⲁⲛ_ⲛⲧⲱⲧⲛ ⲛⲁⲩ · ⲉ ⲡⲉⲧⲛ ϩⲓⲕⲱⲛ ⲉⲧⲉⲣⲉ ⲁ ⲛⲧⲟϥ ϣⲱⲡⲉ ϩⲓ ⲡⲉⲧⲛ ⲉϩⲏ ⲟⲩⲧⲉ ⲙⲉⲣⲉ ⲛⲧⲟⲟⲩ ⲙⲟⲩ ⲟⲩⲧⲉ ⲙⲉⲣⲉ ⲛⲧⲟⲟⲩ ⲟⲩⲱⲛϩ ⲉⲃⲟⲗ ⲛⲧⲱⲧⲛ ⲛⲁ ϥⲓ ϩⲁ ⲟⲩⲏⲣ,VBD NPROP PREP N CCIRC PPERS V PREP PPOS N AAOR PPERS V CONJ PTC ACOND_PPERS V PUNCT APST PPOS N CREL APST PPERS V PREP PPOS N CONJ ANEGAOR PPERS V CONJ ANEGAOR PPERS V ADV PPERS FUT V PREP PINT
85,42,42,ⲡⲉϫⲉ ⲓ︤ⲥ︥ ϫⲉ ⲛ̄ⲧ ⲁ ⲁⲇⲁⲙ ϣⲱⲡⲉ ⲉⲃⲟⲗ ϩⲛ̄ⲛ ⲟⲩ ⲛⲟϭ ⲛ̄ ⲇⲩⲛⲁⲙⲓⲥ ⲙⲛ̄ ⲟⲩ ⲛⲟϭ̣ ⲙ̣̄ ⲙⲛ̄ⲧⲣⲙ̄ⲙⲁⲟ ⲁⲩⲱ ⲙ̄ⲡⲉ ϥ ϣⲱⲡⲉ ⲉ̣ [ϥ ⲙ]ⲡ̣ϣⲁ ⲙ̄ⲙⲱ ⲧⲛ̄ ⲛⲉ ⲩ ⲁⲝⲓⲟⲥ ⲅⲁⲣ ⲡⲉ [ⲛⲉ ϥ ⲛⲁ ϫⲓ] ϯ̣ ⲡ̣[ⲉ ⲁⲛ ⲙ̄ ⲡ ⲙⲟⲩ,ⲡⲉϫⲉ ⲓⲏⲥⲟⲩⲥ ϫⲉ ⲉⲣⲉ ⲁ ⲁⲇⲁⲙ ϣⲱⲡⲉ ⲉⲃⲟⲗ ϩⲛ ⲟⲩ ⲛⲟϭ ⲛ ⲇⲩⲛⲁⲙⲓⲥ ⲙⲛ ⲟⲩ ⲛⲟϭ ⲛ ⲙⲛⲧⲣⲙⲙⲁⲟ ⲁⲩⲱ ⲙⲡⲉ ⲛⲧⲟϥ ϣⲱⲡⲉ ⲉⲣⲉ ⲛⲧⲟϥ ⲙⲡϣⲁ ⲛ ⲛⲧⲱⲧⲛ ⲛⲉⲣⲉ ⲟⲩ ⲁⲝⲓⲟⲥ ⲅⲁⲣ ⲡⲉ ⲛⲉⲣⲉ ⲛⲧⲟϥ ⲛⲁ ϫⲓ ⲡ ⲉⲓⲡⲉ ⲁⲛ ⲛ ⲡ ⲙⲟⲩ,VBD NPROP CONJ CFOC APST NPROP V ADV PREP ART N PREP N PREP ART N PREP N CONJ ANEGPST PPERS V CCIRC PPERS V PREP PPERO CPRET ART N PTC COP CPRET PPERS FUT V ART N NEG PREP ART N
86,41,41,ⲡⲉϫⲉ ⲓ︤ⲥ︥ ϫⲉ̣ [ⲛ̄ ⲃⲁϣⲟⲣ ⲟⲩⲛ̄ⲧ]ⲁ̣ ⲩ̣ ̣ⲛ̣ ⲟ̣ⲩ̣ [ⲃⲏ]ⲃ̣ ̣ⲁ̣ⲩ̣ⲱ̣ ⲛ ϩⲁⲗⲁⲧⲉ ⲟⲩⲛ̄ⲧⲁ ⲩ ⲙⲙⲁⲩ ⲙ̄ ⲡ̣[̣ⲉ]ⲩ ⲙⲁϩ ⲡ ϣⲏⲣⲉ ⲇⲉ ⲙ̄ ⲡ ⲣⲱⲙⲉ ⲙⲛ̄ⲧⲁ ϥ⳿ ⲛⲛ̣ [ⲟ]ⲩ ⲙⲁ ⲉ ⲣⲓⲕⲉ ⲛ̄ ⲧⲉϥ⳿ ⲁⲡⲉ ⲛ̄ ϥ⳿ ⲙ̄ⲧⲟⲛ · ⲙ̄[ⲙⲟ] ϥ̣,ⲡⲉϫⲉ ⲓⲏⲥⲟⲩⲥ ϫⲉ ⲡ ⲃⲁϣⲟⲣ ⲟⲩⲛⲧⲁ ⲛⲧⲟⲟⲩ ⲛ ⲉⲩ ⲃⲏⲃ ⲁⲩⲱ ⲡ ϩⲁⲗⲏⲧ ⲟⲩⲛⲧⲁ ⲛⲧⲟⲟⲩ ⲙⲙⲁⲩ ⲛ ⲡⲉⲩ ⲙⲁϩ ⲡ ϣⲏⲣⲉ ⲇⲉ ⲛ ⲡ ⲣⲱⲙⲉ ⲙⲛⲧⲁ ⲛⲧⲟϥ ⲛ ⲟⲩ ⲙⲁ ⲉ ⲣⲓⲕⲉ ⲛ ⲡⲉϥ ⲁⲡⲉ ⲛⲧⲉ ⲛⲧⲟϥ ⲙⲧⲟⲛ · ⲛ ⲛⲧⲟϥ,VBD NPROP CONJ ART N EXIST PPERO PREP PPOS N CONJ ART N EXIST PPERO ADV PREP PPOS N ART N PTC PREP ART N EXIST PPERO PREP ART N PREP V PREP PPOS N ACONJ PPERS V PUNCT PREP PPERO
87,28,28,ⲡⲉϫⲁ ϥ ⲛ̄ϭⲓ ⲓ︤ⲥ︥ ϫⲉ ⲟⲩ ⲧⲁⲗⲁⲓⲡⲱⲣⲟⲛ⳿ ⲡⲉ̣ ⲡ ⲥⲱⲙⲁ ⲉⲧ ⲁϣⲉ ⲛ̄ ⲟⲩ ⲥⲱⲙⲁ⳿ ⲁⲩⲱ ⲟⲩ ⲧ̣ⲁ̣ⲗ̣ⲁⲓⲡⲱⲣⲟⲥ ⲧⲉ ⲧ̂ ⲯⲩⲭⲏ ⲉⲧ ⲁϣⲉ ⲛ̄ ⲛⲁⲉⲓ ⲙ̣ ⲡ̣ ⲥⲛⲁⲩ,ⲡⲉϫⲉ ⲛⲧⲟϥ ⲛϭⲓ ⲓⲏⲥⲟⲩⲥ ϫⲉ ⲟⲩ ⲧⲁⲗⲁⲓⲡⲱⲣⲟⲛ ⲡⲉ ⲡ ⲥⲱⲙⲁ ⲉⲧⲉⲣⲉ ⲉⲓϣⲉ ⲛ ⲟⲩ ⲥⲱⲙⲁ ⲁⲩⲱ ⲟⲩ ⲧⲁⲗⲁⲓⲡⲱⲣⲟⲥ ⲡⲉ ⲡ ⲯⲩⲭⲏ ⲉⲧⲉⲣⲉ ⲉⲓϣⲉ ⲛ ⲡⲁⲓ ⲛ ⲡ ⲥⲛⲁⲩ,VBD PPERS PTC NPROP CONJ ART N COP ART N CREL VSTAT PREP ART N CONJ ART N COP ART N CREL VSTAT PREP PDEM PREP ART NUM
88,54,54,ⲡⲉϫⲉ ⲓ︤ⲥ︥ ϫⲉ ⲛ̄ ⲁⲅⲅⲉⲗⲟⲥ ⲛⲏⲩ ϣⲁⲣⲱ ⲧⲛ̄ ⲙⲛ̄ ⲛ̄ ⲡⲣⲟⲫⲏⲧⲏⲥ ⲁⲩⲱ ⲥⲉ ⲛⲁ ϯ ⲛⲏ ⲧⲛ̄ ⲛ̄ ⲛ ⲉⲧⲉ ⲩⲛ̄ⲧ ⲏⲧⲛ̄ ⲥⲉ ⲁⲩⲱ ⲛ̄ⲧⲱⲧⲛ̄ ϩⲱⲧ̂ ⲧⲏⲩⲧⲛ̄ ⲛ ⲉⲧ ⲛ̄ⲧⲟⲧ⳿ ⲧⲏⲛⲉ ⲧⲁⲁ ⲩ ⲛⲁ ⲩ ⲛ̄ⲧⲉⲧⲛ̄ ϫⲟⲟ ⲥ ⲛⲏ ⲧⲛ̄ ϫⲉ ⲁϣ ⲛ̄ ϩⲟⲟⲩ ⲡ ⲉⲧ ⲟⲩ ⲛ̄ⲛⲏⲩ ⲛ̄ ⲥⲉ ϫⲓ ⲡ ⲉⲧⲉ ⲡⲱⲟⲩ,ⲡⲉϫⲉ ⲓⲏⲥⲟⲩⲥ ϫⲉ ⲡ ⲁⲅⲅⲉⲗⲟⲥ ⲉⲓ ϣⲁ ⲛⲧⲱⲧⲛ ⲙⲛ ⲡ ⲡⲣⲟⲫⲏⲧⲏⲥ ⲁⲩⲱ ⲛⲧⲟⲟⲩ ⲛⲁ ϯ ⲛⲁ ⲛⲧⲱⲧⲛ ⲛ ⲡ ⲉⲧⲉⲣⲉ ⲟⲩⲛⲧⲁ ⲛⲧⲱⲧⲛ ⲛⲧⲟⲟⲩ ⲁⲩⲱ ⲛⲧⲱⲧⲛ ϩⲱ ⲛⲧⲱⲧⲛ ⲡ ⲉⲧⲉⲣⲉ ⲛⲧⲛ ⲛⲧⲱⲧⲛ ϯ ⲛⲧⲟⲟⲩ ⲛⲁ ⲛⲧⲟⲟⲩ ⲛⲧⲉ ϫⲱ ⲛⲧⲟⲥ ⲛⲁ ⲛⲧⲱⲧⲛ ϫⲉ ⲁϣ ⲛ ϩⲟⲟⲩ ⲡ ⲉⲧⲉⲣⲉ ⲛⲧⲟⲟⲩ ⲉⲓ ⲛⲧⲉ ⲛⲧⲟⲟⲩ ϫⲓ ⲡ ⲉⲧⲉⲣⲉ ⲡⲁ,VBD NPROP CONJ ART N VSTAT PREP PPERO PREP ART N CONJ PPERS FUT V PREP PPERO PREP ART CREL EXIST PPERS PPERO CONJ PPERI IMOD PPERO ART CREL PREP PPERO V PPERO PREP PPERO ACONJ V PPERO PREP PPERO CONJ PINT PREP N ART CREL PPERS VSTAT ACONJ PPERS
89,41,41,ⲡⲉϫⲉ ⲓ︤ⲥ︥ ϫⲉ ⲉⲧⲃⲉ ⲟⲩ ⲧⲉⲧⲛ̄ ⲉⲓⲱⲉ ⲙ̄ ⲡ ⲥⲁ ⲛ ⲃⲟⲗ ⲙ̄ ⲡ ⲡⲟⲧⲏⲣⲓⲟⲛ ⲧⲉⲧⲛ̄ ⲣ̄ⲛⲟⲉⲓ ⲁⲛ ϫⲉ ⲡ ⲉⲛⲧ ⲁ ϩ ⲧⲁⲙⲓⲟ ⲙ̄ ⲡ ⲥⲁ ⲛϩⲟⲩⲛ ⲛ̄ⲧⲟϥ ⲟⲛ ⲡ ⲉⲛⲧ ⲁ ϥ ⲧⲁⲙⲓⲟ ⲙ̄ ⲡ ⲥⲁ ⲛ ⲃⲟⲗ ·,ⲡⲉϫⲉ ⲓⲏⲥⲟⲩⲥ ϫⲉ ⲉⲧⲃⲉ ⲟⲩ ⲛⲧⲱⲧⲛ ⲉⲓⲱⲉ ⲛ ⲡ ⲥⲁ ⲛ ⲃⲟⲗ ⲛ ⲡ ⲡⲟⲧⲏⲣⲓⲟⲛ ⲛⲧⲱⲧⲛ ⲣⲛⲟⲉⲓ ⲁⲛ ϫⲉ ⲡ ⲉⲧⲉⲣⲉ ⲁ ⲛⲧⲟϥ ⲧⲁⲙⲓⲟ ⲛ ⲡ ⲥⲁ ⲛϩⲟⲩⲛ ⲛⲧⲟϥ ⲟⲛ ⲡ ⲉⲧⲉⲣⲉ ⲁ ⲛⲧⲟϥ ⲧⲁⲙⲓⲟ ⲛ ⲡ ⲥⲁ ⲛ ⲃⲟⲗ ·,VBD NPROP CONJ PREP PINT PPERS V PREP ART N PREP N PREP ART N PPERS V NEG CONJ ART CREL APST PPERS V PREP ART N ADV PPERI ADV COP CREL APST PPERS V PREP ART N PREP N PUNCT
90,28,28,ⲡⲉϫⲉ ⲓⲏ︤ⲥ︥ ϫⲉ ⲁⲙⲏⲉⲓ ⲧⲛ̄ ϣⲁⲣⲟ ⲉⲓ̂ ϫⲉ ⲟⲩ ⲭⲣⲏⲥⲧⲟⲥ ⲡⲉ ⲡⲁ ⲛⲁϩⲃ ⲁⲩⲱ ⲧⲁ ⲙⲛ︤ⲧ︥ϫⲟⲉⲓⲥ ⲟⲩ ⲣⲙ̄ⲣⲁϣ ⲧⲉ ⲁⲩⲱ ⲧⲉⲧⲛ ⲁ ϩⲉ ⲁ ⲩ ⲁⲛⲁ{ⲩ}ⲡⲁ⟨ⲩ⟩ⲥⲓⲥ ⲛⲏ ⲧⲛ̄,ⲡⲉϫⲉ ⲓⲏⲥⲟⲩⲥ ϫⲉ ⲉⲓ ⲛⲧⲱⲧⲛ ϣⲁ ⲁⲛⲟⲕ ϫⲉ ⲟⲩ ⲭⲣⲏⲥⲧⲟⲥ ⲡⲉ ⲡⲁ ⲛⲁϩⲃ ⲁⲩⲱ ⲡⲁ ⲙⲛⲧϫⲟⲉⲓⲥ ⲟⲩ ⲣⲙⲣⲁϣ ⲡⲉ ⲁⲩⲱ ⲛⲧⲱⲧⲛ ⲛⲁ ϩⲉ ⲉ ⲟⲩ ⲁⲛⲁⲡⲁⲩⲥⲓⲥ ⲛⲁ ⲛⲧⲱⲧⲛ,VBD NPROP CONJ VIMP PPERO PREP PPERO CONJ ART N COP PPOS N CONJ PPOS N ART N COP CONJ PPERS FUT V PREP ART N PREP PPERO
91,56,56,ⲡⲉϫⲁ ⲩ ⲛⲁ ϥ⳿ ϫⲉ ϫⲟⲟ ⲥ ⲉⲣⲟ ⲛ ϫⲉ ⲛ̄ⲧⲕ ⲛⲓⲙ ϣⲓⲛⲁ ⲉ ⲛ ⲁ ⲣ̄ⲡⲓⲥⲧⲉⲩⲉ ⲉⲣⲟ ⲕ⳿ ⲡⲉϫⲁ ϥ ⲛⲁ ⲩ ϫⲉ ⲧⲉⲧⲛ̄ ⲣ̄ⲡⲓⲣⲁⲍⲉ ⲙ̄ ⲡ ϩⲟ ⲛ̄ ⲧ ⲡⲉ ⲙⲛ̄ ⲡ ⲕⲁϩ ⲁⲩⲱ ⲡ ⲉⲧ ⲛ̄ ⲡⲉⲧⲛ̄ ⲙⲧⲟ ⲉⲃⲟⲗ⳿ ⲙ̄ⲡⲉ ⲧⲛ̄ ⲥⲟⲩⲱⲛ ϥ⳿ ⲁⲩⲱ ⲡⲉⲉⲓ ⲕⲁⲓⲣⲟⲥ ⲧⲉⲧⲛ̄ ⲥⲟⲟⲩⲛ ⲁⲛ ⲛ̄ ⲣ̄ⲡⲓⲣⲁⲍⲉ ⲙ̄ⲙⲟ ϥ⳿,ⲡⲉϫⲉ ⲛⲧⲟⲟⲩ ⲛⲁ ⲛⲧⲟϥ ϫⲉ ϫⲱ ⲛⲧⲟⲥ ⲉ ⲁⲛⲟⲛ ϫⲉ ⲛⲧⲟⲕ ⲛⲓⲙ ϩⲓⲛⲁ ⲉⲣⲉ ⲁⲛⲟⲛ ⲛⲁ ⲣⲡⲓⲥⲧⲉⲩⲉ ⲉ ⲛⲧⲟⲕ ⲡⲉϫⲉ ⲛⲧⲟϥ ⲛⲁ ⲛⲧⲟⲟⲩ ϫⲉ ⲛⲧⲱⲧⲛ ⲣⲡⲉⲓⲣⲁⲍⲉ ⲛ ⲡ ϩⲟ ⲛ ⲡ ⲡⲉ ⲙⲛ ⲡ ⲕⲁϩ ⲁⲩⲱ ⲡ ⲉⲧⲉⲣⲉ ⲛ ⲡⲉⲧⲛ ⲙⲧⲟ ⲉⲃⲟⲗ ⲙⲡⲉ ⲛⲧⲱⲧⲛ ⲥⲟⲟⲩⲛ ⲛⲧⲟϥ ⲁⲩⲱ ⲡⲉⲓ ⲕⲁⲓⲣⲟⲥ ⲛⲧⲱⲧⲛ ⲥⲟⲟⲩⲛ ⲁⲛ ⲛⲧⲉ ⲣⲡⲉⲓⲣⲁⲍⲉ ⲛ ⲛⲧⲟϥ,VBD PPERS PREP PPERO CONJ V PPERO PREP PPERO CONJ PPERI PINT CONJ CFOC PPERS FUT V PREP PPERO VBD PPERS PREP PPERO CONJ PPERS V PREP ART N PREP ART N PREP ART N CONJ ART CREL PREP PPOS N ADV ANEGPST PPERS V PPERO CONJ PDEM N PPERS
92,45,45,ⲡⲉϫⲉ ⲓ︤ⲥ︥ ϫⲉ ϣⲓⲛⲉ ⲁⲩⲱ ⲧⲉⲧⲛ ⲁ ϭⲓⲛⲉ ⲁⲗⲗⲁ ⲛ ⲉⲧ ⲁ ⲧⲉⲧⲛ̄ ϫⲛⲟⲩ ⲉⲓ ⲉⲣⲟ ⲟⲩ ⲛ̄ ⲛⲓ ϩⲟⲟⲩ ⲉ ⲙ̄ⲡ ⲓ ϫⲟⲟ ⲩ ⲛⲏ ⲧⲛ̄ ⲙ̄ ⲫ ⲟⲟⲩ ⲉⲧ ⲙ̄ⲙⲁⲩ ⲧⲉⲛⲟⲩ ⲉ ϩⲛⲁ ⲓ̈ ⲉ ϫⲟ ⲟⲩ ⲁⲩⲱ ⲧⲉⲧⲛ̄ ϣⲓⲛⲉ ⲁⲛ⳿ ⲛ̄ⲥⲱ ⲟⲩ,ⲡⲉϫⲉ ⲓⲏⲥⲟⲩⲥ ϫⲉ ϣⲓⲛⲉ ⲁⲩⲱ ⲛⲧⲱⲧⲛ ⲛⲁ ϭⲓⲛⲉ ⲁⲗⲗⲁ ⲡ ⲉⲧⲉⲣⲉ ⲁ ⲛⲧⲱⲧⲛ ϫⲛⲟⲩ ⲁⲛⲟⲕ ⲉ ⲛⲧⲟⲟⲩ ⲛ ⲡⲓ ϩⲟⲟⲩ ⲉⲣⲉ ⲙⲡⲉ ⲁⲛⲟⲕ ϫⲱ ⲛⲧⲟⲟⲩ ⲛⲁ ⲛⲧⲱⲧⲛ ⲛ ⲡ ϩⲟⲟⲩ ⲉⲧⲉⲣⲉ ⲙⲙⲁⲩ ⲧⲉⲛⲟⲩ ⲉⲣⲉ ϩⲛⲁ ⲁⲛⲟⲕ ⲉ ϫⲟ ⲛⲧⲟⲟⲩ ⲁⲩⲱ ⲛⲧⲱⲧⲛ ϣⲓⲛⲉ ⲁⲛ ⲛⲥⲁ ⲛⲧⲟⲟⲩ,VBD NPROP CONJ V CONJ PPERS FUT V CONJ ART CREL APST PPERS V PPERO PREP PPERO PREP PDEM N CCIRC ANEGPST PPERS V PPERO PREP PPERO PREP ART N CREL ADV ADV CCIRC VBD PPERS PREP V PPERO CONJ PPERS V NEG PREP PPERO
93,32,32,ϫⲉ ⲙ̄ⲡⲣ̄ ϯ ⲡⲉⲧⲟⲩⲁⲁⲃ ⲛ̄ ⲛ ⲟⲩϩⲟⲟⲣ⳿ ϫⲉⲕⲁⲥ ⲛ ⲟⲩ ⲛⲟϫ ⲟⲩ ⲉ ⲧ ⲕⲟⲡⲣⲓⲁ ⲙ̄ⲡⲣ̄ ⲛⲟⲩϫⲉ ⲛ ⲙ̄ ⲙⲁⲣⲅⲁⲣⲓⲧⲏ̣[ⲥ ⲛ̄] ⲛ̣ ⲉϣⲁⲩ ϣⲓⲛⲁ ϫⲉ ⲛ ⲟⲩ ⲁⲁ ϥ · ⲛ̣ ⲗ̣ⲁ̣[...],ϫⲉ ⲙⲡⲣ ϯ ⲡⲉⲧⲟⲩⲁⲁⲃ ⲛ ⲡ ⲟⲩϩⲟⲣ ϫⲉⲕⲁⲁⲥ ⲛ ⲟⲩ ⲛⲟⲩϫⲉ ⲛⲧⲟⲟⲩ ⲉ ⲡ ⲕⲟⲡⲣⲓⲁ ⲙⲡⲣ ⲛⲟⲩϫⲉ ⲛ ⲡ ⲙⲁⲣⲅⲁⲣⲓⲧⲏⲥ ⲛ ⲡ ⲉϣⲁⲩ ϩⲓⲛⲁ ϫⲉ ⲛ ⲛⲧⲟⲟⲩ ⲉⲓⲣⲉ ⲛⲧⲟϥ · ⲡ ⲗⲁ...,CONJ NEG V N PREP ART N CONJ ANEGOPT PPERS V PPERO PREP ART N NEG V PREP ART N PREP ART N CONJ CONJ ANEGOPT PPERS V PPERO PUNCT ART N
94,17,17,[ⲡⲉϫ]ⲉ̣ ⲓⲥ ⲡ ⲉⲧ ϣⲓⲛⲉ ϥ ⲛⲁ ϭⲓⲛⲉ [ⲡ ⲉⲧ ⲧⲱϩⲙ ⲉ]ϩ̣ⲟⲩⲛ ⲥⲉ ⲛⲁ ⲟⲩⲱⲛ ⲛⲁ ϥ⳿,ⲡⲉϫⲉ ⲓⲏⲥⲟⲩⲥ ⲡ ⲉⲧⲉⲣⲉ ϣⲓⲛⲉ ⲛⲧⲟϥ ⲛⲁ ϭⲓⲛⲉ ⲡ ⲉⲧⲉⲣⲉ ⲧⲱϩⲙ ⲉϩⲟⲩⲛ ⲛⲧⲟⲟⲩ ⲛⲁ ⲟⲩⲱⲛ ⲛⲁ ⲛⲧⲟϥ,VBD NPROP ART CREL V PPERS FUT V ART CREL V ADV PPERS FUT V PREP PPERO
95,26,26,[ⲡⲉϫⲉ ⲓ︤ⲥ︥ ϫⲉ] ⲉ̣ϣⲱⲡⲉ ⲟⲩⲛ̄ⲧⲏ ⲧⲛ̄ ϩⲟⲙⲧ⳿ ⲙ̄ⲡⲣ̄ ϯ ⲉ ⲧ ⲙⲏⲥⲉ ⲁⲗⲗⲁ ϯ̣ ⲙ̣[ⲙⲟ ϥ] ⲙ̣ ⲡ̣ ⲉ̣ⲧ̣ [ⲉ]ⲧⲛ ⲁ ϫⲓⲧ ⲟⲩ ⲁⲛ ⲛ̄ⲧⲟⲟⲧ ϥ⳿,ⲡⲉϫⲉ ⲓⲏⲥⲟⲩⲥ ϫⲉ ⲉϣⲱⲡⲉ ⲟⲩⲛⲧⲁ ⲛⲧⲱⲧⲛ ϩⲟⲙⲧ ⲙⲡⲣ ϯ ⲉ ⲡ ⲙⲏⲥⲉ ⲁⲗⲗⲁ ϯ ⲛ ⲛⲧⲟϥ ⲛ ⲡ ⲉⲧⲉⲣⲉ ⲛⲧⲱⲧⲛ ⲛⲁ ϫⲓ ⲛⲧⲟⲟⲩ ⲁⲛ ⲛⲧⲛ ⲛⲧⲟϥ,VBD NPROP CONJ CONJ EXIST PPERO N NEG V PREP ART N CONJ V PREP PPERO PREP ART CREL PPERS FUT V PPERO NEG PREP PPERO
96,46,46,ⲡ̣[ⲉϫ]ⲉ̣ ⲓ︤ⲥ︥ ϫⲉ ⲧ ⲙ︤ⲛ︥ⲧⲉⲣⲟ ⲙ̄ ⲡⲉⲓⲱⲧ̂ ⲉ ⲥ ⲧⲛ̄ⲧⲱ[ⲛ ⲉ ⲩ] ⲥϩⲓⲙⲉ ⲁ ⲥ ϫⲓ ⲛ̄ ⲟⲩ ⲕⲟⲩⲉⲓ ⲛ̄ ⲥⲁⲉⲓⲣ ⲁ [ⲥ ϩ]ⲟ̣ⲡ ϥ⳿ ϩⲛ̄ ⲟⲩ ϣⲱⲧⲉ ⲁ ⲥ ⲁⲁ ϥ ⲛ̄ ϩⲛ̄ ⲛⲟ[ϭ ⲛ] ⲛⲟⲉⲓⲕ⳿ ⲡ ⲉⲧⲉ ⲩⲙ̄ ⲙⲁⲁϫⲉ ⲙ̄ⲙⲟ ϥ ⲙⲁ[ⲣⲉ] ϥ̣ ⲥⲱⲧⲙ̄,ⲡⲉϫⲉ ⲓⲏⲥⲟⲩⲥ ϫⲉ ⲡ ⲙⲛⲧⲣⲣⲟ ⲛ ⲡⲉⲓⲱⲧ ⲉⲣⲉ ⲛⲧⲟⲥ ⲧⲟⲛⲧⲛ ⲉ ⲟⲩ ⲥϩⲓⲙⲉ ⲁ ⲛⲧⲟⲥ ϫⲓ ⲛ ⲟⲩ ⲕⲟⲩⲓ ⲛ ⲥⲓⲣ ⲁ ⲛⲧⲟⲥ ϩⲱⲡ ⲛⲧⲟϥ ϩⲛ ⲟⲩ ϣⲱⲧⲉ ⲁ ⲛⲧⲟⲥ ⲉⲓⲣⲉ ⲛⲧⲟϥ ⲛ ⲟⲩ ⲛⲟϭ ⲛ ⲛⲟⲉⲓⲕ ⲡ ⲉⲧⲉⲣⲉ ⲟⲩⲛ ⲙⲁⲁϫⲉ ⲛ ⲛⲧⲟϥ ⲙⲁⲣⲉ ⲛⲧⲟϥ ⲥⲱⲧⲙ,VBD NPROP CONJ ART N PREP N CCIRC PPERS VSTAT PREP ART N APST PPERS V PREP ART N PREP N APST PPERS V PPERO PREP ART N APST PPERS V PPERO PREP ART N PREP N ART CREL EXIST N PREP PPERO AJUS PPERS V
97,88,88,ⲡⲉϫⲉ ⲓ︤ⲥ︥ ϫⲉ ⲧ ⲙⲛ̄ⲧⲉⲣⲟ ⲙ̄ ⲡ ⲉ̣[ⲓⲱⲧ ⲉ ⲥ] ⲧⲛ̄ⲧⲱⲛ ⲁ ⲩ ⲥϩⲓⲙⲉ ⲉ ⲥ ϥⲓ ϩⲁ ⲟⲩ ϭⲗ̣[ⲙⲉⲉⲓ] ⲉ ϥ⳿ ⲙⲉϩ ⲛ̄ ⲛⲟⲉⲓⲧ⳿ ⲉ ⲥ ⲙⲟⲟϣⲉ ϩ̣[ⲓ ⲧⲉ] ϩⲓⲏ · ⲉ ⲥ ⲟⲩⲏⲟⲩ ⲁ ⲡ ⲙⲁⲁϫⲉ ⲙ̄ ⲡ ϭⲗ︦ⲙⲉⲉⲓ ⲟⲩⲱϭⲡ · ⲁ ⲡ ⲛⲟⲉⲓⲧ ϣⲟⲩⲟ ⲛ̄ⲥⲱ ⲥ̣ [ϩ]ⲓ̣ ⲧⲉ ϩⲓⲏ ⲛⲉ ⲥ ⲥⲟⲟⲩⲛ ⲁⲛ ⲡⲉ ⲛⲉ ⲙ̄ⲡⲉ ⲥ ⲉⲓⲙⲉ ⲉ ϩⲓⲥⲉ ⲛ̄ⲧⲁⲣⲉ ⲥ ⲡⲱϩ ⲉϩⲟⲩⲛ ⲉ ⲡⲉⲥ ⲏⲉⲓ ⲁ ⲥ ⲕⲁ ⲡ ϭⲗ︦ⲙⲉⲉⲓ ⲁ ⲡ ⲉⲥⲏⲧ · ⲁ ⲥ ϩⲉ ⲉⲣⲟ ϥ ⲉ ϥ⳿ ϣⲟⲩⲉⲓⲧ ·,ⲡⲉϫⲉ ⲓⲏⲥⲟⲩⲥ ϫⲉ ⲡ ⲙⲛⲧⲣⲣⲟ ⲛ ⲡ ⲉⲓⲱⲧ ⲉⲣⲉ ⲛⲧⲟⲥ ⲧⲟⲛⲧⲛ ⲉ ⲟⲩ ⲥϩⲓⲙⲉ ⲉⲣⲉ ⲛⲧⲟⲥ ϥⲓ ϩⲁ ⲟⲩ ϭⲉⲗⲙⲁⲓ ⲉⲣⲉ ⲛⲧⲟϥ ⲙⲟⲩϩ ⲛ ⲛⲟⲉⲓⲧ ⲉⲣⲉ ⲛⲧⲟⲥ ⲙⲟⲟϣⲉ ϩⲓ ⲡ ϩⲓⲏ · ⲉⲣⲉ ⲛⲧⲟⲥ ⲟⲩⲉ ⲁ ⲡ ⲙⲁⲁϫⲉ ⲛ ⲡ ϭⲉⲗⲙⲁⲓ ⲟⲩⲱϭⲡ · ⲁ ⲡ ⲛⲟⲉⲓⲧ ϣⲟⲩⲟ ⲛⲥⲁ ⲛⲧⲟⲥ ϩⲓ ⲡ ϩⲓⲏ ⲛⲉⲣⲉ ⲛⲧⲟⲥ ⲥⲟⲟⲩⲛ ⲁⲛ ⲡⲉ ⲛⲉⲣⲉ ⲙⲡⲉ ⲛⲧⲟⲥ ⲉⲓⲙⲉ ⲉ ϩⲓⲥⲉ ⲛⲧⲉⲣⲉ ⲛⲧⲟⲥ ⲡⲱϩ ⲉϩⲟⲩⲛ ⲉ ⲡⲉⲥ ⲏⲓ ⲁ ⲛⲧⲟⲥ ⲕⲱ ⲡ ϭⲉⲗⲙⲁⲓ ⲉ ⲡ ⲉⲥⲏⲧ · ⲁ ⲛⲧⲟⲥ ϩⲉ ⲉ ⲛⲧⲟϥ ⲉⲣⲉ ⲛⲧⲟϥ ϣⲟⲩⲟ ·,VBD NPROP CONJ ART N PREP ART N CCIRC PPERS VSTAT PREP ART N CCIRC PPERS V PREP ART N CCIRC PPERS VSTAT PREP N CCIRC PPERS V PREP ART N PUNCT CCIRC PPERS VSTAT APST ART N PREP ART N V PUNCT APST ART N V PREP PPERO PREP
98,55,55,ⲡⲉϫⲉ ⲓ︤ⲥ︥ ⲧ ⲙⲛ̄ⲧⲉⲣⲟ ⲙ̄ ⲡ ⲉⲓⲱⲧ⳿ ⲉ ⲥ ⲧⲛ̄ⲧⲱⲛ ⲉ ⲩ ⲣⲱⲙⲉ ⲉ ϥ ⲟⲩⲱϣ ⲉ ⲙⲟⲩⲧ ⲟⲩ ⲣⲱⲙⲉ ⲙ̄ ⲙⲉⲅⲓⲥⲧⲁⲛⲟⲥ ⲁ ϥ ϣⲱⲗⲙ⳿ ⲛ̄ ⲧ ⲥⲏϥⲉ ϩⲙ̄ ⲡⲉϥ ⲏⲉⲓ ⲁ ϥ ϫⲟⲧⲥ︦ ⲛ̄ ⲧ ϫⲟ ϫⲉⲕⲁⲁⲥ ⲉ ϥ ⲛⲁ ⲉⲓⲙⲉ ϫⲉ ⲧⲉϥ ϭⲓϫ⳿ ⲛⲁ ⲧⲱⲕ⳿ ⲉϩⲟⲩⲛ ⲧⲟⲧⲉ ⲁ ϥ ϩⲱⲧⲙ̄ ⲙ̄ ⲡ ⲙⲉⲅⲓⲥⲧⲁⲛⲟⲥ,ⲡⲉϫⲉ ⲓⲏⲥⲟⲩⲥ ⲡ ⲙⲛⲧⲣⲣⲟ ⲛ ⲡ ⲉⲓⲱⲧ ⲉⲣⲉ ⲛⲧⲟⲥ ⲧⲟⲛⲧⲛ ⲉ ⲟⲩ ⲣⲱⲙⲉ ⲉⲣⲉ ⲛⲧⲟϥ ⲟⲩⲱϣ ⲉ ⲙⲟⲩⲟⲩⲧ ⲟⲩ ⲣⲱⲙⲉ ⲛ ⲙⲉⲅⲓⲥⲧⲁⲛⲟⲥ ⲁ ⲛⲧⲟϥ ϣⲱⲗⲙ ⲛ ⲡ ⲥⲏϥⲉ ϩⲛ ⲡⲉϥ ⲏⲓ ⲁ ⲛⲧⲟϥ ϫⲟⲧⲥ ⲛ ⲡ ϫⲟ ϫⲉⲕⲁⲁⲥ ⲉⲣⲉ ⲛⲧⲟϥ ⲛⲁ ⲉⲓⲙⲉ ϫⲉ ⲡⲉϥ ϭⲓϫ ⲛⲁ ⲧⲱⲕ ⲉϩⲟⲩⲛ ⲧⲟⲧⲉ ⲁ ⲛⲧⲟϥ ϩⲱⲧⲙ ⲛ ⲡ ⲙⲉⲅⲓⲥⲧⲁⲛⲟⲥ,VBD NPROP ART N PREP ART N CCIRC PPERS VSTAT PREP ART N CCIRC PPERS V PREP V ART N PREP N APST PPERS V PREP ART N PREP PPOS N APST PPERS V PREP ART N CONJ CFOC PPERS FUT V CONJ PPOS N FUT V ADV ADV APST
99,58,58,ⲡⲉϫⲉ ⲙ̄ ⲙⲁⲑⲏⲧⲏⲥ ⲛⲁ ϥ ϫⲉ ⲛⲉⲕ · ⲥⲛⲏⲩ ⲙⲛ̄ ⲧⲉⲕ ⲙⲁⲁⲩ ⲥⲉ ⲁϩⲉ ⲣⲁⲧ ⲟⲩ ϩⲓ ⲡ ⲥⲁ ⲛ ⲃⲟⲗ ⲡⲉϫⲁ ϥ ⲛⲁ ⲩ ϫⲉ ⲛ ⲉⲧ ⲛ̄ ⲛⲉⲉⲓ ⲙⲁ ⲉϯ ⲣⲉ ⲙ̄ ⲡ ⲟⲩⲱϣ ⲙ̄ ⲡⲁ ⲉⲓⲱⲧ⳿ ⲛⲁⲉⲓ ⲛⲉ ⲛⲁ ⲥⲛⲏⲩ ⲙⲛ̄ ⲧⲁ ⲙⲁⲁⲩ ⲛ̄ⲧⲟⲟⲩ ⲡⲉ ⲉⲧ ⲛⲁ ⲃⲱⲕ⳿ ⲉϩⲟⲩⲛ ⲉ ⲧ ⲙⲛ̄ⲧⲉⲣⲟ ⲙ̄ ⲡⲁ ⲉⲓⲱⲧ⳿,ⲡⲉϫⲉ ⲡ ⲙⲁⲑⲏⲧⲏⲥ ⲛⲁ ⲛⲧⲟϥ ϫⲉ ⲡⲉⲕ · ⲥⲛⲏⲩ ⲙⲛ ⲡⲉⲕ ⲙⲁⲁⲩ ⲛⲧⲟⲟⲩ ⲱϩⲉ ⲣⲁⲧ ⲛⲧⲟⲟⲩ ϩⲓ ⲡ ⲥⲁ ⲛ ⲃⲟⲗ ⲡⲉϫⲉ ⲛⲧⲟϥ ⲛⲁ ⲛⲧⲟⲟⲩ ϫⲉ ⲡ ⲉⲧⲉⲣⲉ ⲛ ⲡⲉⲓ ⲙⲁ ⲉⲧⲉⲣⲉ ⲉⲓⲣⲉ ⲛ ⲡ ⲟⲩⲱϣ ⲛ ⲡⲁ ⲉⲓⲱⲧ ⲛⲁⲓ ⲡⲉ ⲡⲁ ⲥⲟⲛ ⲙⲛ ⲡⲁ ⲙⲁⲁⲩ ⲛⲧⲟⲟⲩ ⲡⲉ ⲉⲧⲉⲣⲉ ⲛⲁ ⲃⲱⲕ ⲉϩⲟⲩⲛ ⲉ ⲡ ⲙⲛⲧⲣⲣⲟ ⲛ ⲡⲁ ⲉⲓⲱⲧ,VBD ART N PREP PPERO CONJ PPOS PUNCT N PREP PPOS N PPERS V N PPERO PREP ART N PREP N VBD PPERS PREP PPERO CONJ ART CREL PREP PDEM N CREL V PREP ART N PREP PPOS N PDEM COP PPOS N PREP PPOS N PPERI COP CREL FUT
100,54,54,ⲁ ⲩ ⲧⲥⲉⲃⲉ ⲓ︤ⲥ︥ ⲁ ⲩ ⲛⲟⲩⲃ ⲁⲩⲱ ⲡⲉϫⲁ ⲩ ⲛⲁ ϥ⳿ ϫⲉ ⲛ ⲉⲧ ⲏⲡ · ⲁ ⲕⲁⲓⲥⲁⲣ⳿ ⲥⲉ ϣⲓⲧⲉ ⲙ̄ⲙⲟ ⲛ ⲛ̄ ⲛ̄ ϣⲱⲙ⳿ ⲡⲉϫⲁ ϥ ⲛⲁ ⲩ ϫⲉ ϯ ⲛⲁ ⲕⲁⲓⲥⲁⲣ⳿ ⲛ̄ ⲕⲁⲓⲥⲁⲣ ϯ ⲛⲁ ⲡ ⲛⲟⲩⲧⲉ ⲙ̄ ⲡ ⲛⲟⲩⲧⲉ ⲁⲩⲱ ⲡ ⲉⲧⲉ ⲡⲱ ⲉⲓ ⲡⲉ ⲙⲁ ⲧⲛ̄ ⲛⲁ ⲉⲓ ϥ,ⲁ ⲛⲧⲟⲟⲩ ⲧⲥⲉⲃⲟ ⲓⲏⲥⲟⲩⲥ ⲉ ⲟⲩ ⲛⲟⲩⲃ ⲁⲩⲱ ⲡⲉϫⲉ ⲛⲧⲟⲟⲩ ⲛⲁ ⲛⲧⲟϥ ϫⲉ ⲡ ⲉⲧⲉⲣⲉ ⲱⲡ · ⲁ ⲕⲁⲓⲥⲁⲣ ⲛⲧⲟⲟⲩ ϣⲓⲧⲉ ⲛ ⲁⲛⲟⲛ ⲛ ⲡ ϣⲱⲙ ⲡⲉϫⲉ ⲛⲧⲟϥ ⲛⲁ ⲛⲧⲟⲟⲩ ϫⲉ ϯ ⲡⲁ ⲕⲁⲓⲥⲁⲣ ⲛ ⲕⲁⲓⲥⲁⲣ ϯ ⲡⲁ ⲡ ⲛⲟⲩⲧⲉ ⲛ ⲡ ⲛⲟⲩⲧⲉ ⲁⲩⲱ ⲡ ⲉⲧⲉⲣⲉ ⲡⲱ ⲁⲛⲟⲛ ⲡ ϯ ⲛⲧⲱⲧⲛ ⲛⲁ ⲁⲛⲟⲕ ⲛⲧⲟϥ,APST PPERS V NPROP PREP ART N CONJ VBD PPERS PREP PPERO CONJ ART CREL VSTAT PUNCT APST NPROP PPERS V PREP PPERO PREP ART N VBD PPERS PREP PPERO CONJ V PPOS NPROP PREP NPROP V PPOS ART N PREP ART N CONJ ART CREL PPOS PPERO ART VIMP
101,60,60,ⲡ ⲉⲧ ⲁ ⲙⲉⲥⲧⲉ ⲡⲉϥ ⲉⲓ̣[ⲱ]ⲧ⳿ ⲁ̣ⲛ ⲙⲛ̄ ⲧⲉϥ⳿ ⲙⲁⲁⲩ ⲛ̄ ⲧⲁ ϩⲉ ϥ ⲛⲁ ϣ ⲣ̄ⲙ̣[ⲁⲑⲏⲧ]ⲏ̣ⲥ̣ ̣ⲛ̣ⲁ̣ ⲉⲓ ⲁ(ⲛ) ⲁⲩⲱ ⲡ ⲉⲧ ⲁ ⲙⲣ̄ⲣⲉ ⲡⲉ[ϥ ⲉⲓⲱⲧ ⲁⲛ ⲙ]ⲛ̣̄ ⲧ̣ⲉϥ ⲙⲁⲁⲩ ⲛ̄ ⲧⲁ ϩⲉ ϥ ⲛⲁ ϣ ⲣ̄ⲙ[ⲁⲑⲏⲧⲏⲥ ⲛⲁ] ⲉⲓ ⲁⲛ ⲧⲁ ⲙⲁⲁⲩ ⲅⲁⲣ ⲛ̄ⲧⲁ ⲥ̣[.........] [..]ⲟ̣ⲗ̣ [ⲧⲁ ⲙⲁⲁ]ⲩ ⲇⲉ ⲙ̄ ⲙⲉ ⲁ ⲥ ϯ ⲛⲁ ⲉⲓ ⲙ ⲡ ⲱⲛϩ̣,ⲡ ⲉⲧⲉⲣⲉ ⲛⲁ ⲙⲟⲥⲧⲉ ⲡⲉϥ ⲉⲓⲱⲧ ⲁⲛ ⲙⲛ ⲡⲉϥ ⲙⲁⲁⲩ ⲛ ⲡⲁ ϩⲉ ⲛⲧⲟϥ ⲛⲁ ϣ ⲣⲙⲁⲑⲏⲧⲏⲥ ⲛⲁ ⲁⲛⲟⲕ ⲁⲛ ⲁⲩⲱ ⲡ ⲉⲧⲉⲣⲉ ⲛⲁ ⲙⲣⲣⲉ ⲡⲉϥ ⲉⲓⲱⲧ ⲁⲛ ⲙⲛ ⲡⲉϥ ⲙⲁⲁⲩ ⲛ ⲡⲁ ϩⲉ ⲛⲧⲟϥ ⲛⲁ ϣ ⲣⲙⲁⲑⲏⲧⲏⲥ ⲛ ⲁⲛⲟⲕ ⲁⲛ ⲡⲁ ⲙⲁⲁⲩ ⲅⲁⲣ ⲛⲧⲉ_ⲁⲛⲟⲕ ⲥ......... ..ⲟⲗ ⲡⲁ ⲙⲁⲁⲩ ⲇⲉ ⲛ ⲙⲉ ⲁ ⲛⲧⲟⲥ ϯ ⲛ ⲁⲛⲟⲕ ⲛ ⲡ ⲱⲛϩ,ART CREL FUT V PPOS N NEG PREP PPOS N PREP PPOS N PPERS FUT V V PREP PPERO NEG CONJ ART CREL FUT V PPOS N NEG PREP PPOS N PREP PPOS N PPERS FUT V V PREP PPERO NEG PPOS N PTC ACONJ_PPERS UNKNOWN UNKNOWN PPOS N PTC
102,38,38,ⲡⲉϫⲉ ⲓ︤ⲥ︥ [ϫⲉ ⲟ]ⲩⲟⲉⲓ ⲛⲁ ⲩ ⲙ̄ ⲫⲁⲣⲓⲥⲁⲓⲟⲥ ϫⲉ ⲉ ⲩ ⲉⲓⲛⲉ̣ [ⲛⲛ̄] ⲟ̣ⲩ ⲟⲩϩⲟⲣ ⲉ ϥ ⲛ̄ⲛⲕⲟⲧⲕ⳿ ϩⲓϫⲛ ⲡ ⲟⲩⲟⲛⲉϥ ⲛ̄ ϩ̣[ⲛ̄]ⲛ̣ ⲉϩⲟⲟⲩ ϫⲉ ⲟⲩⲧⲉ ϥ ⲟⲩⲱⲙ ⲁⲛ ⲟⲩⲧⲉ ϥ ⲕ̣[ⲱ] ⲁ̣ⲛ ⲛ̄ ⲛ ⲉϩⲟⲟⲩ ⲉ ⲟⲩⲱⲙ,ⲡⲉϫⲉ ⲓⲏⲥⲟⲩⲥ ϫⲉ ⲟⲩⲟⲓ ⲛ ⲛⲧⲟⲟⲩ ⲛ ⲫⲁⲣⲓⲥⲁⲓⲟⲥ ϫⲉ ⲉⲣⲉ ⲛⲧⲟⲟⲩ ⲉⲓⲛⲉ ⲛ ⲟⲩ ⲟⲩϩⲟⲣ ⲉⲣⲉ ⲛⲧⲟϥ ⲛⲛⲕⲟⲧⲕ ϩⲓϫⲛ ⲡ ⲟⲩⲟⲙϥ ⲛ ϩⲉⲛ ⲉϩⲉ ϫⲉ ⲟⲩⲧⲉ ⲛⲧⲟϥ ⲟⲩⲱⲙ ⲁⲛ ⲟⲩⲧⲉ ⲛⲧⲟϥ ⲕⲱ ⲁⲛ ⲛ ⲡ ⲉϩⲉ ⲉ ⲟⲩⲱⲙ,VBD NPROP CONJ PTC PREP PPERO PREP N CONJ CFOC PPERS V PREP ART N CCIRC PPERS V PREP ART N PREP ART N CONJ CONJ PPERS V NEG CONJ PPERS V NEG PREP ART N PREP V
103,49,49,ⲡⲉϫⲉ ⲓ︤ⲥ︥ ϫⲉ ⲟⲩ ⲙⲁ̣[ⲕⲁ]ⲣⲓⲟⲥ ⲡⲉ ⲡ ⲣⲱⲙⲉ ⲡⲁⲉⲓ ⲉⲧ ⲥⲟⲟⲩ(ⲛ) ϫⲉ ϩ[ⲛ̄ ⲁϣ] ⲙ̣̄ ⲙⲉⲣⲟⲥ ⲉ ⲛ ⲗⲏⲥⲧⲏⲥ ⲛⲏⲩ ⲉϩⲟⲩⲛ ϣⲓⲛⲁ̣ [ⲉ ϥ] ⲛ̣ⲁ ⲧⲱⲟⲩⲛ/ ⲛ ϥ ⲥⲱϩⲟⲩϩ ⲛ̄ ⲧⲉϥ⳿ ⲙⲛ︤ⲧ︥ⲉ̣[ⲣⲟ] ⲁⲩⲱ ⲛ̄ ϥ ⲙⲟⲩⲣ ⲙ̄ⲙⲟ ϥ ⲉϫⲛ̄ ⲧⲉϥ⳿ ϯⲡⲉ ϩ̣[ⲁ] ⲧ̣ ⲉϩⲏ ⲉ ⲙ⳿ⲡⲁⲧ ⲟⲩ ⲉⲓ ⲉϩⲟⲩⲛ,ⲡⲉϫⲉ ⲓⲏⲥⲟⲩⲥ ϫⲉ ⲟⲩ ⲙⲁⲕⲁⲣⲓⲟⲥ ⲡⲉ ⲡ ⲣⲱⲙⲉ ⲡⲁⲓ ⲉⲧⲉⲣⲉ ⲥⲟⲟⲩⲛ ϫⲉ ϩⲛ ⲁϣ ⲛ ⲙⲉⲣⲟⲥ ⲉ ⲡ ⲗⲏⲥⲧⲏⲥ ⲉⲓ ⲉϩⲟⲩⲛ ϩⲓⲛⲁ ⲉⲣⲉ ⲛⲧⲟϥ ⲛⲁ ⲧⲱⲟⲩⲛ/ ⲛⲧⲉ ⲛⲧⲟϥ ⲥⲱⲟⲩϩ ⲛ ⲡⲉϥ ⲙⲛⲧⲣⲣⲟ ⲁⲩⲱ ⲛⲧⲉ ⲛⲧⲟϥ ⲙⲟⲩⲣ ⲛ ⲛⲧⲟϥ ⲉϫⲛ̄ ⲡⲉϥ ϯⲡⲉ ϩⲁ ⲡ ⲉϩⲏ ⲉⲣⲉ ⲙⲡⲁⲧⲉ ⲛⲧⲟⲟⲩ ⲉⲓ ⲉϩⲟⲩⲛ,VBD NPROP CONJ ART N COP ART N PDEM CREL V CONJ PREP PINT PREP N CCIRC ART N V ADV CONJ CCIRC PPERS FUT V ACONJ PPERS V PREP PPOS N CONJ ACONJ PPERS V PREP PPERO PREP PPOS N PREP ART N CCIRC ANY PPERS V ADV
104,57,57,ⲡⲉϫⲁ ⲩ ⲛ̣ [ⲓ︤]ⲥ︥ ϫⲉ ⲁⲙⲟⲩ ⲛ̄ ⲧⲛ̄ ϣⲗⲏⲗ⳿ ⲙ ⲡ ⲟⲟⲩ ⲁⲩⲱ ⲛ ⲧⲛ̄ ⲣ̄ⲛⲏⲥⲧⲉⲩⲉ ⲡⲉϫⲉ ⲓ︤ⲥ︥ ϫⲉ ⲟⲩ ⲅⲁⲣ⳿ ⲡⲉ ⲡ ⲛⲟⲃⲉ ⲛ̄ⲧ ⲁ ⲉⲓ ⲁⲁ ϥ⳿ ⲏ ⲛ̄ⲧ ⲁ ⲩ ϫⲣⲟ ⲉⲣⲟ ⲉⲓ ϩⲛ̄ ⲟⲩ ⲁⲗⲗⲁ ϩⲟⲧⲁⲛ ⲉⲣϣⲁⲛ ⲡ ⲛⲩⲙⲫⲓⲟⲥ ⲉⲓ ⲉⲃⲟⲗ ϩⲙ̄ ⲡ ⲛⲩⲙⲫⲱⲛ ⲧⲟⲧⲉ ⲙⲁⲣ ⲟⲩ ⲛⲏ⳿ⲥⲧⲉⲩⲉ ⲁⲩⲱ ⲙⲁⲣ ⲟⲩ ϣⲗⲏⲗ ·,ⲡⲉϫⲉ ⲛⲧⲟⲟⲩ ⲛ ⲓⲏⲥⲟⲩⲥ ϫⲉ ⲉⲓ ⲛⲧⲉ ⲁⲛⲟⲛ ϣⲗⲏⲗ ⲛ ⲡ ϩⲟⲟⲩ ⲁⲩⲱ ⲛⲧⲉ ⲁⲛⲟⲛ ⲣⲛⲏⲥⲧⲉⲩⲉ ⲡⲉϫⲉ ⲓⲏⲥⲟⲩⲥ ϫⲉ ⲟⲩ ⲅⲁⲣ ⲡⲉ ⲡ ⲛⲟⲃⲉ ⲉⲧⲉⲣⲉ ⲁ ⲁⲛⲟⲕ ⲉⲓⲣⲉ ⲛⲧⲟϥ ⲏ ⲉⲧⲉⲣⲉ ⲁ ⲛⲧⲟⲟⲩ ϫⲣⲟ ⲉ ⲁⲛⲟⲕ ϩⲛ ⲟⲩ ⲁⲗⲗⲁ ϩⲟⲧⲁⲛ ⲉⲣϣⲁⲛ ⲡ ⲛⲩⲙⲫⲓⲟⲥ ⲉⲓ ⲉⲃⲟⲗ ϩⲛ ⲡ ⲛⲩⲙⲫⲱⲛ ⲧⲟⲧⲉ ⲙⲁⲣⲉ ⲛⲧⲟⲟⲩ ⲛⲏⲥⲧⲉⲩⲉ ⲁⲩⲱ ⲙⲁⲣⲉ ⲛⲧⲟⲟⲩ ϣⲗⲏⲗ ·,VBD PPERS PREP NPROP CONJ VIMP ACONJ PPERS V PREP ART N CONJ ACONJ PPERS V VBD NPROP CONJ PINT PTC COP ART N CREL APST PPERS V PPERO CONJ CREL APST PPERS V PREP PPERO PREP PINT CONJ CONJ ACOND ART N V ADV PREP ART N ADV AJUS
105,22,22,ⲡⲉϫⲉ ⲓ︤ⲥ︥ ϫⲉ ⲡ ⲉⲧ ⲛⲁ ⲥⲟⲩⲱⲛ ⲡ ⲉⲓⲱⲧ⳿ ⲙⲛ̄ ⲧ ⲙⲁⲁⲩ ⲥⲉ ⲛⲁ ⲙⲟⲩⲧⲉ ⲉⲣⲟ ϥ⳿ ϫⲉ ⲡ ϣⲏⲣⲉ ⲙ̄ ⲡⲟⲣⲛⲏ,ⲡⲉϫⲉ ⲓⲏⲥⲟⲩⲥ ϫⲉ ⲡ ⲉⲧⲉⲣⲉ ⲛⲁ ⲥⲟⲟⲩⲛ ⲡ ⲉⲓⲱⲧ ⲙⲛ ⲡ ⲙⲁⲁⲩ ⲛⲧⲟⲟⲩ ⲛⲁ ⲙⲟⲩⲧⲉ ⲉ ⲛⲧⲟϥ ϫⲉ ⲡ ϣⲏⲣⲉ ⲛ ⲡⲟⲣⲛⲏ,VBD NPROP CONJ ART CREL FUT V ART N PREP ART N PPERS FUT V PREP PPERO CONJ ART N PREP N
106,30,30,ⲡⲉϫⲉ ⲓ︤ⲥ︥ ϫⲉ ϩⲟⲧⲁⲛ ⲉⲧⲉⲧⲛ̄ϣⲁ ⲣ̄ ⲡ ⲥⲛⲁⲩ ⲟⲩⲁ ⲧⲉⲧⲛ ⲁ ϣⲱⲡⲉ ⲛ̄ ϣⲏⲣⲉ ⲙ̄ ⲡ ⲣⲱⲙⲉ ⲁⲩⲱ ⲉⲧⲉⲧⲛ̄ϣⲁⲛ⳿ ϫⲟⲟ ⲥ ϫⲉ ⲡ ⲧⲟⲟⲩ ⲡⲱⲱⲛⲉ ⲉⲃⲟⲗ · ϥ ⲛⲁ ⲡⲱⲱⲛⲉ,ⲡⲉϫⲉ ⲓⲏⲥⲟⲩⲥ ϫⲉ ϩⲟⲧⲁⲛ ⲉⲣϣⲁⲛ_ⲛⲧⲱⲧⲛ ⲉⲓⲣⲉ ⲡ ⲥⲛⲁⲩ ⲟⲩⲁ ⲛⲧⲱⲧⲛ ⲛⲁ ϣⲱⲡⲉ ⲛ ϣⲏⲣⲉ ⲛ ⲡ ⲣⲱⲙⲉ ⲁⲩⲱ ⲉⲣϣⲁⲛ_ⲛⲧⲱⲧⲛ ϫⲱ ⲛⲧⲟⲥ ϫⲉ ⲡ ⲧⲟⲟⲩ ⲡⲱⲱⲛⲉ ⲉⲃⲟⲗ · ⲛⲧⲟϥ ⲛⲁ ⲡⲱⲱⲛⲉ,VBD NPROP CONJ CONJ ACOND_PPERS V ART NUM NUM PPERS FUT V PREP N PREP ART N CONJ ACOND_PPERS V PPERO CONJ ART N V ADV PUNCT PPERS FUT V
107,60,60,ⲡⲉϫⲉ ⲓ︤ⲥ︥ ϫⲉ ⲧ ⲙⲛ̄ⲧⲉⲣⲟ ⲉ ⲥ ⲧⲛ̄ⲧⲱ(ⲛ) ⲉ ⲩ ⲣⲱⲙⲉ ⲛ̄ ϣⲱⲥ ⲉ ⲩⲛ̄ⲧⲁ ϥ⳿ ⲙ̄ⲙⲁⲩ ⲛ̄ ϣⲉ ⲛ̄ ⲉⲥⲟⲟⲩ ⲁ ⲟⲩⲁ ⲛ̄ϩⲏⲧ ⲟⲩ ⲥⲱⲣⲙ⳿ ⲉ ⲡ ⲛⲟϭ ⲡⲉ ⲁ ϥ ⲕⲱ ⲙ̄ ⲡⲥⲧⲉⲯⲓⲧ ⲁ ϥ ϣⲓⲛⲉ ⲛ̄ⲥⲁ ⲡⲓ ⲟⲩⲁ · ϣⲁⲛⲧⲉ ϥ ϩⲉ ⲉⲣⲟ ϥ ⲛ̄ⲧⲁⲣⲉ ϥ ϩⲓⲥⲉ ⲡⲉϫⲁ ϥ⳿ ⲙ̄ ⲡ ⲉⲥⲟ[[ⲩ]]ⲟⲩ ϫⲉ ϯ ⲟⲩⲟϣⲕ⳿ ⲡⲁⲣⲁ ⲡⲥⲧⲉⲯⲓⲧ⳿,ⲡⲉϫⲉ ⲓⲏⲥⲟⲩⲥ ϫⲉ ⲡ ⲙⲛⲧⲣⲣⲟ ⲉⲣⲉ ⲛⲧⲟⲥ ⲧⲟⲛⲧⲛ ⲉ ⲟⲩ ⲣⲱⲙⲉ ⲛ ϣⲱⲥ ⲉⲣⲉ ⲟⲩⲛⲧⲁ ⲛⲧⲟϥ ⲙⲙⲁⲩ ⲛ ϣⲉ ⲛ ⲉⲥⲟⲟⲩ ⲁ ⲟⲩⲁ ϩⲛ ⲛⲧⲟⲟⲩ ⲥⲱⲣⲙ ⲉⲣⲉ ⲡ ⲛⲟϭ ⲡⲉ ⲁ ⲛⲧⲟϥ ⲕⲱ ⲛ ⲡⲥⲧⲉⲯⲓⲧ ⲁ ⲛⲧⲟϥ ϣⲓⲛⲉ ⲛⲥⲁ ⲡⲓ ⲟⲩⲁ · ϣⲁⲛⲧⲉ ⲛⲧⲟϥ ϩⲉ ⲉ ⲛⲧⲟϥ ⲛⲧⲁⲣⲉ ⲛⲧⲟϥ ϩⲓⲥⲉ ⲡⲉϫⲉ ⲛⲧⲟϥ ⲛ ⲡ ⲉⲥⲟⲟⲩ ϫⲉ ⲁⲛⲟⲕ ⲟⲩⲟϣⲕ ⲡⲁⲣⲁ ⲡⲥⲧⲉⲯⲓⲧ⳿,VBD NPROP CONJ ART N CFOC PPERS VSTAT PREP ART N PREP N CCIRC EXIST PPERO ADV PREP NUM PREP N APST NUM PREP PPERO V CCIRC ART N COP APST PPERS V PREP NUM APST PPERS V PREP PDEM NUM PUNCT ALIM PPERS V PREP PPERO APREC PPERS V
108,34,34,ⲡⲉϫⲉ ⲓ︤ⲥ︥ ϫⲉ ⲡ ⲉⲧ ⲁ ⲥⲱ ⲉⲃⲟⲗ ϩⲛ̄ ⲧⲁ ⲧⲁⲡⲣⲟ ϥ ⲛⲁ ϣⲱⲡⲉ ⲛ̄ ⲧⲁ ϩⲉ ⲁⲛⲟⲕ ϩⲱ ϯ ⲛⲁ ϣⲱⲡⲉ ⲉ ⲛⲧⲟϥ ⲡⲉ ⲁⲩⲱ ⲛ ⲉⲑ ⲏⲡ · ⲛⲁ ⲟⲩⲱⲛϩ ⲉⲣⲟ ϥ⳿,ⲡⲉϫⲉ ⲓⲏⲥⲟⲩⲥ ϫⲉ ⲡ ⲉⲧⲉⲣⲉ ⲛⲁ ⲥⲱ ⲉⲃⲟⲗ ϩⲛ ⲡⲁ ⲧⲁⲡⲣⲟ ⲛⲧⲟϥ ⲛⲁ ϣⲱⲡⲉ ⲛ ⲡⲁ ϩⲉ ⲁⲛⲟⲕ ϩⲱⲱ ⲁⲛⲟⲕ ⲛⲁ ϣⲱⲡⲉ ⲉⲣⲉ ⲛⲧⲟϥ ⲡⲉ ⲁⲩⲱ ⲡ ⲉⲧⲉⲣⲉ ϩⲱⲡ · ⲛⲁ ⲟⲩⲱⲛϩ ⲉ ⲛⲧⲟϥ,VBD NPROP CONJ ART CREL FUT V ADV PREP PPOS N PPERS FUT V PREP PPOS N PPERI IMOD PPERS FUT V CCIRC PPERI COP CONJ ART CREL VSTAT PUNCT FUT V PREP PPERO
109,93,93,ⲡⲉϫⲉ ⲓ︤ⲥ︥ ϫⲉ ⲧ ⲙⲛ̄ⲧⲉⲣⲟ ⲉ ⲥ ⲧⲛ̄ⲧⲱⲛ ⲉ ⲩ ⲣⲱⲙⲉ ⲉ ⲩⲛ̄ⲧⲁ ϥ̣ [ⲙ]ⲙ̣ⲁⲩ ϩⲛ̄ ⲧⲉϥ⳿ ⲥⲱϣⲉ ⲛ̄ⲛ ⲟⲩ ⲉϩⲟ ⲉ ϥ ϩ̣ⲏ̣[ⲡ ⲉ] ϥ̣ ⲟ ⲛ̄ ⲁⲧⲥⲟⲟⲩⲛ⳿ ⲉⲣⲟ ϥ ⲁⲩⲱ ⲙ̄[ⲙⲛ̄ⲛⲥⲁ ⲧ]ⲣⲉ ϥ ⲙⲟⲩ ⲁ ϥ ⲕⲁⲁ ϥ ⲙ︤ ⲡ︥ⲉϥ⳿ [ϣⲏⲣⲉ ⲛⲉ] ⲡ̣ ϣⲏⲣⲉ ⲥⲟⲟⲩⲛ ⲁⲛ⳿ ⲁ ϥ ϥⲓ⳿ ⲧ ⲥⲱϣⲉ ⲉⲧ ⲙⲙⲁⲩ ⲁ ϥ ⲧⲁ̣ⲁ̣ [ⲥ ⲉⲃⲟ]ⲗ̣ ̣ⲁ̣ⲩ̣ⲱ̣ ̣ⲡ̣ [ⲉⲛ]ⲧ ⲁ ϩ ⲧⲟⲟⲩ ⲥ ⲁ ϥ ⲉⲓ ⲉ ϥ ⲥⲕⲁⲉⲓ ⲁ̣ [ϥ ϩ]ⲉ ⲁ ⲡ ⲉϩⲟ ⲁ ϥ̣ ⲁⲣⲭⲉⲓ ⲛ̄ ϯ ϩⲟⲙⲧ⳿ ⲉ ⲧ ⲙⲏⲥⲉ ⲛ̣ [ⲛ ⲉⲧ] ⲟⲩⲟϣ ⲟⲩ,ⲡⲉϫⲉ ⲓⲏⲥⲟⲩⲥ ϫⲉ ⲡ ⲙⲛⲧⲣⲣⲟ ⲉⲣⲉ ⲛⲧⲟⲥ ⲧⲟⲛⲧⲛ ⲉ ⲟⲩ ⲣⲱⲙⲉ ⲉⲣⲉ ⲟⲩⲛⲧⲁ ⲛⲧⲟϥ ⲙⲙⲁⲩ ϩⲛ ⲡⲉϥ ⲥⲱϣⲉ ⲛ ⲟⲩ ⲁϩⲟ ⲉⲣⲉ ⲛⲧⲟϥ ϩⲱⲡ ⲉⲣⲉ ⲛⲧⲟϥ ⲉⲓⲣⲉ ⲛ ⲁⲧⲥⲟⲟⲩⲛ ⲉ ⲛⲧⲟϥ ⲁⲩⲱ ⲙⲙⲛⲛⲥⲁ ⲧⲣⲉ ⲛⲧⲟϥ ⲙⲟⲩ ⲁ ⲛⲧⲟϥ ⲕⲱ ⲛⲧⲟϥ ⲛ ⲡⲉϥ ϣⲏⲣⲉ ⲛⲉ ⲡ ϣⲏⲣⲉ ⲥⲟⲟⲩⲛ ⲁⲛ ⲁ ⲛⲧⲟϥ ϥⲓ ⲡ ⲥⲱϣⲉ ⲉⲧⲉⲣⲉ ⲙⲙⲁⲩ ⲁ ⲛⲧⲟϥ ϯ ⲛⲧⲟⲥ ⲉⲃⲟⲗ ⲁⲩⲱ ⲡ ⲉⲧⲉⲣⲉ ⲁ ⲛⲧⲟϥ ⲧⲟⲟⲩ ⲛⲧⲟⲥ ⲁ ⲛⲧⲟϥ ⲉⲓ ⲉⲣⲉ ⲛⲧⲟϥ ⲥⲕⲁⲓ ⲁ ⲛⲧⲟϥ ϩⲉ ⲉ ⲡ ⲁϩⲟ ⲁ ⲛⲧⲟϥ ⲁⲣⲭⲉⲓ ⲛ ϯ ϩⲟⲙⲧ ⲉ ⲡ ⲙⲏⲥⲉ ⲛ ⲡ ⲉⲧⲉⲣⲉ ⲟⲩⲱϣ ⲛⲧⲟⲟⲩ,VBD NPROP CONJ ART N CFOC PPERS VSTAT PREP ART N CCIRC EXIST PPERO ADV PREP PPOS N PREP ART N CCIRC PPERS VSTAT CCIRC PPERS VSTAT PREP N PREP PPERO CONJ PREP ACAUS PPERS V APST PPERS V PPERO PREP PPOS N CPRET ART N V NEG APST PPERS
110,20,20,ⲡⲉϫⲉ ⲓ︤ⲥ︥ ϫⲉ ⲡ ⲉⲛⲧ ⲁ ϩ ϭⲓⲛⲉ̣ [ⲙ̄] ⲡ ⲕⲟⲥⲙⲟⲥ ⲛ̄ ϥ ⲣ̄ⲣⲙ̄ⲙⲁⲟ ⲙⲁⲣⲉ ϥ ⲁⲣⲛⲁ ⲙ ⲡ̣ ⲕⲟⲥⲙⲟⲥ,ⲡⲉϫⲉ ⲓⲏⲥⲟⲩⲥ ϫⲉ ⲡ ⲉⲧⲉⲣⲉ ⲁ ⲛⲧⲟϥ ϭⲓⲛⲉ ⲛ ⲡ ⲕⲟⲥⲙⲟⲥ ⲛ̄ⲧⲉ ⲛⲧⲟϥ ⲣⲣⲙⲙⲁⲟ ⲙⲁⲣⲉ ⲛⲧⲟϥ ⲁⲣⲛⲁ ⲛ ⲡ ⲕⲟⲥⲙⲟⲥ,VBD NPROP CONJ ART CREL APST PPERS V PREP ART N ACONJ PPERS V AJUS PPERS V PREP ART N
111,52,52,ⲡⲉϫⲉ ⲓ︤ⲥ︥ ϫⲉ ⲙ̄ ⲡⲏⲩⲉ ⲛⲁ ϭⲱⲗ · ⲁ̣ⲩ̣ⲱ ⲡ ⲕⲁϩ ⲙ̄ ⲡⲉⲧⲛ ⲙ̄ⲧⲟ ⲉⲃⲟⲗ⳿ ⲁⲩⲱ ⲡ ⲉⲧ ⲟⲛϩ ⲉⲃⲟⲗ ϩⲛ̄ ⲡ ⲉⲧ ⲟⲛϩ ϥ ⲛⲁ ⲛⲁⲩ ⲁⲛ ⲉ ⲙⲟⲩ ⲟⲩⲭ ϩⲟⲧⲓ ⲉ ⲓ︤ⲥ︥ ϫⲱ ⲙ̄ⲙⲟ ⲥ ϫⲉ ⲡ ⲉⲧ ⲁ ϩⲉ ⲉⲣⲟ ϥ⳿ ⲟⲩⲁⲁ ϥ ⲡ ⲕⲟⲥⲙⲟⲥ ⲙ̄ⲡϣⲁ ⲙ̄ⲙⲟ ϥ⳿ ⲁⲛ,ⲡⲉϫⲉ ⲓⲏⲥⲟⲩⲥ ϫⲉ ⲡ ⲡⲉ ⲛⲁ ϭⲱⲗ · ⲁⲩⲱ ⲡ ⲕⲁϩ ⲛ ⲡⲉⲧⲛ ⲙⲧⲟ ⲉⲃⲟⲗ ⲁⲩⲱ ⲡ ⲉⲧⲉⲣⲉ ⲱⲛϩ ⲉⲃⲟⲗ ϩⲛ ⲡ ⲉⲧⲉⲣⲉ ⲱⲛϩ ⲛⲧⲟϥ ⲛⲁ ⲛⲁⲩ ⲁⲛ ⲉ ⲙⲟⲩ ⲟⲩⲭ ϩⲟⲧⲓ ⲉⲣⲉ ⲓⲏⲥⲟⲩⲥ ϫⲱ ⲛ ⲛⲧⲟⲥ ϫⲉ ⲡ ⲉⲧⲉⲣⲉ ⲛⲁ ϩⲉ ⲉ ⲛⲧⲟϥ ⲟⲩⲁⲁ ⲛⲧⲟϥ ⲡ ⲕⲟⲥⲙⲟⲥ ⲙⲡϣⲁ ⲛ ⲛⲧⲟϥ ⲁⲛ,VBD NPROP CONJ ART N FUT V PUNCT CONJ ART N PREP PPOS N ADV CONJ ART CREL VSTAT ADV PREP ART CREL VSTAT PPERS FUT V NEG PREP N NEG CONJ CFOC NPROP V PREP PPERO CONJ ART CREL FUT V PREP PPERO IMOD PPERO ART N V PREP
112,23,23,ⲡⲉϫⲉ ⲓ︤ⲥ︥ ϫⲉ ⲟⲩⲟⲉⲓ ⲛ̄ ⲧ ⲥⲁⲣⲝ⳿ ⲧⲁⲉⲓ ⲉⲧ ⲟϣⲉ ⲛ̄ ⲧ ⲯⲩⲭⲏ ⲟⲩⲟⲉⲓ ⲛ̄ ⲧ ⲯⲩⲭⲏ ⲧⲁⲉⲓ ⲉⲧ ⲟϣⲉ ⲛ̄ ⲧ ⲥⲁⲣⲝ,ⲡⲉϫⲉ ⲓⲏⲥⲟⲩⲥ ϫⲉ ⲟⲩⲟⲓ ⲛ ⲡ ⲥⲁⲣⲝ ⲡⲁⲓ ⲉⲧⲉⲣⲉ ⲉⲓϣⲉ ⲛ ⲡ ⲯⲩⲭⲏ ⲟⲩⲟⲓ ⲛ ⲡ ⲯⲩⲭⲏ ⲡⲁⲓ ⲉⲧⲉⲣⲉ ⲉⲓϣⲉ ⲛ ⲡ ⲥⲁⲣⲝ,VBD NPROP CONJ N PREP ART N PDEM CREL VSTAT PREP ART N N PREP ART N PDEM CREL VSTAT PREP ART N
113,61,61,ⲡⲉϫⲁ ⲩ ⲛⲁ ϥ ⲛ̄ϭⲓ ⲛⲉϥ ⲙⲁⲑⲏⲧⲏⲥ ϫⲉ ⲧ ⲙⲛ̄ⲧⲉⲣⲟ ⲉ ⲥ ⲛ̄ⲛⲏⲩ ⲛ̄ ⲁϣ ⲛ̄ ϩⲟⲟⲩ ⲉ ⲥ ⲛ̄ⲛⲏⲩ ⲁⲛ ϩⲛ̄ ⲟⲩ ϭⲱϣⲧ ⲉⲃⲟⲗ⳿ ⲉ ⲩ ⲛⲁ ϫⲟⲟ ⲥ ⲁⲛ ϫⲉ ⲉⲓⲥ ϩⲏⲏⲧⲉ ⲙ̄ ⲡⲓ ⲥⲁ ⲏ ⲉⲓⲥ ϩⲏⲏⲧⲉ ⲧⲏ ⲁⲗⲗⲁ ⲧ ⲙⲛ̄ⲧⲉⲣⲟ ⲙ̄ ⲡ ⲉⲓⲱⲧ̂ ⲉ ⲥ ⲡⲟⲣϣ⳿ ⲉⲃⲟⲗ ϩⲓϫⲙ̄ ⲡ ⲕⲁϩ ⲁⲩⲱ ⲣ̄ ⲣⲱⲙⲉ ⲛⲁⲩ ⲁⲛ ⲉⲣⲟ ⲥ,ⲡⲉϫⲉ ⲛⲧⲟⲟⲩ ⲛⲁ ⲛⲧⲟϥ ⲛϭⲓ ⲡⲉϥ ⲙⲁⲑⲏⲧⲏⲥ ϫⲉ ⲡ ⲙⲛⲧⲣⲣⲟ ⲉⲣⲉ ⲛⲧⲟⲥ ⲉⲓ ⲛ ⲁϣ ⲛ ϩⲟⲟⲩ ⲉⲣⲉ ⲛⲧⲟⲥ ⲉⲓ ⲁⲛ ϩⲛ ⲟⲩ ϭⲱϣⲧ ⲉⲃⲟⲗ ⲉⲣⲉ ⲛⲧⲟⲟⲩ ⲛⲁ ϫⲱ ⲛⲧⲟⲥ ⲁⲛ ϫⲉ ⲉⲓⲥ ϩⲏⲏⲧⲉ ⲛ ⲡⲓ ⲥⲁ ⲏ ⲉⲓⲥ ϩⲏⲏⲧⲉ ⲡⲏ ⲁⲗⲗⲁ ⲡ ⲙⲛⲧⲣⲣⲟ ⲛ ⲡ ⲉⲓⲱⲧ ⲉⲣⲉ ⲛⲧⲟⲥ ⲡⲱⲣϣ ⲉⲃⲟⲗ ϩⲓϫⲛ ⲡ ⲕⲁϩ ⲁⲩⲱ ⲛ ⲣⲱⲙⲉ ⲛⲁⲩ ⲁⲛ ⲉ ⲛⲧⲟⲥ,VBD PPERS PREP PPERO PTC PPOS N CONJ ART N CCIRC PPERS VSTAT PREP PINT PREP N CFOC PPERS VSTAT NEG PREP ART N ADV CFOC PPERS FUT V PPERO NEG CONJ PTC PTC PREP PDEM N CONJ PTC PTC PDEM CONJ ART N PREP ART N CFOC PPERS VSTAT
114,79,79,ⲡⲉϫⲉ ⲥⲓ̈ⲙⲱⲛ ⲡⲉⲧⲣⲟⲥ ⲛⲁ ⲩ ϫⲉ ⲙⲁⲣⲉ ⲙⲁⲣⲓϩⲁⲙ ⲉⲓ ⲉⲃⲟⲗ ⲛϩⲏⲧ ⲛ ϫⲉ ⲛ̄ ⲥϩⲓⲟⲙⲉ ⲙ̄ⲡϣⲁ ⲁⲛ⳿ ⲙ̄ ⲡ ⲱⲛϩ ⲡⲉϫⲉ ⲓ︤ⲥ︥ ϫⲉ ⲉⲓⲥ ϩⲏⲏⲧⲉ ⲁⲛⲟⲕ⳿ ϯ ⲛⲁ ⲥⲱⲕ⳿ ⲙ̄ⲙⲟ ⲥ ϫⲉⲕⲁⲁⲥ ⲉ ⲉⲓ ⲛⲁ ⲁ ⲥ ⲛ̄ ϩⲟⲟⲩⲧ ϣⲓⲛⲁ ⲉ ⲥ ⲛⲁ ϣⲱⲡⲉ ϩⲱⲱ ⲥ ⲛ̄ ⲟⲩ ⲡⲛ︤ⲁ︥ ⲉ ϥ ⲟⲛϩ ⲉ ϥ ⲉⲓⲛⲉ ⲙ̄ⲙⲱ ⲧⲛ ⲛ̄ ϩⲟⲟⲩⲧ ϫⲉ ⲥϩⲓⲙⲉ ⲛⲓⲙ⳿ ⲉ ⲥ ⲛⲁ ⲁ ⲥ ⲛ̄ ϩⲟⲟⲩⲧ̂ ⲥ ⲛⲁ ⲃⲱⲕ⳿ ⲉϩⲟⲩⲛ ⲉ ⲧ ⲙⲛ̄ⲧⲉⲣⲟ ⲛ ⲙ̄ ⲡⲏⲩⲉ,ⲡⲉϫⲉ ⲥⲓⲙⲱⲛ ⲡⲉⲧⲣⲟⲥ ⲛⲁ ⲛⲧⲟⲟⲩ ϫⲉ ⲙⲁⲣⲉ ⲙⲁⲣⲓϩⲁⲙ ⲉⲓ ⲉⲃⲟⲗ ϩⲛ ⲁⲛⲟⲛ ϫⲉ ⲡ ⲥϩⲓⲙⲉ ⲙⲡϣⲁ ⲁⲛ ⲛ ⲡ ⲱⲛϩ ⲡⲉϫⲉ ⲓⲏⲥⲟⲩⲥ ϫⲉ ⲉⲓⲥ ϩⲏⲏⲧⲉ ⲁⲛⲟⲕ ⲁⲛⲟⲕ ⲛⲁ ⲥⲱⲕ ⲛ ⲛⲧⲟⲥ ϫⲉⲕⲁⲁⲥ ⲉⲣⲉ ⲁⲛⲟⲕ ⲛⲁ ⲉⲓⲣⲉ ⲛⲧⲟⲥ ⲛ ϩⲟⲟⲩⲧ ϩⲓⲛⲁ ⲉⲣⲉ ⲛⲧⲟⲥ ⲛⲁ ϣⲱⲡⲉ ϩⲱⲱ ⲛⲧⲟⲥ ⲛ ⲟⲩ ⲡⲛⲉⲩⲙⲁ ⲉⲣⲉ ⲛⲧⲟϥ ⲱⲛϩ ⲉⲣⲉ ⲛⲧⲟϥ ⲉⲓⲛⲉ ⲛ ⲛⲧⲱⲧⲛ ⲛ ϩⲟⲟⲩⲧ ϫⲉ ⲥϩⲓⲙⲉ ⲛⲓⲙ ⲉⲣⲉ ⲛⲧⲟⲥ ⲛⲁ ⲉⲓⲣⲉ ⲛⲧⲟⲥ ⲛ ϩⲟⲟⲩⲧ ⲛⲧⲟⲥ ⲛⲁ ⲃⲱⲕ ⲉϩⲟⲩⲛ ⲉ ⲡ ⲙⲛⲧⲣⲣⲟ ⲛ ⲡ ⲡⲉ,VBD NPROP NPROP PREP PPERO CONJ AJUS NPROP V ADV PREP PPERO CONJ ART N V NEG PREP ART N VBD NPROP CONJ PTC PTC PPERI PPERS FUT V PREP PPERO CONJ CFOC PPERS FUT V PPERO PREP N CONJ CFOC PPERS FUT V IMOD PPERO PREP ART N CCIRC
subtitle,5,5,ⲡ ⲉⲩⲁⲅⲅⲉⲗⲓⲟⲛ ⲡ ⲕⲁⲧⲁ ⲑⲱⲙⲁⲥ,ⲡ ⲉⲩⲁⲅⲅⲉⲗⲓⲟⲛ ⲡ ⲕⲁⲧⲁ ⲑⲱⲙⲁⲥ,ART N ART PREP NPROP
