chain_rank	source_ref	target_ref	score	source_tokens	target_tokens	equal_tokens	ops_compact
1	Mark 1:3	Luke 3:4	0.7358	φωνη βοωντοσ ερημω ετοιμασατε οδον ευθειασ ποιειτε τασ τριβουσ	ωσ γεγραπται βιβλω λογων ησαιου προφητου φωνη βοωντοσ ερημω ετοιμασατε οδον ευθειασ ποιειτε τασ τριβουσ	φωνη βοωντοσ ερημω ετοιμασατε οδον ευθειασ ποιειτε τασ τριβουσ	insert:=>ωσ γεγραπται βιβλω λογων ησαιου προφητου | equal:φωνη βοωντοσ ερημω ετοιμασατε οδον ευθειασ ποιειτε τασ τριβουσ=>φωνη βοωντοσ ερημω ετοιμασατε οδον ευθειασ ποιειτε τασ τριβουσ
2	Mark 1:7	Luke 3:16	0.3526	εκηρυσσεν ερχεται ισχυροτεροσ οπισω ειμι ικανοσ κυψασ λυσαι ιμαντα υποδηματων	απεκρινατο πασιν ιωαννησ υδατι βαπτιζω υμασ ερχεται ισχυροτεροσ ειμι ικανοσ λυσαι ιμαντα υποδηματων αυτοσ υμασ βαπτισει πνευματι αγιω πυρι	ερχεται ισχυροτεροσ ειμι ικανοσ λυσαι ιμαντα υποδηματων	replace:εκηρυσσεν=>απεκρινατο πασιν ιωαννησ υδατι βαπτιζω υμασ | equal:ερχεται ισχυροτεροσ=>ερχεται ισχυροτεροσ | delete:οπισω=> | equal:ειμι ικανοσ=>ειμι ικανοσ | delete:κυψασ=> | equal:λυσαι ιμαντα υποδηματων=>λυσαι ιμαντα υποδηματων | insert:=>αυτοσ υμασ βαπτισει πνευματι αγιω πυρι
3	Mark 1:11	Luke 3:22	0.285	φωνη εγενετο ουρανων υιοσ αγαπητοσ ευδοκησα	καταβηναι πνευμα αγιον σωματικω ειδει ωσ περιστεραν επ φωνην ουρανου γενεσθαι υιοσ αγαπητοσ ευδοκησα	υιοσ αγαπητοσ ευδοκησα	replace:φωνη εγενετο ουρανων=>καταβηναι πνευμα αγιον σωματικω ειδει ωσ περιστεραν επ φωνην ουρανου γενεσθαι | equal:υιοσ αγαπητοσ ευδοκησα=>υιοσ αγαπητοσ ευδοκησα
4	Mark 1:21	Luke 4:31	0.2623	εισπορευονται εισ καφαρναουμ ευθυσ τοισ σαββασιν εδιδασκεν εισ συναγωγην	κατηλθεν εισ καφαρναουμ πολιν τησ γαλιλαιασ διδασκων αυτουσ τοισ σαββασιν	εισ καφαρναουμ τοισ σαββασιν	replace:εισπορευονται=>κατηλθεν | equal:εισ καφαρναουμ=>εισ καφαρναουμ | replace:ευθυσ=>πολιν τησ γαλιλαιασ διδασκων αυτουσ | equal:τοισ σαββασιν=>τοισ σαββασιν | delete:εδιδασκεν εισ συναγωγην=>
5	Mark 1:22	Luke 4:32	0.2532	εξεπλησσοντο διδαχη διδασκων αυτουσ ωσ εξουσιαν εχων ωσ γραμματεισ	εξεπλησσοντο διδαχη εξουσια λογοσ	εξεπλησσοντο διδαχη	equal:εξεπλησσοντο διδαχη=>εξεπλησσοντο διδαχη | replace:διδασκων αυτουσ ωσ εξουσιαν εχων ωσ γραμματεισ=>εξουσια λογοσ
6	Mark 1:23	Luke 4:33	0.2689	ευθυσ συναγωγη ανθρωποσ πνευματι ακαθαρτω ανεκραξεν	συναγωγη ανθρωποσ εχων πνευμα δαιμονιου ακαθαρτου ανεκραξεν φωνη μεγαλη	συναγωγη ανθρωποσ ανεκραξεν	delete:ευθυσ=> | equal:συναγωγη ανθρωποσ=>συναγωγη ανθρωποσ | replace:πνευματι ακαθαρτω=>εχων πνευμα δαιμονιου ακαθαρτου | equal:ανεκραξεν=>ανεκραξεν | insert:=>φωνη μεγαλη
7	Mark 1:24	Luke 4:34	0.9274	ιησου ναζαρηνε ηλθεσ απολεσαι ημασ οιδα τισ αγιοσ	εα ιησου ναζαρηνε ηλθεσ απολεσαι ημασ οιδα τισ αγιοσ	ιησου ναζαρηνε ηλθεσ απολεσαι ημασ οιδα τισ αγιοσ	insert:=>εα | equal:ιησου ναζαρηνε ηλθεσ απολεσαι ημασ οιδα τισ αγιοσ=>ιησου ναζαρηνε ηλθεσ απολεσαι ημασ οιδα τισ αγιοσ
8	Mark 1:25	Luke 4:35	0.5558	επετιμησεν αυτω ιησουσ φιμωθητι εξελθε	επετιμησεν αυτω ιησουσ φιμωθητι εξελθε απ ριψαν δαιμονιον εισ μεσον εξηλθεν απ μηδεν βλαψαν	επετιμησεν αυτω ιησουσ φιμωθητι εξελθε	equal:επετιμησεν αυτω ιησουσ φιμωθητι εξελθε=>επετιμησεν αυτω ιησουσ φιμωθητι εξελθε | insert:=>απ ριψαν δαιμονιον εισ μεσον εξηλθεν απ μηδεν βλαψαν
9	Mark 1:29	Luke 4:38	0.2732	ευθυσ τησ συναγωγησ εξελθοντεσ ηλθον εισ οικιαν σιμωνοσ ανδρεου ιακωβου ιωαννου	αναστασ τησ συναγωγησ εισηλθεν εισ οικιαν σιμωνοσ πενθερα σιμωνοσ συνεχομενη πυρετω μεγαλω ηρωτησαν αυτησ	τησ συναγωγησ εισ οικιαν σιμωνοσ	replace:ευθυσ=>αναστασ | equal:τησ συναγωγησ=>τησ συναγωγησ | replace:εξελθοντεσ ηλθον=>εισηλθεν | equal:εισ οικιαν σιμωνοσ=>εισ οικιαν σιμωνοσ | replace:ανδρεου ιακωβου ιωαννου=>πενθερα σιμωνοσ συνεχομενη πυρετω μεγαλω ηρωτησαν αυτησ
10	Mark 1:31	Luke 4:39	0.2191	προσελθων ηγειρεν αυτην κρατησασ τησ χειροσ αφηκεν αυτην πυρετοσ διηκονει αυτοισ	επιστασ επανω αυτησ επετιμησεν πυρετω αφηκεν αυτην παραχρημα αναστασα διηκονει αυτοισ	αφηκεν αυτην διηκονει αυτοισ	replace:προσελθων ηγειρεν αυτην κρατησασ τησ χειροσ=>επιστασ επανω αυτησ επετιμησεν πυρετω | equal:αφηκεν αυτην=>αφηκεν αυτην | replace:πυρετοσ=>παραχρημα αναστασα | equal:διηκονει αυτοισ=>διηκονει αυτοισ
11	Mark 1:39	Luke 4:44	0.4481	ηλθεν κηρυσσων εισ τασ συναγωγασ εισ ολην γαλιλαιαν δαιμονια εκβαλλων	κηρυσσων εισ τασ συναγωγασ τησ ιουδαιασ	κηρυσσων εισ τασ συναγωγασ	delete:ηλθεν=> | equal:κηρυσσων εισ τασ συναγωγασ=>κηρυσσων εισ τασ συναγωγασ | replace:εισ ολην γαλιλαιαν δαιμονια εκβαλλων=>τησ ιουδαιασ
12	Mark 1:40	Luke 5:12	0.1903	ερχεται προσ λεπροσ παρακαλων γονυπετων αυτω θελησ δυνασαι καθαρισαι	εγενετο ειναι μια πολεων ιδου ανηρ πληρησ λεπρασ ιδων πεσων προσωπον εδεηθη κυριε θελησ δυνασαι καθαρισαι	θελησ δυνασαι καθαρισαι	replace:ερχεται προσ λεπροσ παρακαλων γονυπετων αυτω=>εγενετο ειναι μια πολεων ιδου ανηρ πληρησ λεπρασ ιδων πεσων προσωπον εδεηθη κυριε | equal:θελησ δυνασαι καθαρισαι=>θελησ δυνασαι καθαρισαι
13	Mark 1:41	Luke 5:13	0.4346	οργισθεισ εκτεινασ χειρα ηψατο αυτω θελω καθαρισθητι	εκτεινασ χειρα ηψατο ειπων θελω καθαρισθητι ευθεωσ λεπρα απηλθεν απ	εκτεινασ χειρα ηψατο θελω καθαρισθητι	delete:οργισθεισ=> | equal:εκτεινασ χειρα ηψατο=>εκτεινασ χειρα ηψατο | replace:αυτω=>ειπων | equal:θελω καθαρισθητι=>θελω καθαρισθητι | insert:=>ευθεωσ λεπρα απηλθεν απ
14	Mark 1:44	Luke 5:14	0.4985	αυτω ορα μηδενι μηδεν ειπησ αλλα υπαγε σεαυτον δειξον ιερει προσενεγκε καθαρισμου προσεταξεν μωυσησ εισ μαρτυριον αυτοισ	αυτοσ παρηγγειλεν αυτω μηδενι ειπειν αλλα απελθων δειξον σεαυτον ιερει προσενεγκε καθαρισμου καθωσ προσεταξεν μωυσησ εισ μαρτυριον αυτοισ	αυτω μηδενι αλλα σεαυτον ιερει προσενεγκε καθαρισμου προσεταξεν μωυσησ εισ μαρτυριον αυτοισ	insert:=>αυτοσ παρηγγειλεν | equal:αυτω=>αυτω | delete:ορα=> | equal:μηδενι=>μηδενι | replace:μηδεν ειπησ=>ειπειν | equal:αλλα=>αλλα | replace:υπαγε=>απελθων δειξον | equal:σεαυτον=>σεαυτον | delete:δειξον=> | equal:ιερει προσενεγκε καθαρισμου=>ιερει προσενεγκε καθαρισμου | insert:=>καθωσ | equal:προσεταξεν μωυσησ εισ μαρτυριον αυτοισ=>προσεταξεν μωυσησ εισ μαρτυριον αυτοισ
15	Mark 2:5	Luke 5:20	0.2594	ιδων ιησουσ πιστιν παραλυτικω τεκνον αφιενται αμαρτιαι	ιδων πιστιν ανθρωπε αφεωνται αμαρτιαι	ιδων πιστιν αμαρτιαι	equal:ιδων=>ιδων | delete:ιησουσ=> | equal:πιστιν=>πιστιν | replace:παραλυτικω τεκνον αφιενται=>ανθρωπε αφεωνται | equal:αμαρτιαι=>αμαρτιαι
16	Mark 2:7	Luke 5:21	0.2599	ουτοσ ουτωσ λαλει βλασφημει τισ δυναται αφιεναι αμαρτιασ εισ θεοσ	ηρξαντο διαλογιζεσθαι γραμματεισ φαρισαιοι λεγοντεσ τισ εστιν ουτοσ οσ λαλει βλασφημιασ τισ δυναται αμαρτιασ αφειναι μονοσ θεοσ	ουτοσ λαλει τισ δυναται αμαρτιασ θεοσ	insert:=>ηρξαντο διαλογιζεσθαι γραμματεισ φαρισαιοι λεγοντεσ τισ εστιν | equal:ουτοσ=>ουτοσ | replace:ουτωσ=>οσ | equal:λαλει=>λαλει | replace:βλασφημει=>βλασφημιασ | equal:τισ δυναται=>τισ δυναται | delete:αφιεναι=> | equal:αμαρτιασ=>αμαρτιασ | replace:εισ=>αφειναι μονοσ | equal:θεοσ=>θεοσ
17	Mark 2:8	Luke 5:22	0.3131	ευθυσ επιγνουσ ιησουσ πνευματι ουτωσ διαλογιζονται εαυτοισ αυτοισ ταυτα διαλογιζεσθε ταισ καρδιαισ	επιγνουσ ιησουσ τουσ διαλογισμουσ αποκριθεισ προσ αυτουσ διαλογιζεσθε ταισ καρδιαισ	επιγνουσ ιησουσ διαλογιζεσθε ταισ καρδιαισ	delete:ευθυσ=> | equal:επιγνουσ ιησουσ=>επιγνουσ ιησουσ | replace:πνευματι ουτωσ διαλογιζονται εαυτοισ αυτοισ ταυτα=>τουσ διαλογισμουσ αποκριθεισ προσ αυτουσ | equal:διαλογιζεσθε ταισ καρδιαισ=>διαλογιζεσθε ταισ καρδιαισ
18	Mark 2:9	Luke 5:23	0.5334	εστιν ευκοπωτερον ειπειν παραλυτικω αφιενται αμαρτιαι ειπειν εγειρε αρον κραβαττον περιπατει	εστιν ευκοπωτερον ειπειν αφεωνται αμαρτιαι ειπειν εγειρε περιπατει	εστιν ευκοπωτερον ειπειν αμαρτιαι ειπειν εγειρε περιπατει	equal:εστιν ευκοπωτερον ειπειν=>εστιν ευκοπωτερον ειπειν | replace:παραλυτικω αφιενται=>αφεωνται | equal:αμαρτιαι ειπειν εγειρε=>αμαρτιαι ειπειν εγειρε | delete:αρον κραβαττον=> | equal:περιπατει=>περιπατει
19	Mark 2:10	Luke 5:24	0.4657	ειδητε εξουσιαν εχει υιοσ ανθρωπου τησ γησ αφιεναι αμαρτιασ παραλυτικω	ειδητε υιοσ ανθρωπου εξουσιαν εχει τησ γησ αφιεναι αμαρτιασ παραλελυμενω λεγω εγειρε αρασ κλινιδιον πορευου εισ οικον	ειδητε εξουσιαν εχει τησ γησ αφιεναι αμαρτιασ	equal:ειδητε=>ειδητε | insert:=>υιοσ ανθρωπου | equal:εξουσιαν εχει=>εξουσιαν εχει | delete:υιοσ ανθρωπου=> | equal:τησ γησ αφιεναι αμαρτιασ=>τησ γησ αφιεναι αμαρτιασ | replace:παραλυτικω=>παραλελυμενω λεγω εγειρε αρασ κλινιδιον πορευου εισ οικον
20	Mark 2:14	Luke 5:27	0.3513	παραγων ειδεν λευιν αλφαιου καθημενον τελωνιον αυτω ακολουθει αναστασ ηκολουθησεν αυτω	ταυτα εξηλθεν εθεασατο τελωνην ονοματι λευιν καθημενον τελωνιον αυτω ακολουθει	λευιν καθημενον τελωνιον αυτω ακολουθει	replace:παραγων ειδεν=>ταυτα εξηλθεν εθεασατο τελωνην ονοματι | equal:λευιν=>λευιν | delete:αλφαιου=> | equal:καθημενον τελωνιον αυτω ακολουθει=>καθημενον τελωνιον αυτω ακολουθει | delete:αναστασ ηκολουθησεν αυτω=>
21	Mark 2:17	Luke 5:32	0.3263	ακουσασ ιησουσ αυτοισ χρειαν εχουσιν ισχυοντεσ ιατρου αλλ κακωσ εχοντεσ ηλθον καλεσαι δικαιουσ αλλα αμαρτωλουσ	εληλυθα καλεσαι δικαιουσ αλλα αμαρτωλουσ εισ μετανοιαν	καλεσαι δικαιουσ αλλα αμαρτωλουσ	replace:ακουσασ ιησουσ αυτοισ χρειαν εχουσιν ισχυοντεσ ιατρου αλλ κακωσ εχοντεσ ηλθον=>εληλυθα | equal:καλεσαι δικαιουσ αλλα αμαρτωλουσ=>καλεσαι δικαιουσ αλλα αμαρτωλουσ | insert:=>εισ μετανοιαν
22	Mark 2:19	Luke 5:34	0.2553	αυτοισ ιησουσ δυνανται υιοι νυμφωνοσ νυμφιοσ μετ εστιν νηστευειν οσον χρονον εχουσιν νυμφιον μετ δυνανται νηστευειν	προσ αυτουσ δυνασθε τουσ υιουσ νυμφωνοσ νυμφιοσ μετ εστιν ποιησαι νηστευσαι	νυμφωνοσ νυμφιοσ μετ εστιν	replace:αυτοισ ιησουσ δυνανται υιοι=>προσ αυτουσ δυνασθε τουσ υιουσ | equal:νυμφωνοσ νυμφιοσ μετ εστιν=>νυμφωνοσ νυμφιοσ μετ εστιν | replace:νηστευειν οσον χρονον εχουσιν νυμφιον μετ δυνανται νηστευειν=>ποιησαι νηστευσαι
23	Mark 2:20	Luke 5:35	0.714	ελευσονται ημεραι οταν απαρθη απ νυμφιοσ νηστευσουσιν εκεινη ημερα	ελευσονται ημεραι οταν απαρθη απ νυμφιοσ νηστευσουσιν εκειναισ ταισ ημεραισ	ελευσονται ημεραι οταν απαρθη απ νυμφιοσ νηστευσουσιν	equal:ελευσονται ημεραι οταν απαρθη απ νυμφιοσ νηστευσουσιν=>ελευσονται ημεραι οταν απαρθη απ νυμφιοσ νηστευσουσιν | replace:εκεινη ημερα=>εκειναισ ταισ ημεραισ
24	Mark 2:21	Luke 5:36	0.1806	ουδεισ επιβλημα ρακουσ αγναφου επιραπτει ιματιον παλαιον αιρει πληρωμα απ καινον παλαιου χειρον σχισμα γινεται	παραβολην προσ αυτουσ ουδεισ επιβλημα ιματιου καινου σχισασ επιβαλλει ιματιον παλαιον μηγε καινον σχισει παλαιω συμφωνησει επιβλημα καινου	ουδεισ επιβλημα ιματιον παλαιον καινον	insert:=>παραβολην προσ αυτουσ | equal:ουδεισ επιβλημα=>ουδεισ επιβλημα | replace:ρακουσ αγναφου επιραπτει=>ιματιου καινου σχισασ επιβαλλει | equal:ιματιον παλαιον=>ιματιον παλαιον | replace:αιρει πληρωμα απ=>μηγε | equal:καινον=>καινον | replace:παλαιου χειρον σχισμα γινεται=>σχισει παλαιω συμφωνησει επιβλημα καινου
25	Mark 2:22	Luke 5:37	0.5246	ουδεισ βαλλει οινον νεον εισ ασκουσ παλαιουσ ρηξει οινοσ τουσ ασκουσ οινοσ απολλυται ασκοι αλλα οινον νεον εισ ασκουσ καινουσ	ουδεισ βαλλει οινον νεον εισ ασκουσ παλαιουσ μηγε ρηξει οινοσ νεοσ τουσ ασκουσ αυτοσ εκχυθησεται ασκοι απολουνται	ουδεισ βαλλει οινον νεον εισ ασκουσ παλαιουσ ρηξει οινοσ τουσ ασκουσ ασκοι	equal:ουδεισ βαλλει οινον νεον εισ ασκουσ παλαιουσ=>ουδεισ βαλλει οινον νεον εισ ασκουσ παλαιουσ | insert:=>μηγε | equal:ρηξει οινοσ=>ρηξει οινοσ | insert:=>νεοσ | equal:τουσ ασκουσ=>τουσ ασκουσ | replace:οινοσ απολλυται=>αυτοσ εκχυθησεται | equal:ασκοι=>ασκοι | replace:αλλα οινον νεον εισ ασκουσ καινουσ=>απολουνται
26	Mark 2:23	Luke 6:1	0.2138	εγενετο τοισ σαββασιν παραπορευεσθαι σποριμων μαθηται ηρξαντο οδον ποιειν τιλλοντεσ τουσ σταχυασ	εγενετο σαββατω διαπορευεσθαι σποριμων ετιλλον μαθηται ησθιον τουσ σταχυασ ψωχοντεσ ταισ χερσιν	εγενετο σποριμων μαθηται τουσ σταχυασ	equal:εγενετο=>εγενετο | replace:τοισ σαββασιν παραπορευεσθαι=>σαββατω διαπορευεσθαι | equal:σποριμων=>σποριμων | insert:=>ετιλλον | equal:μαθηται=>μαθηται | replace:ηρξαντο οδον ποιειν τιλλοντεσ=>ησθιον | equal:τουσ σταχυασ=>τουσ σταχυασ | insert:=>ψωχοντεσ ταισ χερσιν
27	Mark 2:24	Luke 6:2	0.2149	φαρισαιοι ελεγον αυτω ιδε ποιουσιν τοισ σαββασιν εξεστιν	τινεσ φαρισαιων ειπαν ποιειτε εξεστιν τοισ σαββασιν	τοισ σαββασιν	replace:φαρισαιοι ελεγον αυτω ιδε ποιουσιν=>τινεσ φαρισαιων ειπαν ποιειτε εξεστιν | equal:τοισ σαββασιν=>τοισ σαββασιν | delete:εξεστιν=>
28	Mark 2:25	Luke 6:3	0.3405	αυτοισ ουδεποτε ανεγνωτε εποιησεν δαυιδ οτε χρειαν εσχεν επεινασεν αυτοσ μετ	αποκριθεισ προσ αυτουσ ιησουσ ουδε τουτο ανεγνωτε εποιησεν δαυιδ οποτε επεινασεν αυτοσ μετ οντεσ	ανεγνωτε εποιησεν δαυιδ επεινασεν αυτοσ μετ	replace:αυτοισ ουδεποτε=>αποκριθεισ προσ αυτουσ ιησουσ ουδε τουτο | equal:ανεγνωτε εποιησεν δαυιδ=>ανεγνωτε εποιησεν δαυιδ | replace:οτε χρειαν εσχεν=>οποτε | equal:επεινασεν αυτοσ μετ=>επεινασεν αυτοσ μετ | insert:=>οντεσ
29	Mark 2:26	Luke 6:4	0.5167	πωσ εισηλθεν εισ οικον αβιαθαρ αρχιερεωσ τουσ αρτουσ τησ προθεσεωσ εφαγεν ουσ εξεστιν φαγειν τουσ ιερεισ εδωκεν τοισ αυτω ουσιν	ωσ εισηλθεν εισ οικον τουσ αρτουσ τησ προθεσεωσ λαβων εφαγεν εδωκεν τοισ μετ ουσ εξεστιν φαγειν μονουσ τουσ ιερεισ	εισηλθεν εισ οικον τουσ αρτουσ τησ προθεσεωσ εφαγεν ουσ εξεστιν φαγειν τουσ ιερεισ	replace:πωσ=>ωσ | equal:εισηλθεν εισ οικον=>εισηλθεν εισ οικον | delete:αβιαθαρ αρχιερεωσ=> | equal:τουσ αρτουσ τησ προθεσεωσ=>τουσ αρτουσ τησ προθεσεωσ | insert:=>λαβων | equal:εφαγεν=>εφαγεν | insert:=>εδωκεν τοισ μετ | equal:ουσ εξεστιν φαγειν=>ουσ εξεστιν φαγειν | insert:=>μονουσ | equal:τουσ ιερεισ=>τουσ ιερεισ | delete:εδωκεν τοισ αυτω ουσιν=>
30	Mark 2:28	Luke 6:5	0.5355	ωστε κυριοσ εστιν υιοσ ανθρωπου σαββατου	αυτοισ κυριοσ εστιν σαββατου υιοσ ανθρωπου	κυριοσ εστιν υιοσ ανθρωπου	replace:ωστε=>αυτοισ | equal:κυριοσ εστιν=>κυριοσ εστιν | insert:=>σαββατου | equal:υιοσ ανθρωπου=>υιοσ ανθρωπου | delete:σαββατου=>
31	Mark 3:1	Luke 6:6	0.2257	εισηλθεν εισ συναγωγην εκει ανθρωποσ εξηραμμενην εχων χειρα	εγενετο ετερω σαββατω εισελθειν εισ συναγωγην διδασκειν ανθρωποσ εκει χειρ δεξια ξηρα	εισ συναγωγην εκει	replace:εισηλθεν=>εγενετο ετερω σαββατω εισελθειν | equal:εισ συναγωγην=>εισ συναγωγην | insert:=>διδασκειν ανθρωποσ | equal:εκει=>εκει | replace:ανθρωποσ εξηραμμενην εχων χειρα=>χειρ δεξια ξηρα
32	Mark 3:3	Luke 6:8	0.3147	ανθρωπω χειρα εχοντι ξηραν εγειρε εισ μεσον	αυτοσ ηδει τουσ διαλογισμουσ ανδρι ξηραν εχοντι χειρα εγειρε στηθι εισ μεσον αναστασ εστη	χειρα εγειρε εισ μεσον	replace:ανθρωπω=>αυτοσ ηδει τουσ διαλογισμουσ ανδρι ξηραν εχοντι | equal:χειρα=>χειρα | delete:εχοντι ξηραν=> | equal:εγειρε=>εγειρε | insert:=>στηθι | equal:εισ μεσον=>εισ μεσον | insert:=>αναστασ εστη
33	Mark 3:4	Luke 6:9	0.3324	αυτοισ εξεστιν τοισ σαββασιν αγαθοποιησαι κακοποιησαι ψυχην σωσαι αποκτειναι εσιωπων	ιησουσ προσ αυτουσ επερωτω υμασ εξεστιν σαββατω αγαθοποιησαι κακοποιησαι ψυχην σωσαι απολεσαι	εξεστιν αγαθοποιησαι κακοποιησαι ψυχην σωσαι	replace:αυτοισ=>ιησουσ προσ αυτουσ επερωτω υμασ | equal:εξεστιν=>εξεστιν | replace:τοισ σαββασιν=>σαββατω | equal:αγαθοποιησαι κακοποιησαι ψυχην σωσαι=>αγαθοποιησαι κακοποιησαι ψυχην σωσαι | replace:αποκτειναι εσιωπων=>απολεσαι
34	Mark 3:5	Luke 6:10	0.314	περιβλεψαμενοσ αυτουσ μετ οργησ συλλυπουμενοσ πωρωσει τησ καρδιασ ανθρωπω εκτεινον χειρα εξετεινεν απεκατεσταθη χειρ	περιβλεψαμενοσ παντασ αυτουσ αυτω εκτεινον χειρα εποιησεν απεκατεσταθη χειρ	περιβλεψαμενοσ αυτουσ εκτεινον χειρα απεκατεσταθη χειρ	equal:περιβλεψαμενοσ=>περιβλεψαμενοσ | insert:=>παντασ | equal:αυτουσ=>αυτουσ | replace:μετ οργησ συλλυπουμενοσ πωρωσει τησ καρδιασ ανθρωπω=>αυτω | equal:εκτεινον χειρα=>εκτεινον χειρα | replace:εξετεινεν=>εποιησεν | equal:απεκατεσταθη χειρ=>απεκατεσταθη χειρ
35	Mark 3:18	Luke 6:15	0.4615	ανδρεαν φιλιππον βαρθολομαιον μαθθαιον θωμαν ιακωβον αλφαιου θαδδαιον σιμωνα καναναιον	μαθθαιον θωμαν ιακωβον αλφαιου σιμωνα καλουμενον ζηλωτην	μαθθαιον θωμαν ιακωβον αλφαιου σιμωνα	delete:ανδρεαν φιλιππον βαρθολομαιον=> | equal:μαθθαιον θωμαν ιακωβον αλφαιου=>μαθθαιον θωμαν ιακωβον αλφαιου | delete:θαδδαιον=> | equal:σιμωνα=>σιμωνα | replace:καναναιον=>καλουμενον ζηλωτην
36	Mark 3:19	Luke 6:16	0.4977	ιουδαν ισκαριωθ οσ παρεδωκεν	ιουδαν ιακωβου ιουδαν ισκαριωθ οσ εγενετο προδοτησ	ιουδαν ισκαριωθ οσ	insert:=>ιουδαν ιακωβου | equal:ιουδαν ισκαριωθ οσ=>ιουδαν ισκαριωθ οσ | replace:παρεδωκεν=>εγενετο προδοτησ
37	Mark 4:4	Luke 8:5	0.3928	εγενετο σπειρειν επεσεν οδον ηλθεν πετεινα κατεφαγεν	εξηλθεν σπειρων σπειραι σπορον σπειρειν επεσεν οδον κατεπατηθη πετεινα ουρανου κατεφαγεν	σπειρειν επεσεν οδον πετεινα κατεφαγεν	replace:εγενετο=>εξηλθεν σπειρων σπειραι σπορον | equal:σπειρειν επεσεν οδον=>σπειρειν επεσεν οδον | replace:ηλθεν=>κατεπατηθη | equal:πετεινα=>πετεινα | insert:=>ουρανου | equal:κατεφαγεν=>κατεφαγεν
38	Mark 4:9	Luke 8:8	0.2871	οσ εχει ωτα ακουειν ακουετω	ετερον επεσεν εισ γην αγαθην φυεν εποιησεν καρπον εκατονταπλασιονα ταυτα εφωνει εχων ωτα ακουειν ακουετω	ωτα ακουειν ακουετω	replace:οσ εχει=>ετερον επεσεν εισ γην αγαθην φυεν εποιησεν καρπον εκατονταπλασιονα ταυτα εφωνει εχων | equal:ωτα ακουειν ακουετω=>ωτα ακουειν ακουετω
39	Mark 4:11	Luke 8:10	0.2571	αυτοισ μυστηριον δεδοται τησ βασιλειασ εκεινοισ τοισ εξω παραβολαισ γινεται	δεδοται γνωναι μυστηρια τησ βασιλειασ τοισ λοιποισ παραβολαισ βλεποντεσ βλεπωσιν ακουοντεσ συνιωσιν	δεδοται τησ βασιλειασ τοισ παραβολαισ	delete:αυτοισ μυστηριον=> | equal:δεδοται=>δεδοται | insert:=>γνωναι μυστηρια | equal:τησ βασιλειασ=>τησ βασιλειασ | delete:εκεινοισ=> | equal:τοισ=>τοισ | replace:εξω=>λοιποισ | equal:παραβολαισ=>παραβολαισ | replace:γινεται=>βλεποντεσ βλεπωσιν ακουοντεσ συνιωσιν
40	Mark 4:15	Luke 8:12	0.1805	ουτοι εισιν οδον οπου σπειρεται λογοσ οταν ακουσωσιν ευθυσ ερχεται σατανασ αιρει λογον εσπαρμενον εισ αυτουσ	οδον εισιν ακουσαντεσ ειτα ερχεται διαβολοσ αιρει λογον τησ καρδιασ πιστευσαντεσ σωθωσιν	εισιν ερχεται αιρει λογον	replace:ουτοι=>οδον | equal:εισιν=>εισιν | replace:οδον οπου σπειρεται λογοσ οταν ακουσωσιν ευθυσ=>ακουσαντεσ ειτα | equal:ερχεται=>ερχεται | replace:σατανασ=>διαβολοσ | equal:αιρει λογον=>αιρει λογον | replace:εσπαρμενον εισ αυτουσ=>τησ καρδιασ πιστευσαντεσ σωθωσιν
41	Mark 4:18	Luke 8:14	0.3391	αλλοι εισιν εισ τασ ακανθασ σπειρομενοι ουτοι εισιν λογον ακουσαντεσ	εισ τασ ακανθασ πεσον ουτοι εισιν ακουσαντεσ μεριμνων πλουτου ηδονων βιου πορευομενοι συμπνιγονται τελεσφορουσιν	εισ τασ ακανθασ ουτοι εισιν ακουσαντεσ	delete:αλλοι εισιν=> | equal:εισ τασ ακανθασ=>εισ τασ ακανθασ | replace:σπειρομενοι=>πεσον | equal:ουτοι εισιν=>ουτοι εισιν | delete:λογον=> | equal:ακουσαντεσ=>ακουσαντεσ | insert:=>μεριμνων πλουτου ηδονων βιου πορευομενοι συμπνιγονται τελεσφορουσιν
42	Mark 4:22	Luke 8:17	0.4154	εστιν κρυπτον φανερωθη ουδε εγενετο αποκρυφον αλλ ελθη εισ φανερον	εστιν κρυπτον φανερον γενησεται ουδε αποκρυφον γνωσθη εισ φανερον ελθη	εστιν κρυπτον ουδε αποκρυφον εισ φανερον	equal:εστιν κρυπτον=>εστιν κρυπτον | replace:φανερωθη=>φανερον γενησεται | equal:ουδε=>ουδε | delete:εγενετο=> | equal:αποκρυφον=>αποκρυφον | replace:αλλ ελθη=>γνωσθη | equal:εισ φανερον=>εισ φανερον | insert:=>ελθη
43	Mark 4:25	Luke 8:18	0.409	οσ εχει δοθησεται αυτω οσ εχει εχει αρθησεται απ	βλεπετε πωσ ακουετε οσ εχη δοθησεται αυτω οσ εχη δοκει εχειν αρθησεται απ	οσ δοθησεται αυτω οσ αρθησεται απ	insert:=>βλεπετε πωσ ακουετε | equal:οσ=>οσ | replace:εχει=>εχη | equal:δοθησεται αυτω οσ=>δοθησεται αυτω οσ | replace:εχει εχει=>εχη δοκει εχειν | equal:αρθησεται απ=>αρθησεται απ
44	Mark 4:35	Luke 8:22	0.2165	αυτοισ εκεινη ημερα οψιασ γενομενησ διελθωμεν εισ περαν	εγενετο μια ημερων αυτοσ ενεβη εισ πλοιον μαθηται προσ αυτουσ διελθωμεν εισ περαν τησ λιμνησ ανηχθησαν	διελθωμεν εισ περαν	replace:αυτοισ εκεινη ημερα οψιασ γενομενησ=>εγενετο μια ημερων αυτοσ ενεβη εισ πλοιον μαθηται προσ αυτουσ | equal:διελθωμεν εισ περαν=>διελθωμεν εισ περαν | insert:=>τησ λιμνησ ανηχθησαν
45	Mark 4:39	Luke 8:24	0.2751	διεγερθεισ επετιμησεν ανεμω θαλασση σιωπα πεφιμωσο εκοπασεν ανεμοσ εγενετο γαληνη μεγαλη	προσελθοντεσ διηγειραν λεγοντεσ επιστατα επιστατα απολλυμεθα διεγερθεισ επετιμησεν ανεμω κλυδωνι υδατοσ επαυσαντο εγενετο γαληνη	διεγερθεισ επετιμησεν ανεμω εγενετο γαληνη	insert:=>προσελθοντεσ διηγειραν λεγοντεσ επιστατα επιστατα απολλυμεθα | equal:διεγερθεισ επετιμησεν ανεμω=>διεγερθεισ επετιμησεν ανεμω | replace:θαλασση σιωπα πεφιμωσο εκοπασεν ανεμοσ=>κλυδωνι υδατοσ επαυσαντο | equal:εγενετο γαληνη=>εγενετο γαληνη | delete:μεγαλη=>
46	Mark 4:41	Luke 8:25	0.3351	εφοβηθησαν φοβον μεγαν ελεγον προσ αλληλουσ τισ αρα ουτοσ εστιν ανεμοσ θαλασσα υπακουει αυτω	αυτοισ που πιστισ φοβηθεντεσ εθαυμασαν λεγοντεσ προσ αλληλουσ τισ αρα ουτοσ εστιν τοισ ανεμοισ επιτασσει υδατι υπακουουσιν αυτω	προσ αλληλουσ τισ αρα ουτοσ εστιν αυτω	replace:εφοβηθησαν φοβον μεγαν ελεγον=>αυτοισ που πιστισ φοβηθεντεσ εθαυμασαν λεγοντεσ | equal:προσ αλληλουσ τισ αρα ουτοσ εστιν=>προσ αλληλουσ τισ αρα ουτοσ εστιν | replace:ανεμοσ θαλασσα υπακουει=>τοισ ανεμοισ επιτασσει υδατι υπακουουσιν | equal:αυτω=>αυτω
47	Mark 5:1	Luke 8:26	0.3103	ηλθον εισ περαν τησ θαλασσησ εισ χωραν γερασηνων	κατεπλευσαν εισ χωραν γερασηνων ητισ εστιν αντιπερα τησ γαλιλαιασ	εισ χωραν γερασηνων	replace:ηλθον εισ περαν τησ θαλασσησ=>κατεπλευσαν | equal:εισ χωραν γερασηνων=>εισ χωραν γερασηνων | insert:=>ητισ εστιν αντιπερα τησ γαλιλαιασ
48	Mark 5:7	Luke 8:28	0.5188	κραξασ φωνη μεγαλη εμοι ιησου υιε υψιστου ορκιζω θεον βασανισησ	ιδων ανακραξασ προσεπεσεν αυτω φωνη μεγαλη εμοι ιησου υιε υψιστου δεομαι βασανισησ	φωνη μεγαλη εμοι ιησου υιε υψιστου βασανισησ	replace:κραξασ=>ιδων ανακραξασ προσεπεσεν αυτω | equal:φωνη μεγαλη εμοι ιησου υιε υψιστου=>φωνη μεγαλη εμοι ιησου υιε υψιστου | replace:ορκιζω θεον=>δεομαι | equal:βασανισησ=>βασανισησ
49	Mark 5:11	Luke 8:32	0.2867	εκει προσ ορει αγελη χοιρων μεγαλη βοσκομενη	εκει αγελη χοιρων ικανων βοσκομενη ορει παρεκαλεσαν επιτρεψη αυτοισ εισ εκεινουσ εισελθειν επετρεψεν αυτοισ	εκει αγελη χοιρων βοσκομενη	equal:εκει=>εκει | delete:προσ ορει=> | equal:αγελη χοιρων=>αγελη χοιρων | replace:μεγαλη=>ικανων | equal:βοσκομενη=>βοσκομενη | insert:=>ορει παρεκαλεσαν επιτρεψη αυτοισ εισ εκεινουσ εισελθειν επετρεψεν αυτοισ
50	Mark 5:13	Luke 8:33	0.4773	επετρεψεν αυτοισ εξελθοντα πνευματα ακαθαρτα εισηλθον εισ τουσ χοιρουσ ωρμησεν αγελη κρημνου εισ θαλασσαν ωσ δισχιλιοι επνιγοντο θαλασση	εξελθοντα δαιμονια ανθρωπου εισηλθον εισ τουσ χοιρουσ ωρμησεν αγελη κρημνου εισ λιμνην απεπνιγη	εξελθοντα εισηλθον εισ τουσ χοιρουσ ωρμησεν αγελη κρημνου εισ	delete:επετρεψεν αυτοισ=> | equal:εξελθοντα=>εξελθοντα | replace:πνευματα ακαθαρτα=>δαιμονια ανθρωπου | equal:εισηλθον εισ τουσ χοιρουσ ωρμησεν αγελη κρημνου εισ=>εισηλθον εισ τουσ χοιρουσ ωρμησεν αγελη κρημνου εισ | replace:θαλασσαν ωσ δισχιλιοι επνιγοντο θαλασση=>λιμνην απεπνιγη
51	Mark 5:14	Luke 8:34	0.6361	βοσκοντεσ αυτουσ εφυγον απηγγειλαν εισ πολιν εισ τουσ αγρουσ ηλθον ιδειν εστιν γεγονοσ	ιδοντεσ βοσκοντεσ γεγονοσ εφυγον απηγγειλαν εισ πολιν εισ τουσ αγρουσ	βοσκοντεσ εφυγον απηγγειλαν εισ πολιν εισ τουσ αγρουσ	insert:=>ιδοντεσ | equal:βοσκοντεσ=>βοσκοντεσ | replace:αυτουσ=>γεγονοσ | equal:εφυγον απηγγειλαν εισ πολιν εισ τουσ αγρουσ=>εφυγον απηγγειλαν εισ πολιν εισ τουσ αγρουσ | delete:ηλθον ιδειν εστιν γεγονοσ=>
52	Mark 5:15	Luke 8:35	0.2136	ερχονται προσ θεωρουσιν δαιμονιζομενον καθημενον ιματισμενον σωφρονουντα εσχηκοτα λεγιωνα εφοβηθησαν	εξηλθον ιδειν γεγονοσ ηλθον προσ ευρον καθημενον ανθρωπον αφ δαιμονια εξηλθεν ιματισμενον σωφρονουντα τουσ ποδασ ιησου εφοβηθησαν	προσ καθημενον ιματισμενον σωφρονουντα εφοβηθησαν	replace:ερχονται=>εξηλθον ιδειν γεγονοσ ηλθον | equal:προσ=>προσ | replace:θεωρουσιν δαιμονιζομενον=>ευρον | equal:καθημενον=>καθημενον | insert:=>ανθρωπον αφ δαιμονια εξηλθεν | equal:ιματισμενον σωφρονουντα=>ιματισμενον σωφρονουντα | replace:εσχηκοτα λεγιωνα=>τουσ ποδασ ιησου | equal:εφοβηθησαν=>εφοβηθησαν
53	Mark 5:16	Luke 8:36	0.3508	διηγησαντο αυτοισ ιδοντεσ πωσ εγενετο δαιμονιζομενω χοιρων	απηγγειλαν αυτοισ ιδοντεσ πωσ εσωθη δαιμονισθεισ	αυτοισ ιδοντεσ πωσ	replace:διηγησαντο=>απηγγειλαν | equal:αυτοισ ιδοντεσ πωσ=>αυτοισ ιδοντεσ πωσ | replace:εγενετο δαιμονιζομενω χοιρων=>εσωθη δαιμονισθεισ
54	Mark 5:20	Luke 8:39	0.3091	απηλθεν ηρξατο κηρυσσειν δεκαπολει οσα εποιησεν αυτω ιησουσ παντεσ εθαυμαζον	υποστρεφε εισ οικον διηγου οσα εποιησεν θεοσ απηλθεν καθ ολην πολιν κηρυσσων οσα εποιησεν αυτω ιησουσ	απηλθεν οσα εποιησεν αυτω ιησουσ	insert:=>υποστρεφε εισ οικον διηγου οσα εποιησεν θεοσ | equal:απηλθεν=>απηλθεν | replace:ηρξατο κηρυσσειν δεκαπολει=>καθ ολην πολιν κηρυσσων | equal:οσα εποιησεν αυτω ιησουσ=>οσα εποιησεν αυτω ιησουσ | delete:παντεσ εθαυμαζον=>
55	Mark 5:25	Luke 8:43	0.4181	γυνη ουσα ρυσει αιματοσ δωδεκα ετη	γυνη ουσα ρυσει αιματοσ ετων δωδεκα ητισ ιατροισ προσαναλωσασα ολον βιον ισχυσεν απ ουδενοσ θεραπευθηναι	γυνη ουσα ρυσει αιματοσ δωδεκα	equal:γυνη ουσα ρυσει αιματοσ=>γυνη ουσα ρυσει αιματοσ | insert:=>ετων | equal:δωδεκα=>δωδεκα | replace:ετη=>ητισ ιατροισ προσαναλωσασα ολον βιον ισχυσεν απ ουδενοσ θεραπευθηναι
56	Mark 5:27	Luke 8:44	0.2159	ακουσασα ιησου ελθουσα οχλω οπισθεν ηψατο ιματιου	προσελθουσα οπισθεν ηψατο κρασπεδου ιματιου παραχρημα εστη ρυσισ αιματοσ αυτησ	οπισθεν ηψατο ιματιου	replace:ακουσασα ιησου ελθουσα οχλω=>προσελθουσα | equal:οπισθεν ηψατο=>οπισθεν ηψατο | insert:=>κρασπεδου | equal:ιματιου=>ιματιου | insert:=>παραχρημα εστη ρυσισ αιματοσ αυτησ
57	Mark 5:34	Luke 8:48	0.4809	θυγατηρ πιστισ σεσωκεν υπαγε εισ ειρηνην ισθι υγιησ τησ μαστιγοσ	θυγατηρ πιστισ σεσωκεν πορευου εισ ειρηνην	θυγατηρ πιστισ σεσωκεν εισ ειρηνην	equal:θυγατηρ πιστισ σεσωκεν=>θυγατηρ πιστισ σεσωκεν | replace:υπαγε=>πορευου | equal:εισ ειρηνην=>εισ ειρηνην | delete:ισθι υγιησ τησ μαστιγοσ=>
58	Mark 5:35	Luke 8:49	0.2786	ετι λαλουντοσ ερχονται αρχισυναγωγου λεγοντεσ θυγατηρ απεθανεν ετι σκυλλεισ διδασκαλον	ετι λαλουντοσ ερχεται τισ αρχισυναγωγου τεθνηκεν θυγατηρ μηκετι σκυλλε διδασκαλον	ετι λαλουντοσ αρχισυναγωγου θυγατηρ διδασκαλον	equal:ετι λαλουντοσ=>ετι λαλουντοσ | replace:ερχονται=>ερχεται τισ | equal:αρχισυναγωγου=>αρχισυναγωγου | replace:λεγοντεσ=>τεθνηκεν | equal:θυγατηρ=>θυγατηρ | replace:απεθανεν ετι σκυλλεισ=>μηκετι σκυλλε | equal:διδασκαλον=>διδασκαλον
59	Mark 5:36	Luke 8:50	0.2116	ιησουσ παρακουσασ λογον λαλουμενον αρχισυναγωγω φοβου μονον πιστευε	ιησουσ ακουσασ απεκριθη αυτω φοβου μονον πιστευσον σωθησεται	ιησουσ φοβου μονον	equal:ιησουσ=>ιησουσ | replace:παρακουσασ λογον λαλουμενον αρχισυναγωγω=>ακουσασ απεκριθη αυτω | equal:φοβου μονον=>φοβου μονον | replace:πιστευε=>πιστευσον σωθησεται
60	Mark 5:39	Luke 8:52	0.3367	εισελθων αυτοισ θορυβεισθε κλαιετε παιδιον απεθανεν αλλα καθευδει	εκλαιον παντεσ εκοπτοντο αυτην κλαιετε απεθανεν αλλα καθευδει	κλαιετε απεθανεν αλλα καθευδει	replace:εισελθων αυτοισ θορυβεισθε=>εκλαιον παντεσ εκοπτοντο αυτην | equal:κλαιετε=>κλαιετε | delete:παιδιον=> | equal:απεθανεν αλλα καθευδει=>απεθανεν αλλα καθευδει
61	Mark 5:41	Luke 8:54	0.2924	κρατησασ τησ χειροσ παιδιου ταλιθα κουμ εστιν μεθερμηνευομενον κορασιον λεγω εγειρε	αυτοσ κρατησασ τησ χειροσ αυτησ εφωνησεν παισ εγειρε	κρατησασ τησ χειροσ εγειρε	insert:=>αυτοσ | equal:κρατησασ τησ χειροσ=>κρατησασ τησ χειροσ | replace:παιδιου ταλιθα κουμ εστιν μεθερμηνευομενον κορασιον λεγω=>αυτησ εφωνησεν παισ | equal:εγειρε=>εγειρε
62	Mark 6:7	Luke 9:1	0.1959	προσκαλειται τουσ δωδεκα ηρξατο αυτουσ αποστελλειν δυο δυο εδιδου αυτοισ εξουσιαν πνευματων ακαθαρτων	συγκαλεσαμενοσ τουσ δωδεκα εδωκεν αυτοισ δυναμιν εξουσιαν δαιμονια νοσουσ θεραπευειν	τουσ δωδεκα αυτοισ εξουσιαν	replace:προσκαλειται=>συγκαλεσαμενοσ | equal:τουσ δωδεκα=>τουσ δωδεκα | replace:ηρξατο αυτουσ αποστελλειν δυο δυο εδιδου=>εδωκεν | equal:αυτοισ=>αυτοισ | insert:=>δυναμιν | equal:εξουσιαν=>εξουσιαν | replace:πνευματων ακαθαρτων=>δαιμονια νοσουσ θεραπευειν
63	Mark 6:8	Luke 9:3	0.2213	παρηγγειλεν αυτοισ μηδεν αιρωσιν εισ οδον ραβδον μονον αρτον πηραν εισ ζωνην χαλκον	προσ αυτουσ μηδεν αιρετε εισ οδον μητε ραβδον μητε πηραν μητε αρτον μητε αργυριον μητε δυο χιτωνασ εχειν	μηδεν εισ οδον ραβδον αρτον	replace:παρηγγειλεν αυτοισ=>προσ αυτουσ | equal:μηδεν=>μηδεν | replace:αιρωσιν=>αιρετε | equal:εισ οδον=>εισ οδον | insert:=>μητε | equal:ραβδον=>ραβδον | replace:μονον=>μητε πηραν μητε | equal:αρτον=>αρτον | replace:πηραν εισ ζωνην χαλκον=>μητε αργυριον μητε δυο χιτωνασ εχειν
64	Mark 6:10	Luke 9:4	0.4342	αυτοισ οπου εισελθητε εισ οικιαν εκει μενετε εωσ εξελθητε εκειθεν	εισ οικιαν εισελθητε εκει μενετε εκειθεν εξερχεσθε	εισ οικιαν εκει μενετε εκειθεν	delete:αυτοισ οπου εισελθητε=> | equal:εισ οικιαν=>εισ οικιαν | insert:=>εισελθητε | equal:εκει μενετε=>εκει μενετε | delete:εωσ εξελθητε=> | equal:εκειθεν=>εκειθεν | insert:=>εξερχεσθε
65	Mark 6:16	Luke 9:9	0.2417	ακουσασ ηρωδησ απεκεφαλισα ιωαννην ουτοσ ηγερθη	ηρωδησ ιωαννην απεκεφαλισα τισ εστιν ουτοσ ακουω τοιαυτα εζητει ιδειν	ηρωδησ απεκεφαλισα ουτοσ	delete:ακουσασ=> | equal:ηρωδησ=>ηρωδησ | insert:=>ιωαννην | equal:απεκεφαλισα=>απεκεφαλισα | replace:ιωαννην=>τισ εστιν | equal:ουτοσ=>ουτοσ | replace:ηγερθη=>ακουω τοιαυτα εζητει ιδειν
66	Mark 6:30	Luke 9:10	0.24	συναγονται αποστολοι προσ απηγγειλαν αυτω οσα εποιησαν οσα εδιδαξαν	υποστρεψαντεσ αποστολοι διηγησαντο αυτω οσα εποιησαν παραλαβων αυτουσ υπεχωρησεν κατ ιδιαν εισ πολιν καλουμενην βηθσαιδα	αποστολοι αυτω οσα εποιησαν	replace:συναγονται=>υποστρεψαντεσ | equal:αποστολοι=>αποστολοι | replace:προσ απηγγειλαν=>διηγησαντο | equal:αυτω οσα εποιησαν=>αυτω οσα εποιησαν | replace:οσα εδιδαξαν=>παραλαβων αυτουσ υπεχωρησεν κατ ιδιαν εισ πολιν καλουμενην βηθσαιδα
67	Mark 6:37	Luke 9:13	0.1956	αποκριθεισ αυτοισ δοτε αυτοισ υμεισ φαγειν λεγουσιν αυτω απελθοντεσ αγορασωμεν δηναριων διακοσιων αρτουσ δωσομεν αυτοισ φαγειν	προσ αυτουσ δοτε αυτοισ υμεισ φαγειν ειπαν εισιν πλειον αρτοι πεντε ιχθυεσ δυο μητι πορευθεντεσ ημεισ αγορασωμεν εισ λαον τουτον βρωματα	δοτε αυτοισ υμεισ φαγειν αγορασωμεν	replace:αποκριθεισ αυτοισ=>προσ αυτουσ | equal:δοτε αυτοισ υμεισ φαγειν=>δοτε αυτοισ υμεισ φαγειν | replace:λεγουσιν αυτω απελθοντεσ=>ειπαν εισιν πλειον αρτοι πεντε ιχθυεσ δυο μητι πορευθεντεσ ημεισ | equal:αγορασωμεν=>αγορασωμεν | replace:δηναριων διακοσιων αρτουσ δωσομεν αυτοισ φαγειν=>εισ λαον τουτον βρωματα
68	Mark 6:41	Luke 9:16	0.6574	λαβων τουσ πεντε αρτουσ τουσ δυο ιχθυασ αναβλεψασ εισ ουρανον ευλογησεν κατεκλασεν τουσ αρτουσ εδιδου τοισ μαθηταισ παρατιθωσιν αυτοισ τουσ δυο ιχθυασ εμερισεν πασιν	λαβων τουσ πεντε αρτουσ τουσ δυο ιχθυασ αναβλεψασ εισ ουρανον ευλογησεν αυτουσ κατεκλασεν εδιδου τοισ μαθηταισ παραθειναι οχλω	λαβων τουσ πεντε αρτουσ τουσ δυο ιχθυασ αναβλεψασ εισ ουρανον ευλογησεν κατεκλασεν εδιδου τοισ μαθηταισ	equal:λαβων τουσ πεντε αρτουσ τουσ δυο ιχθυασ αναβλεψασ εισ ουρανον ευλογησεν=>λαβων τουσ πεντε αρτουσ τουσ δυο ιχθυασ αναβλεψασ εισ ουρανον ευλογησεν | insert:=>αυτουσ | equal:κατεκλασεν=>κατεκλασεν | delete:τουσ αρτουσ=> | equal:εδιδου τοισ μαθηταισ=>εδιδου τοισ μαθηταισ | replace:παρατιθωσιν αυτοισ τουσ δυο ιχθυασ εμερισεν πασιν=>παραθειναι οχλω
69	Mark 6:42	Luke 9:17	0.2825	εφαγον παντεσ εχορτασθησαν	εφαγον εχορτασθησαν παντεσ ηρθη περισσευσαν αυτοισ κλασματων κοφινοι δωδεκα	εφαγον παντεσ	equal:εφαγον=>εφαγον | insert:=>εχορτασθησαν | equal:παντεσ=>παντεσ | replace:εχορτασθησαν=>ηρθη περισσευσαν αυτοισ κλασματων κοφινοι δωδεκα
70	Mark 8:28	Luke 9:19	0.4221	ειπαν αυτω λεγοντεσ ιωαννην βαπτιστην αλλοι ηλιαν αλλοι εισ προφητων	αποκριθεντεσ ειπαν ιωαννην βαπτιστην αλλοι ηλιαν αλλοι προφητησ τισ αρχαιων ανεστη	ειπαν ιωαννην βαπτιστην αλλοι ηλιαν αλλοι	insert:=>αποκριθεντεσ | equal:ειπαν=>ειπαν | delete:αυτω λεγοντεσ=> | equal:ιωαννην βαπτιστην αλλοι ηλιαν αλλοι=>ιωαννην βαπτιστην αλλοι ηλιαν αλλοι | replace:εισ προφητων=>προφητησ τισ αρχαιων ανεστη
71	Mark 8:29	Luke 9:20	0.3855	αυτοσ επηρωτα αυτουσ υμεισ λεγετε ειναι αποκριθεισ πετροσ αυτω χριστοσ	αυτοισ υμεισ λεγετε ειναι πετροσ αποκριθεισ χριστον	υμεισ λεγετε ειναι αποκριθεισ	replace:αυτοσ επηρωτα αυτουσ=>αυτοισ | equal:υμεισ λεγετε ειναι=>υμεισ λεγετε ειναι | insert:=>πετροσ | equal:αποκριθεισ=>αποκριθεισ | replace:πετροσ αυτω χριστοσ=>χριστον
72	Mark 8:30	Luke 9:21	0.2098	επετιμησεν αυτοισ μηδενι λεγωσιν	επιτιμησασ αυτοισ παρηγγειλεν μηδενι λεγειν τουτο	αυτοισ μηδενι	replace:επετιμησεν=>επιτιμησασ | equal:αυτοισ=>αυτοισ | insert:=>παρηγγειλεν | equal:μηδενι=>μηδενι | replace:λεγωσιν=>λεγειν τουτο
73	Mark 8:31	Luke 9:22	0.5942	ηρξατο διδασκειν αυτουσ δει υιον ανθρωπου πολλα παθειν αποδοκιμασθηναι πρεσβυτερων αρχιερεων γραμματεων αποκτανθηναι τρεισ ημερασ αναστηναι	ειπων δει υιον ανθρωπου πολλα παθειν αποδοκιμασθηναι πρεσβυτερων αρχιερεων γραμματεων αποκτανθηναι τριτη ημερα εγερθηναι	δει υιον ανθρωπου πολλα παθειν αποδοκιμασθηναι πρεσβυτερων αρχιερεων γραμματεων αποκτανθηναι	replace:ηρξατο διδασκειν αυτουσ=>ειπων | equal:δει υιον ανθρωπου πολλα παθειν αποδοκιμασθηναι πρεσβυτερων αρχιερεων γραμματεων αποκτανθηναι=>δει υιον ανθρωπου πολλα παθειν αποδοκιμασθηναι πρεσβυτερων αρχιερεων γραμματεων αποκτανθηναι | replace:τρεισ ημερασ αναστηναι=>τριτη ημερα εγερθηναι
74	Mark 8:34	Luke 9:23	0.3437	προσκαλεσαμενοσ οχλον τοισ μαθηταισ αυτοισ τισ θελει οπισω ελθειν απαρνησασθω εαυτον αρατω σταυρον ακολουθειτω	προσ παντασ τισ θελει οπισω ερχεσθαι αρνησασθω εαυτον αρατω σταυρον καθ ημεραν ακολουθειτω	τισ θελει οπισω εαυτον αρατω σταυρον ακολουθειτω	replace:προσκαλεσαμενοσ οχλον τοισ μαθηταισ αυτοισ=>προσ παντασ | equal:τισ θελει οπισω=>τισ θελει οπισω | replace:ελθειν απαρνησασθω=>ερχεσθαι αρνησασθω | equal:εαυτον αρατω σταυρον=>εαυτον αρατω σταυρον | insert:=>καθ ημεραν | equal:ακολουθειτω=>ακολουθειτω
75	Mark 8:35	Luke 9:24	0.7043	οσ θελη ψυχην σωσαι απολεσει αυτην οσ απολεσει ψυχην ενεκεν εμου ευαγγελιου σωσει αυτην	οσ θελη ψυχην σωσαι απολεσει αυτην οσ απολεση ψυχην ενεκεν εμου ουτοσ σωσει αυτην	οσ θελη ψυχην σωσαι απολεσει αυτην οσ ψυχην ενεκεν εμου σωσει αυτην	equal:οσ θελη ψυχην σωσαι απολεσει αυτην οσ=>οσ θελη ψυχην σωσαι απολεσει αυτην οσ | replace:απολεσει=>απολεση | equal:ψυχην ενεκεν εμου=>ψυχην ενεκεν εμου | replace:ευαγγελιου=>ουτοσ | equal:σωσει αυτην=>σωσει αυτην
76	Mark 8:36	Luke 9:25	0.1847	ωφελει ανθρωπον κερδησαι κοσμον ολον ζημιωθηναι ψυχην	ωφελειται ανθρωποσ κερδησασ κοσμον ολον εαυτον απολεσασ ζημιωθεισ	κοσμον ολον	replace:ωφελει ανθρωπον κερδησαι=>ωφελειται ανθρωποσ κερδησασ | equal:κοσμον ολον=>κοσμον ολον | replace:ζημιωθηναι ψυχην=>εαυτον απολεσασ ζημιωθεισ
77	Mark 8:38	Luke 9:26	0.689	οσ επαισχυνθη τουσ εμουσ λογουσ γενεα ταυτη μοιχαλιδι αμαρτωλω υιοσ ανθρωπου επαισχυνθησεται οταν ελθη δοξη πατροσ αγγελων αγιων	οσ επαισχυνθη τουσ εμουσ λογουσ τουτον υιοσ ανθρωπου επαισχυνθησεται οταν ελθη δοξη πατροσ αγιων αγγελων	οσ επαισχυνθη τουσ εμουσ λογουσ υιοσ ανθρωπου επαισχυνθησεται οταν ελθη δοξη πατροσ αγγελων	equal:οσ επαισχυνθη τουσ εμουσ λογουσ=>οσ επαισχυνθη τουσ εμουσ λογουσ | replace:γενεα ταυτη μοιχαλιδι αμαρτωλω=>τουτον | equal:υιοσ ανθρωπου επαισχυνθησεται οταν ελθη δοξη πατροσ=>υιοσ ανθρωπου επαισχυνθησεται οταν ελθη δοξη πατροσ | insert:=>αγιων | equal:αγγελων=>αγγελων | delete:αγιων=>
78	Mark 9:1	Luke 9:27	0.5535	αυτοισ αμην λεγω εισιν τινεσ ωδε εστηκοτων οιτινεσ γευσωνται θανατου εωσ ιδωσιν βασιλειαν εληλυθυιαν δυναμει	λεγω αληθωσ εισιν τινεσ εστηκοτων γευσωνται θανατου εωσ ιδωσιν βασιλειαν	λεγω εισιν τινεσ εστηκοτων γευσωνται θανατου εωσ ιδωσιν βασιλειαν	delete:αυτοισ αμην=> | equal:λεγω=>λεγω | insert:=>αληθωσ | equal:εισιν τινεσ=>εισιν τινεσ | delete:ωδε=> | equal:εστηκοτων=>εστηκοτων | delete:οιτινεσ=> | equal:γευσωνται θανατου εωσ ιδωσιν βασιλειαν=>γευσωνται θανατου εωσ ιδωσιν βασιλειαν | delete:εληλυθυιαν δυναμει=>
79	Mark 9:5	Luke 9:33	0.5121	αποκριθεισ πετροσ ιησου ραββι καλον εστιν ημασ ωδε ειναι ποιησωμεν τρεισ σκηνασ μιαν μωυσει μιαν ηλια μιαν	εγενετο διαχωριζεσθαι αυτουσ απ πετροσ προσ επιστατα καλον εστιν ημασ ωδε ειναι ποιησωμεν σκηνασ τρεισ μιαν μιαν μωυσει μιαν ηλια ειδωσ	πετροσ καλον εστιν ημασ ωδε ειναι ποιησωμεν τρεισ μιαν μωυσει μιαν ηλια	replace:αποκριθεισ=>εγενετο διαχωριζεσθαι αυτουσ απ | equal:πετροσ=>πετροσ | replace:ιησου ραββι=>προσ επιστατα | equal:καλον εστιν ημασ ωδε ειναι ποιησωμεν=>καλον εστιν ημασ ωδε ειναι ποιησωμεν | insert:=>σκηνασ | equal:τρεισ=>τρεισ | replace:σκηνασ=>μιαν | equal:μιαν μωυσει μιαν ηλια=>μιαν μωυσει μιαν ηλια | replace:μιαν=>ειδωσ
80	Mark 9:7	Luke 9:35	0.4558	εγενετο νεφελη επισκιαζουσα αυτοισ εγενετο φωνη τησ νεφελησ ουτοσ εστιν υιοσ αγαπητοσ ακουετε	φωνη εγενετο τησ νεφελησ λεγουσα ουτοσ εστιν υιοσ εκλελεγμενοσ ακουετε	εγενετο τησ νεφελησ ουτοσ εστιν υιοσ ακουετε	insert:=>φωνη | equal:εγενετο=>εγενετο | delete:νεφελη επισκιαζουσα αυτοισ εγενετο φωνη=> | equal:τησ νεφελησ=>τησ νεφελησ | insert:=>λεγουσα | equal:ουτοσ εστιν υιοσ=>ουτοσ εστιν υιοσ | replace:αγαπητοσ=>εκλελεγμενοσ | equal:ακουετε=>ακουετε
81	Mark 9:19	Luke 9:41	0.3995	αποκριθεισ αυτοισ γενεα απιστοσ εωσ ποτε προσ υμασ εσομαι εωσ ποτε ανεξομαι φερετε προσ	αποκριθεισ ιησουσ γενεα απιστοσ διεστραμμενη εωσ ποτε εσομαι προσ υμασ ανεξομαι προσαγαγε ωδε υιον	αποκριθεισ γενεα απιστοσ εωσ ποτε προσ υμασ ανεξομαι	equal:αποκριθεισ=>αποκριθεισ | replace:αυτοισ=>ιησουσ | equal:γενεα απιστοσ=>γενεα απιστοσ | insert:=>διεστραμμενη | equal:εωσ ποτε=>εωσ ποτε | insert:=>εσομαι | equal:προσ υμασ=>προσ υμασ | delete:εσομαι εωσ ποτε=> | equal:ανεξομαι=>ανεξομαι | replace:φερετε προσ=>προσαγαγε ωδε υιον
82	Mark 9:31	Luke 9:44	0.252	εδιδασκεν τουσ μαθητασ αυτοισ υιοσ ανθρωπου παραδιδοται εισ χειρασ ανθρωπων αποκτενουσιν αποκτανθεισ τρεισ ημερασ αναστησεται	θεσθε υμεισ εισ ωτα τουσ λογουσ τουτουσ υιοσ ανθρωπου μελλει παραδιδοσθαι εισ χειρασ ανθρωπων	τουσ υιοσ ανθρωπου εισ χειρασ ανθρωπων	replace:εδιδασκεν=>θεσθε υμεισ εισ ωτα | equal:τουσ=>τουσ | replace:μαθητασ αυτοισ=>λογουσ τουτουσ | equal:υιοσ ανθρωπου=>υιοσ ανθρωπου | replace:παραδιδοται=>μελλει παραδιδοσθαι | equal:εισ χειρασ ανθρωπων=>εισ χειρασ ανθρωπων | delete:αποκτενουσιν αποκτανθεισ τρεισ ημερασ αναστησεται=>
83	Mark 9:32	Luke 9:45	0.3189	ηγνοουν ρημα εφοβουντο επερωτησαι	ηγνοουν ρημα τουτο παρακεκαλυμμενον απ αισθωνται εφοβουντο ερωτησαι ρηματοσ τουτου	ηγνοουν ρημα εφοβουντο	equal:ηγνοουν ρημα=>ηγνοουν ρημα | insert:=>τουτο παρακεκαλυμμενον απ αισθωνται | equal:εφοβουντο=>εφοβουντο | replace:επερωτησαι=>ερωτησαι ρηματοσ τουτου
84	Mark 9:37	Luke 9:48	0.3581	οσ τοιουτων παιδιων δεξηται ονοματι εμε δεχεται οσ εμε δεχηται εμε δεχεται αλλα αποστειλαντα	αυτοισ οσ δεξηται τουτο παιδιον ονοματι εμε δεχεται οσ εμε δεξηται δεχεται αποστειλαντα μικροτεροσ πασιν υπαρχων ουτοσ εστιν μεγασ	οσ δεξηται ονοματι εμε δεχεται οσ εμε δεχεται αποστειλαντα	insert:=>αυτοισ | equal:οσ=>οσ | delete:τοιουτων παιδιων=> | equal:δεξηται=>δεξηται | insert:=>τουτο παιδιον | equal:ονοματι εμε δεχεται οσ εμε=>ονοματι εμε δεχεται οσ εμε | replace:δεχηται εμε=>δεξηται | equal:δεχεται=>δεχεται | delete:αλλα=> | equal:αποστειλαντα=>αποστειλαντα | insert:=>μικροτεροσ πασιν υπαρχων ουτοσ εστιν μεγασ
85	Mark 9:38	Luke 9:49	0.4611	εφη αυτω ιωαννησ διδασκαλε ειδομεν ονοματι εκβαλλοντα δαιμονια εκωλυομεν ηκολουθει	αποκριθεισ ιωαννησ επιστατα ειδομεν ονοματι εκβαλλοντα δαιμονια εκωλυομεν ακολουθει μεθ	ιωαννησ ειδομεν ονοματι εκβαλλοντα δαιμονια εκωλυομεν	replace:εφη αυτω=>αποκριθεισ | equal:ιωαννησ=>ιωαννησ | replace:διδασκαλε=>επιστατα | equal:ειδομεν ονοματι εκβαλλοντα δαιμονια εκωλυομεν=>ειδομεν ονοματι εκβαλλοντα δαιμονια εκωλυομεν | replace:ηκολουθει=>ακολουθει μεθ
86	Mark 9:40	Luke 9:50	0.6657	οσ εστιν καθ εστιν	προσ ιησουσ κωλυετε οσ εστιν καθ εστιν	οσ εστιν καθ εστιν	insert:=>προσ ιησουσ κωλυετε | equal:οσ εστιν καθ εστιν=>οσ εστιν καθ εστιν
87	Mark 9:50	Luke 14:34	0.2981	καλον αλασ αλασ αναλον γενηται αρτυσετε εχετε εαυτοισ αλα ειρηνευετε αλληλοισ	καλον αλασ αλασ μωρανθη αρτυθησεται	καλον αλασ αλασ	equal:καλον αλασ αλασ=>καλον αλασ αλασ | replace:αναλον γενηται αρτυσετε εχετε εαυτοισ αλα ειρηνευετε αλληλοισ=>μωρανθη αρτυθησεται
88	Mark 10:5	Luke 15:3	0.1986	ιησουσ αυτοισ προσ σκληροκαρδιαν εγραψεν εντολην ταυτην	προσ αυτουσ παραβολην ταυτην	προσ ταυτην	delete:ιησουσ αυτοισ=> | equal:προσ=>προσ | replace:σκληροκαρδιαν εγραψεν εντολην=>αυτουσ παραβολην | equal:ταυτην=>ταυτην
89	Mark 10:8	Luke 17:35	0.2058	εσονται δυο εισ σαρκα μιαν ωστε ουκετι εισιν δυο αλλα μια σαρξ	εσονται δυο αληθουσαι μια παραλημφθησεται ετερα αφεθησεται	εσονται δυο μια	equal:εσονται δυο=>εσονται δυο | replace:εισ σαρκα μιαν ωστε ουκετι εισιν δυο αλλα=>αληθουσαι | equal:μια=>μια | replace:σαρξ=>παραλημφθησεται ετερα αφεθησεται
90	Mark 10:13	Luke 18:15	0.3033	προσεφερον αυτω παιδια αψηται μαθηται επετιμησαν αυτοισ	προσεφερον αυτω βρεφη απτηται ιδοντεσ μαθηται επετιμων αυτοισ	προσεφερον αυτω μαθηται αυτοισ	equal:προσεφερον αυτω=>προσεφερον αυτω | replace:παιδια αψηται=>βρεφη απτηται ιδοντεσ | equal:μαθηται=>μαθηται | replace:επετιμησαν=>επετιμων | equal:αυτοισ=>αυτοισ
91	Mark 10:14	Luke 18:16	0.7259	ιδων ιησουσ ηγανακτησεν αυτοισ αφετε παιδια ερχεσθαι προσ κωλυετε αυτα τοιουτων εστιν βασιλεια	ιησουσ προσεκαλεσατο αυτα αφετε παιδια ερχεσθαι προσ κωλυετε αυτα τοιουτων εστιν βασιλεια	ιησουσ αφετε παιδια ερχεσθαι προσ κωλυετε αυτα τοιουτων εστιν βασιλεια	delete:ιδων=> | equal:ιησουσ=>ιησουσ | replace:ηγανακτησεν αυτοισ=>προσεκαλεσατο αυτα | equal:αφετε παιδια ερχεσθαι προσ κωλυετε αυτα τοιουτων εστιν βασιλεια=>αφετε παιδια ερχεσθαι προσ κωλυετε αυτα τοιουτων εστιν βασιλεια
92	Mark 10:15	Luke 18:17	1.0	αμην λεγω οσ δεξηται βασιλειαν ωσ παιδιον εισελθη εισ αυτην	αμην λεγω οσ δεξηται βασιλειαν ωσ παιδιον εισελθη εισ αυτην	αμην λεγω οσ δεξηται βασιλειαν ωσ παιδιον εισελθη εισ αυτην	equal:αμην λεγω οσ δεξηται βασιλειαν ωσ παιδιον εισελθη εισ αυτην=>αμην λεγω οσ δεξηται βασιλειαν ωσ παιδιον εισελθη εισ αυτην
93	Mark 10:17	Luke 18:18	0.3286	εκπορευομενου εισ οδον προσδραμων εισ γονυπετησασ επηρωτα διδασκαλε αγαθε ποιησω ζωην αιωνιον κληρονομησω	επηρωτησεν τισ αρχων διδασκαλε αγαθε ποιησασ ζωην αιωνιον κληρονομησω	διδασκαλε αγαθε ζωην αιωνιον κληρονομησω	replace:εκπορευομενου εισ οδον προσδραμων εισ γονυπετησασ επηρωτα=>επηρωτησεν τισ αρχων | equal:διδασκαλε αγαθε=>διδασκαλε αγαθε | replace:ποιησω=>ποιησασ | equal:ζωην αιωνιον κληρονομησω=>ζωην αιωνιον κληρονομησω
94	Mark 10:18	Luke 18:19	0.8658	ιησουσ αυτω λεγεισ αγαθον ουδεισ αγαθοσ εισ θεοσ	αυτω ιησουσ λεγεισ αγαθον ουδεισ αγαθοσ εισ θεοσ	ιησουσ λεγεισ αγαθον ουδεισ αγαθοσ εισ θεοσ	insert:=>αυτω | equal:ιησουσ=>ιησουσ | delete:αυτω=> | equal:λεγεισ αγαθον ουδεισ αγαθοσ εισ θεοσ=>λεγεισ αγαθον ουδεισ αγαθοσ εισ θεοσ
95	Mark 10:19	Luke 18:20	0.7019	τασ εντολασ οιδασ φονευσησ μοιχευσησ κλεψησ ψευδομαρτυρησησ αποστερησησ τιμα πατερα μητερα	τασ εντολασ οιδασ μοιχευσησ φονευσησ κλεψησ ψευδομαρτυρησησ τιμα πατερα μητερα	τασ εντολασ οιδασ φονευσησ κλεψησ ψευδομαρτυρησησ τιμα πατερα μητερα	equal:τασ εντολασ οιδασ=>τασ εντολασ οιδασ | insert:=>μοιχευσησ | equal:φονευσησ=>φονευσησ | delete:μοιχευσησ=> | equal:κλεψησ ψευδομαρτυρησησ=>κλεψησ ψευδομαρτυρησησ | delete:αποστερησησ=> | equal:τιμα πατερα μητερα=>τιμα πατερα μητερα
96	Mark 10:20	Luke 18:21	0.2619	εφη αυτω διδασκαλε ταυτα εφυλαξαμην νεοτητοσ	ταυτα εφυλαξα νεοτητοσ	ταυτα νεοτητοσ	delete:εφη αυτω διδασκαλε=> | equal:ταυτα=>ταυτα | replace:εφυλαξαμην=>εφυλαξα | equal:νεοτητοσ=>νεοτητοσ
97	Mark 10:21	Luke 18:22	0.402	ιησουσ εμβλεψασ αυτω ηγαπησεν αυτω υστερει υπαγε οσα εχεισ πωλησον δοσ τοισ πτωχοισ εξεισ θησαυρον ουρανω δευρο ακολουθει	ακουσασ ιησουσ αυτω ετι λειπει οσα εχεισ πωλησον διαδοσ πτωχοισ εξεισ θησαυρον ουρανοισ δευρο ακολουθει	ιησουσ αυτω οσα εχεισ πωλησον πτωχοισ εξεισ θησαυρον δευρο ακολουθει	insert:=>ακουσασ | equal:ιησουσ=>ιησουσ | delete:εμβλεψασ=> | equal:αυτω=>αυτω | replace:ηγαπησεν αυτω υστερει υπαγε=>ετι λειπει | equal:οσα εχεισ πωλησον=>οσα εχεισ πωλησον | replace:δοσ τοισ=>διαδοσ | equal:πτωχοισ εξεισ θησαυρον=>πτωχοισ εξεισ θησαυρον | replace:ουρανω=>ουρανοισ | equal:δευρο ακολουθει=>δευρο ακολουθει
98	Mark 10:23	Luke 18:24	0.5851	περιβλεψαμενοσ ιησουσ τοισ μαθηταισ πωσ δυσκολωσ χρηματα εχοντεσ εισ βασιλειαν εισελευσονται	ιδων ιησουσ πωσ δυσκολωσ χρηματα εχοντεσ εισ βασιλειαν εισπορευονται	ιησουσ πωσ δυσκολωσ χρηματα εχοντεσ εισ βασιλειαν	replace:περιβλεψαμενοσ=>ιδων | equal:ιησουσ=>ιησουσ | delete:τοισ μαθηταισ=> | equal:πωσ δυσκολωσ χρηματα εχοντεσ εισ βασιλειαν=>πωσ δυσκολωσ χρηματα εχοντεσ εισ βασιλειαν | replace:εισελευσονται=>εισπορευονται
99	Mark 10:25	Luke 18:25	0.5171	ευκοπωτερον εστιν καμηλον τησ τρυμαλιασ τησ ραφιδοσ διελθειν πλουσιον εισ βασιλειαν εισελθειν	ευκοπωτερον εστιν καμηλον τρηματοσ βελονησ εισελθειν πλουσιον εισ βασιλειαν εισελθειν	ευκοπωτερον εστιν καμηλον πλουσιον εισ βασιλειαν εισελθειν	equal:ευκοπωτερον εστιν καμηλον=>ευκοπωτερον εστιν καμηλον | replace:τησ τρυμαλιασ τησ ραφιδοσ διελθειν=>τρηματοσ βελονησ εισελθειν | equal:πλουσιον εισ βασιλειαν εισελθειν=>πλουσιον εισ βασιλειαν εισελθειν
100	Mark 10:26	Luke 18:26	0.3801	περισσωσ εξεπλησσοντο λεγοντεσ προσ εαυτουσ τισ δυναται σωθηναι	ειπαν ακουσαντεσ τισ δυναται σωθηναι	τισ δυναται σωθηναι	replace:περισσωσ εξεπλησσοντο λεγοντεσ προσ εαυτουσ=>ειπαν ακουσαντεσ | equal:τισ δυναται σωθηναι=>τισ δυναται σωθηναι
101	Mark 10:27	Luke 18:27	0.3221	εμβλεψασ αυτοισ ιησουσ ανθρωποισ αδυνατον αλλ θεω δυνατα θεω	αδυνατα ανθρωποισ δυνατα θεω εστιν	ανθρωποισ δυνατα θεω	replace:εμβλεψασ αυτοισ ιησουσ=>αδυνατα | equal:ανθρωποισ=>ανθρωποισ | delete:αδυνατον αλλ θεω=> | equal:δυνατα θεω=>δυνατα θεω | insert:=>εστιν
102	Mark 10:28	Luke 18:28	0.262	ηρξατο λεγειν πετροσ αυτω ιδου ημεισ αφηκαμεν ηκολουθηκαμεν	πετροσ ιδου ημεισ αφεντεσ ιδια ηκολουθησαμεν	πετροσ ιδου ημεισ	delete:ηρξατο λεγειν=> | equal:πετροσ=>πετροσ | delete:αυτω=> | equal:ιδου ημεισ=>ιδου ημεισ | replace:αφηκαμεν ηκολουθηκαμεν=>αφεντεσ ιδια ηκολουθησαμεν
103	Mark 10:29	Luke 18:29	0.45	εφη ιησουσ αμην λεγω ουδεισ εστιν οσ αφηκεν οικιαν αδελφουσ αδελφασ μητερα πατερα τεκνα αγρουσ ενεκεν εμου ενεκεν ευαγγελιου	αυτοισ αμην λεγω ουδεισ εστιν οσ αφηκεν οικιαν γυναικα αδελφουσ γονεισ τεκνα ενεκεν τησ βασιλειασ	αμην λεγω ουδεισ εστιν οσ αφηκεν οικιαν αδελφουσ τεκνα ενεκεν	replace:εφη ιησουσ=>αυτοισ | equal:αμην λεγω ουδεισ εστιν οσ αφηκεν οικιαν=>αμην λεγω ουδεισ εστιν οσ αφηκεν οικιαν | insert:=>γυναικα | equal:αδελφουσ=>αδελφουσ | replace:αδελφασ μητερα πατερα=>γονεισ | equal:τεκνα=>τεκνα | delete:αγρουσ=> | equal:ενεκεν=>ενεκεν | replace:εμου ενεκεν ευαγγελιου=>τησ βασιλειασ
104	Mark 10:30	Luke 18:30	0.3436	λαβη εκατονταπλασιονα νυν καιρω τουτω οικιασ αδελφουσ αδελφασ μητερασ τεκνα αγρουσ διωγμων αιωνι ερχομενω ζωην αιωνιον	οσ ουχι απολαβη πολλαπλασιονα καιρω τουτω αιωνι ερχομενω ζωην αιωνιον	καιρω τουτω αιωνι ερχομενω ζωην αιωνιον	replace:λαβη εκατονταπλασιονα νυν=>οσ ουχι απολαβη πολλαπλασιονα | equal:καιρω τουτω=>καιρω τουτω | delete:οικιασ αδελφουσ αδελφασ μητερασ τεκνα αγρουσ διωγμων=> | equal:αιωνι ερχομενω ζωην αιωνιον=>αιωνι ερχομενω ζωην αιωνιον
105	Mark 10:33	Luke 18:32	0.2273	ιδου αναβαινομεν εισ ιεροσολυμα υιοσ ανθρωπου παραδοθησεται τοισ αρχιερευσιν τοισ γραμματευσιν κατακρινουσιν θανατω παραδωσουσιν τοισ εθνεσιν	παραδοθησεται τοισ εθνεσιν εμπαιχθησεται υβρισθησεται εμπτυσθησεται	παραδοθησεται τοισ εθνεσιν	delete:ιδου αναβαινομεν εισ ιεροσολυμα υιοσ ανθρωπου=> | equal:παραδοθησεται τοισ=>παραδοθησεται τοισ | delete:αρχιερευσιν τοισ γραμματευσιν κατακρινουσιν θανατω παραδωσουσιν τοισ=> | equal:εθνεσιν=>εθνεσιν | insert:=>εμπαιχθησεται υβρισθησεται εμπτυσθησεται
106	Mark 10:46	Luke 18:35	0.2653	ερχονται εισ ιεριχω εκπορευομενου ιεριχω μαθητων οχλου ικανου υιοσ τιμαιου βαρτιμαιοσ τυφλοσ προσαιτησ εκαθητο οδον	εγενετο εγγιζειν εισ ιεριχω τυφλοσ τισ εκαθητο οδον επαιτων	εισ ιεριχω τυφλοσ εκαθητο οδον	replace:ερχονται=>εγενετο εγγιζειν | equal:εισ ιεριχω=>εισ ιεριχω | delete:εκπορευομενου ιεριχω μαθητων οχλου ικανου υιοσ τιμαιου βαρτιμαιοσ=> | equal:τυφλοσ=>τυφλοσ | replace:προσαιτησ=>τισ | equal:εκαθητο οδον=>εκαθητο οδον | insert:=>επαιτων
107	Mark 10:47	Luke 18:38	0.3131	ακουσασ ιησουσ ναζαρηνοσ εστιν ηρξατο κραζειν λεγειν υιε δαυιδ ιησου ελεησον	εβοησεν ιησου υιε δαυιδ ελεησον	υιε δαυιδ ελεησον	replace:ακουσασ ιησουσ ναζαρηνοσ εστιν ηρξατο κραζειν λεγειν=>εβοησεν ιησου | equal:υιε δαυιδ=>υιε δαυιδ | delete:ιησου=> | equal:ελεησον=>ελεησον
108	Mark 10:48	Luke 18:39	0.6293	επετιμων αυτω πολλοι σιωπηση πολλω μαλλον εκραζεν υιε δαυιδ ελεησον	προαγοντεσ επετιμων αυτω σιγηση αυτοσ πολλω μαλλον εκραζεν υιε δαυιδ ελεησον	επετιμων αυτω πολλω μαλλον εκραζεν υιε δαυιδ ελεησον	insert:=>προαγοντεσ | equal:επετιμων αυτω=>επετιμων αυτω | replace:πολλοι σιωπηση=>σιγηση αυτοσ | equal:πολλω μαλλον εκραζεν υιε δαυιδ ελεησον=>πολλω μαλλον εκραζεν υιε δαυιδ ελεησον
109	Mark 10:51	Luke 18:41	0.3526	αποκριθεισ αυτω ιησουσ θελεισ ποιησω τυφλοσ αυτω ραββουνι αναβλεψω	θελεισ ποιησω κυριε αναβλεψω	θελεισ ποιησω αναβλεψω	delete:αποκριθεισ αυτω ιησουσ=> | equal:θελεισ ποιησω=>θελεισ ποιησω | replace:τυφλοσ αυτω ραββουνι=>κυριε | equal:αναβλεψω=>αναβλεψω
110	Mark 10:52	Luke 18:42	0.3981	ιησουσ αυτω υπαγε πιστισ σεσωκεν ευθυσ ανεβλεψεν ηκολουθει αυτω οδω	ιησουσ αυτω αναβλεψον πιστισ σεσωκεν	ιησουσ αυτω πιστισ σεσωκεν	equal:ιησουσ αυτω=>ιησουσ αυτω | replace:υπαγε=>αναβλεψον | equal:πιστισ σεσωκεν=>πιστισ σεσωκεν | delete:ευθυσ ανεβλεψεν ηκολουθει αυτω οδω=>
111	Mark 11:1	Luke 19:29	0.4515	οτε εγγιζουσιν εισ ιεροσολυμα εισ βηθφαγη βηθανιαν προσ οροσ ελαιων αποστελλει δυο μαθητων	εγενετο ωσ ηγγισεν εισ βηθφαγη βηθανιαν προσ οροσ καλουμενον ελαιων απεστειλεν δυο μαθητων	εισ βηθφαγη βηθανιαν προσ οροσ ελαιων δυο μαθητων	replace:οτε εγγιζουσιν εισ ιεροσολυμα=>εγενετο ωσ ηγγισεν | equal:εισ βηθφαγη βηθανιαν προσ οροσ=>εισ βηθφαγη βηθανιαν προσ οροσ | insert:=>καλουμενον | equal:ελαιων=>ελαιων | replace:αποστελλει=>απεστειλεν | equal:δυο μαθητων=>δυο μαθητων
112	Mark 11:2	Luke 19:30	0.4951	αυτοισ υπαγετε εισ κωμην κατεναντι ευθυσ εισπορευομενοι εισ αυτην ευρησετε πωλον δεδεμενον εφ ουδεισ ουπω ανθρωπων εκαθισεν λυσατε φερετε	υπαγετε εισ κατεναντι κωμην εισπορευομενοι ευρησετε πωλον δεδεμενον εφ ουδεισ πωποτε ανθρωπων εκαθισεν λυσαντεσ αγαγετε	υπαγετε εισ κωμην εισπορευομενοι ευρησετε πωλον δεδεμενον εφ ουδεισ ανθρωπων εκαθισεν	delete:αυτοισ=> | equal:υπαγετε εισ=>υπαγετε εισ | insert:=>κατεναντι | equal:κωμην=>κωμην | delete:κατεναντι ευθυσ=> | equal:εισπορευομενοι=>εισπορευομενοι | delete:εισ αυτην=> | equal:ευρησετε πωλον δεδεμενον εφ ουδεισ=>ευρησετε πωλον δεδεμενον εφ ουδεισ | replace:ουπω=>πωποτε | equal:ανθρωπων εκαθισεν=>ανθρωπων εκαθισεν | replace:λυσατε φερετε=>λυσαντεσ αγαγετε
113	Mark 11:3	Luke 19:34	0.3794	τισ ειπη ποιειτε τουτο ειπατε κυριοσ χρειαν εχει ευθυσ αποστελλει ωδε	ειπαν κυριοσ χρειαν εχει	κυριοσ χρειαν εχει	replace:τισ ειπη ποιειτε τουτο ειπατε=>ειπαν | equal:κυριοσ χρειαν εχει=>κυριοσ χρειαν εχει | delete:ευθυσ αποστελλει ωδε=>
114	Mark 11:7	Luke 19:35	0.1872	φερουσιν πωλον προσ επιβαλλουσιν αυτω ιματια εκαθισεν επ	ηγαγον προσ επιριψαντεσ ιματια πωλον επεβιβασαν	πωλον	replace:φερουσιν=>ηγαγον προσ επιριψαντεσ ιματια | equal:πωλον=>πωλον | replace:προσ επιβαλλουσιν αυτω ιματια εκαθισεν επ=>επεβιβασαν
115	Mark 11:9	Luke 19:38	0.2244	προαγοντεσ ακολουθουντεσ εκραζον ωσαννα ευλογημενοσ ερχομενοσ ονοματι	λεγοντεσ ευλογημενοσ ερχομενοσ βασιλευσ ονοματι ουρανω ειρηνη δοξα υψιστοισ	ευλογημενοσ ερχομενοσ ονοματι	replace:προαγοντεσ ακολουθουντεσ εκραζον ωσαννα=>λεγοντεσ | equal:ευλογημενοσ ερχομενοσ=>ευλογημενοσ ερχομενοσ | insert:=>βασιλευσ | equal:ονοματι=>ονοματι | insert:=>ουρανω ειρηνη δοξα υψιστοισ
116	Mark 11:13	Luke 19:41	0.1814	ιδων συκην μακροθεν εχουσαν φυλλα ηλθεν αρα ευρησει ελθων επ αυτην ουδεν ευρεν φυλλα καιροσ συκων	ωσ ηγγισεν ιδων πολιν εκλαυσεν επ αυτην	ιδων επ αυτην	insert:=>ωσ ηγγισεν | equal:ιδων=>ιδων | replace:συκην μακροθεν εχουσαν φυλλα ηλθεν αρα ευρησει ελθων=>πολιν εκλαυσεν | equal:επ αυτην=>επ αυτην | delete:ουδεν ευρεν φυλλα καιροσ συκων=>
117	Mark 11:15	Luke 19:45	0.5513	ερχονται εισ ιεροσολυμα εισελθων εισ ιερον ηρξατο εκβαλλειν τουσ πωλουντασ τουσ αγοραζοντασ ιερω τασ τραπεζασ κολλυβιστων τασ καθεδρασ πωλουντων τασ περιστερασ κατεστρεψεν	εισελθων εισ ιερον ηρξατο εκβαλλειν τουσ πωλουντασ	εισελθων εισ ιερον ηρξατο εκβαλλειν τουσ πωλουντασ	delete:ερχονται εισ ιεροσολυμα=> | equal:εισελθων εισ ιερον ηρξατο εκβαλλειν τουσ πωλουντασ=>εισελθων εισ ιερον ηρξατο εκβαλλειν τουσ πωλουντασ | delete:τουσ αγοραζοντασ ιερω τασ τραπεζασ κολλυβιστων τασ καθεδρασ πωλουντων τασ περιστερασ κατεστρεψεν=>
118	Mark 11:17	Luke 19:46	0.4422	εδιδασκεν αυτοισ γεγραπται οικοσ οικοσ προσευχησ κληθησεται πασιν τοισ εθνεσιν υμεισ πεποιηκατε σπηλαιον ληστων	αυτοισ γεγραπται εσται οικοσ οικοσ προσευχησ υμεισ εποιησατε σπηλαιον ληστων	αυτοισ γεγραπται οικοσ οικοσ προσευχησ υμεισ σπηλαιον ληστων	delete:εδιδασκεν=> | equal:αυτοισ γεγραπται=>αυτοισ γεγραπται | insert:=>εσται | equal:οικοσ οικοσ προσευχησ=>οικοσ οικοσ προσευχησ | delete:κληθησεται πασιν τοισ εθνεσιν=> | equal:υμεισ=>υμεισ | replace:πεποιηκατε=>εποιησατε | equal:σπηλαιον ληστων=>σπηλαιον ληστων
119	Mark 11:18	Luke 19:47	0.203	ηκουσαν αρχιερεισ γραμματεισ εζητουν πωσ απολεσωσιν εφοβουντο πασ οχλοσ εξεπλησσετο διδαχη	διδασκων καθ ημεραν ιερω αρχιερεισ γραμματεισ εζητουν απολεσαι πρωτοι λαου	αρχιερεισ γραμματεισ εζητουν	replace:ηκουσαν=>διδασκων καθ ημεραν ιερω | equal:αρχιερεισ γραμματεισ εζητουν=>αρχιερεισ γραμματεισ εζητουν | replace:πωσ απολεσωσιν εφοβουντο πασ οχλοσ εξεπλησσετο διδαχη=>απολεσαι πρωτοι λαου
120	Mark 11:28	Luke 20:2	0.4429	ελεγον αυτω ποια εξουσια ταυτα ποιεισ τισ εδωκεν εξουσιαν ταυτην ταυτα ποιησ	ειπαν λεγοντεσ προσ ποια εξουσια ταυτα ποιεισ τισ εστιν δουσ εξουσιαν ταυτην	ποια εξουσια ταυτα ποιεισ τισ εξουσιαν ταυτην	replace:ελεγον αυτω=>ειπαν λεγοντεσ προσ | equal:ποια εξουσια ταυτα ποιεισ τισ=>ποια εξουσια ταυτα ποιεισ τισ | replace:εδωκεν=>εστιν δουσ | equal:εξουσιαν ταυτην=>εξουσιαν ταυτην | delete:ταυτα ποιησ=>
121	Mark 11:30	Luke 20:4	0.8589	βαπτισμα ιωαννου ουρανου ανθρωπων αποκριθητε	βαπτισμα ιωαννου ουρανου ανθρωπων	βαπτισμα ιωαννου ουρανου ανθρωπων	equal:βαπτισμα ιωαννου ουρανου ανθρωπων=>βαπτισμα ιωαννου ουρανου ανθρωπων | delete:αποκριθητε=>
122	Mark 11:31	Luke 20:5	0.7769	διελογιζοντο προσ εαυτουσ λεγοντεσ ειπωμεν ειπωμεν ουρανου ερει επιστευσατε αυτω	συνελογισαντο προσ εαυτουσ λεγοντεσ ειπωμεν ουρανου ερει επιστευσατε αυτω	προσ εαυτουσ λεγοντεσ ειπωμεν ουρανου ερει επιστευσατε αυτω	replace:διελογιζοντο=>συνελογισαντο | equal:προσ εαυτουσ λεγοντεσ=>προσ εαυτουσ λεγοντεσ | delete:ειπωμεν=> | equal:ειπωμεν ουρανου ερει επιστευσατε αυτω=>ειπωμεν ουρανου ερει επιστευσατε αυτω
123	Mark 11:33	Luke 20:8	0.7875	αποκριθεντεσ ιησου λεγουσιν οιδαμεν ιησουσ αυτοισ ουδε λεγω ποια εξουσια ταυτα ποιω	ιησουσ αυτοισ ουδε λεγω ποια εξουσια ταυτα ποιω	ιησουσ αυτοισ ουδε λεγω ποια εξουσια ταυτα ποιω	delete:αποκριθεντεσ ιησου λεγουσιν οιδαμεν=> | equal:ιησουσ αυτοισ ουδε λεγω ποια εξουσια ταυτα ποιω=>ιησουσ αυτοισ ουδε λεγω ποια εξουσια ταυτα ποιω
124	Mark 12:1	Luke 20:9	0.282	ηρξατο αυτοισ παραβολαισ λαλειν αμπελωνα ανθρωποσ εφυτευσεν περιεθηκεν φραγμον ωρυξεν υποληνιον ωκοδομησεν πυργον εξεδετο γεωργοισ απεδημησεν	ηρξατο προσ λαον λεγειν παραβολην ταυτην ανθρωποσ εφυτευσεν αμπελωνα εξεδετο γεωργοισ απεδημησεν χρονουσ ικανουσ	ηρξατο ανθρωποσ εφυτευσεν εξεδετο γεωργοισ απεδημησεν	equal:ηρξατο=>ηρξατο | replace:αυτοισ παραβολαισ λαλειν αμπελωνα=>προσ λαον λεγειν παραβολην ταυτην | equal:ανθρωποσ εφυτευσεν=>ανθρωποσ εφυτευσεν | replace:περιεθηκεν φραγμον ωρυξεν υποληνιον ωκοδομησεν πυργον=>αμπελωνα | equal:εξεδετο γεωργοισ απεδημησεν=>εξεδετο γεωργοισ απεδημησεν | insert:=>χρονουσ ικανουσ
125	Mark 12:2	Luke 20:10	0.4051	απεστειλεν προσ τουσ γεωργουσ καιρω δουλον γεωργων λαβη καρπων αμπελωνοσ	καιρω απεστειλεν προσ τουσ γεωργουσ δουλον καρπου αμπελωνοσ δωσουσιν αυτω γεωργοι εξαπεστειλαν δειραντεσ κενον	απεστειλεν προσ τουσ γεωργουσ δουλον αμπελωνοσ	insert:=>καιρω | equal:απεστειλεν προσ τουσ γεωργουσ=>απεστειλεν προσ τουσ γεωργουσ | delete:καιρω=> | equal:δουλον=>δουλον | replace:γεωργων λαβη καρπων=>καρπου | equal:αμπελωνοσ=>αμπελωνοσ | insert:=>δωσουσιν αυτω γεωργοι εξαπεστειλαν δειραντεσ κενον
126	Mark 12:6	Luke 20:13	0.1801	ετι ενα ειχεν υιον αγαπητον απεστειλεν εσχατον προσ αυτουσ εντραπησονται υιον	κυριοσ αμπελωνοσ ποιησω πεμψω υιον αγαπητον ισωσ τουτον εντραπησονται	υιον αγαπητον εντραπησονται	replace:ετι ενα ειχεν=>κυριοσ αμπελωνοσ ποιησω πεμψω | equal:υιον αγαπητον=>υιον αγαπητον | replace:απεστειλεν εσχατον προσ αυτουσ=>ισωσ τουτον | equal:εντραπησονται=>εντραπησονται | delete:υιον=>
127	Mark 12:7	Luke 20:14	0.3444	εκεινοι γεωργοι προσ εαυτουσ ειπαν ουτοσ εστιν κληρονομοσ δευτε αποκτεινωμεν εσται κληρονομια	ιδοντεσ γεωργοι διελογιζοντο προσ αλληλουσ λεγοντεσ ουτοσ εστιν κληρονομοσ αποκτεινωμεν γενηται κληρονομια	γεωργοι προσ ουτοσ εστιν κληρονομοσ αποκτεινωμεν κληρονομια	replace:εκεινοι=>ιδοντεσ | equal:γεωργοι=>γεωργοι | insert:=>διελογιζοντο | equal:προσ=>προσ | replace:εαυτουσ ειπαν=>αλληλουσ λεγοντεσ | equal:ουτοσ εστιν κληρονομοσ=>ουτοσ εστιν κληρονομοσ | delete:δευτε=> | equal:αποκτεινωμεν=>αποκτεινωμεν | replace:εσται=>γενηται | equal:κληρονομια=>κληρονομια
128	Mark 12:8	Luke 20:15	0.2867	λαβοντεσ απεκτειναν εξεβαλον εξω αμπελωνοσ	εκβαλοντεσ εξω αμπελωνοσ απεκτειναν ποιησει αυτοισ κυριοσ αμπελωνοσ	εξω αμπελωνοσ	replace:λαβοντεσ απεκτειναν εξεβαλον=>εκβαλοντεσ | equal:εξω αμπελωνοσ=>εξω αμπελωνοσ | insert:=>απεκτειναν ποιησει αυτοισ κυριοσ αμπελωνοσ
129	Mark 12:9	Luke 20:16	0.5114	ποιησει κυριοσ αμπελωνοσ ελευσεται απολεσει τουσ γεωργουσ δωσει αμπελωνα αλλοισ	ελευσεται απολεσει τουσ γεωργουσ τουτουσ δωσει αμπελωνα αλλοισ ακουσαντεσ ειπαν γενοιτο	ελευσεται απολεσει τουσ γεωργουσ δωσει αμπελωνα αλλοισ	delete:ποιησει κυριοσ αμπελωνοσ=> | equal:ελευσεται απολεσει τουσ γεωργουσ=>ελευσεται απολεσει τουσ γεωργουσ | insert:=>τουτουσ | equal:δωσει αμπελωνα αλλοισ=>δωσει αμπελωνα αλλοισ | insert:=>ακουσαντεσ ειπαν γενοιτο
130	Mark 12:10	Luke 20:17	0.5587	ουδε γραφην ταυτην ανεγνωτε λιθον απεδοκιμασαν οικοδομουντεσ ουτοσ εγενηθη εισ κεφαλην γωνιασ	εμβλεψασ αυτοισ εστιν γεγραμμενον τουτο λιθον απεδοκιμασαν οικοδομουντεσ ουτοσ εγενηθη εισ κεφαλην γωνιασ	λιθον απεδοκιμασαν οικοδομουντεσ ουτοσ εγενηθη εισ κεφαλην γωνιασ	replace:ουδε γραφην ταυτην ανεγνωτε=>εμβλεψασ αυτοισ εστιν γεγραμμενον τουτο | equal:λιθον απεδοκιμασαν οικοδομουντεσ ουτοσ εγενηθη εισ κεφαλην γωνιασ=>λιθον απεδοκιμασαν οικοδομουντεσ ουτοσ εγενηθη εισ κεφαλην γωνιασ
131	Mark 12:12	Luke 20:19	0.2973	εζητουν κρατησαι εφοβηθησαν οχλον εγνωσαν προσ αυτουσ παραβολην αφεντεσ απηλθον	εζητησαν γραμματεισ αρχιερεισ επιβαλειν επ τασ χειρασ ωρα εφοβηθησαν λαον εγνωσαν προσ αυτουσ παραβολην ταυτην	εφοβηθησαν εγνωσαν προσ αυτουσ παραβολην	replace:εζητουν κρατησαι=>εζητησαν γραμματεισ αρχιερεισ επιβαλειν επ τασ χειρασ ωρα | equal:εφοβηθησαν=>εφοβηθησαν | replace:οχλον=>λαον | equal:εγνωσαν προσ αυτουσ παραβολην=>εγνωσαν προσ αυτουσ παραβολην | replace:αφεντεσ απηλθον=>ταυτην
132	Mark 12:14	Luke 20:21	0.3295	ελθοντεσ λεγουσιν αυτω διδασκαλε οιδαμεν αληθησ μελει ουδενοσ βλεπεισ εισ προσωπον ανθρωπων αλλ επ αληθειασ οδον διδασκεισ εξεστιν δουναι κηνσον καισαρι δωμεν δωμεν	επηρωτησαν λεγοντεσ διδασκαλε οιδαμεν ορθωσ λεγεισ διδασκεισ λαμβανεισ προσωπον αλλ επ αληθειασ οδον διδασκεισ	διδασκαλε οιδαμεν προσωπον αλλ επ αληθειασ οδον διδασκεισ	replace:ελθοντεσ λεγουσιν αυτω=>επηρωτησαν λεγοντεσ | equal:διδασκαλε οιδαμεν=>διδασκαλε οιδαμεν | replace:αληθησ μελει ουδενοσ βλεπεισ εισ=>ορθωσ λεγεισ διδασκεισ λαμβανεισ | equal:προσωπον=>προσωπον | delete:ανθρωπων=> | equal:αλλ επ αληθειασ οδον διδασκεισ=>αλλ επ αληθειασ οδον διδασκεισ | delete:εξεστιν δουναι κηνσον καισαρι δωμεν δωμεν=>
133	Mark 12:17	Luke 20:25	0.2758	ιησουσ αυτοισ καισαροσ αποδοτε καισαρι θεω εξεθαυμαζον επ αυτω	προσ αυτουσ τοινυν αποδοτε καισαροσ καισαρι θεω	καισαροσ καισαρι θεω	replace:ιησουσ αυτοισ=>προσ αυτουσ τοινυν αποδοτε | equal:καισαροσ=>καισαροσ | delete:αποδοτε=> | equal:καισαρι θεω=>καισαρι θεω | delete:εξεθαυμαζον επ αυτω=>
134	Mark 12:19	Luke 20:28	0.6186	διδασκαλε μωυσησ εγραψεν τινοσ αδελφοσ αποθανη καταλιπη γυναικα αφη τεκνον λαβη αδελφοσ γυναικα εξαναστηση σπερμα αδελφω	λεγοντεσ διδασκαλε μωυσησ εγραψεν τινοσ αδελφοσ αποθανη εχων γυναικα ουτοσ ατεκνοσ λαβη αδελφοσ γυναικα εξαναστηση σπερμα αδελφω	διδασκαλε μωυσησ εγραψεν τινοσ αδελφοσ αποθανη γυναικα λαβη αδελφοσ γυναικα εξαναστηση σπερμα αδελφω	insert:=>λεγοντεσ | equal:διδασκαλε μωυσησ εγραψεν τινοσ αδελφοσ αποθανη=>διδασκαλε μωυσησ εγραψεν τινοσ αδελφοσ αποθανη | replace:καταλιπη=>εχων | equal:γυναικα=>γυναικα | replace:αφη τεκνον=>ουτοσ ατεκνοσ | equal:λαβη αδελφοσ γυναικα εξαναστηση σπερμα αδελφω=>λαβη αδελφοσ γυναικα εξαναστηση σπερμα αδελφω
135	Mark 12:20	Luke 20:29	0.4402	επτα αδελφοι ησαν πρωτοσ ελαβεν γυναικα αποθνησκων αφηκεν σπερμα	επτα αδελφοι ησαν πρωτοσ λαβων γυναικα απεθανεν ατεκνοσ	επτα αδελφοι ησαν πρωτοσ γυναικα	equal:επτα αδελφοι ησαν πρωτοσ=>επτα αδελφοι ησαν πρωτοσ | replace:ελαβεν=>λαβων | equal:γυναικα=>γυναικα | replace:αποθνησκων αφηκεν σπερμα=>απεθανεν ατεκνοσ
136	Mark 12:21	Luke 20:31	0.2592	δευτεροσ ελαβεν αυτην απεθανεν καταλιπων σπερμα τριτοσ ωσαυτωσ	τριτοσ ελαβεν αυτην ωσαυτωσ επτα κατελιπον τεκνα απεθανον	ελαβεν αυτην ωσαυτωσ	replace:δευτεροσ=>τριτοσ | equal:ελαβεν αυτην=>ελαβεν αυτην | delete:απεθανεν καταλιπων σπερμα τριτοσ=> | equal:ωσαυτωσ=>ωσαυτωσ | insert:=>επτα κατελιπον τεκνα απεθανον
137	Mark 12:22	Luke 20:32	0.3507	επτα αφηκαν σπερμα εσχατον γυνη απεθανεν	υστερον γυνη απεθανεν	γυνη απεθανεν	replace:επτα αφηκαν σπερμα εσχατον=>υστερον | equal:γυνη απεθανεν=>γυνη απεθανεν
138	Mark 12:23	Luke 20:33	0.5931	αναστασει οταν αναστωσιν τινοσ εσται γυνη επτα εσχον αυτην γυναικα	γυνη αναστασει τινοσ γινεται γυνη επτα εσχον αυτην γυναικα	αναστασει τινοσ γυνη επτα εσχον αυτην γυναικα	insert:=>γυνη | equal:αναστασει=>αναστασει | delete:οταν αναστωσιν=> | equal:τινοσ=>τινοσ | replace:εσται=>γινεται | equal:γυνη επτα εσχον αυτην γυναικα=>γυνη επτα εσχον αυτην γυναικα
139	Mark 12:25	Luke 20:35	0.2683	οταν νεκρων αναστωσιν ουτε γαμουσιν ουτε γαμιζονται αλλ εισιν ωσ αγγελοι τοισ ουρανοισ	καταξιωθεντεσ αιωνοσ εκεινου τυχειν τησ αναστασεωσ τησ νεκρων ουτε γαμουσιν ουτε γαμιζονται	νεκρων ουτε γαμουσιν ουτε γαμιζονται	replace:οταν=>καταξιωθεντεσ αιωνοσ εκεινου τυχειν τησ αναστασεωσ τησ | equal:νεκρων=>νεκρων | delete:αναστωσιν=> | equal:ουτε γαμουσιν ουτε γαμιζονται=>ουτε γαμουσιν ουτε γαμιζονται | delete:αλλ εισιν ωσ αγγελοι τοισ ουρανοισ=>
140	Mark 12:26	Luke 20:37	0.1809	νεκρων εγειρονται ανεγνωτε βιβλω μωυσεωσ βατου πωσ αυτω θεοσ θεοσ αβρααμ θεοσ ισαακ θεοσ ιακωβ	εγειρονται νεκροι μωυσησ εμηνυσεν τησ βατου ωσ κυριον θεον αβρααμ θεον ισαακ θεον ιακωβ	εγειρονται βατου αβρααμ ισαακ ιακωβ	delete:νεκρων=> | equal:εγειρονται=>εγειρονται | replace:ανεγνωτε βιβλω μωυσεωσ=>νεκροι μωυσησ εμηνυσεν τησ | equal:βατου=>βατου | replace:πωσ αυτω θεοσ θεοσ=>ωσ κυριον θεον | equal:αβρααμ=>αβρααμ | replace:θεοσ=>θεον | equal:ισαακ=>ισαακ | replace:θεοσ=>θεον | equal:ιακωβ=>ιακωβ
141	Mark 12:27	Luke 20:38	0.4313	εστιν θεοσ νεκρων αλλα ζωντων πολυ πλανασθε	θεοσ εστιν νεκρων αλλα ζωντων παντεσ αυτω ζωσιν	εστιν νεκρων αλλα ζωντων	insert:=>θεοσ | equal:εστιν=>εστιν | delete:θεοσ=> | equal:νεκρων αλλα ζωντων=>νεκρων αλλα ζωντων | replace:πολυ πλανασθε=>παντεσ αυτω ζωσιν
142	Mark 12:35	Luke 20:41	0.1898	αποκριθεισ ιησουσ διδασκων ιερω πωσ λεγουσιν γραμματεισ χριστοσ υιοσ δαυιδ εστιν	προσ αυτουσ πωσ λεγουσιν χριστον ειναι δαυιδ υιον	πωσ λεγουσιν δαυιδ	replace:αποκριθεισ ιησουσ διδασκων ιερω=>προσ αυτουσ | equal:πωσ λεγουσιν=>πωσ λεγουσιν | replace:γραμματεισ χριστοσ υιοσ=>χριστον ειναι | equal:δαυιδ=>δαυιδ | replace:εστιν=>υιον
143	Mark 12:36	Luke 20:43	0.4326	αυτοσ δαυιδ πνευματι αγιω κυριοσ κυριω καθου δεξιων εωσ θω τουσ εχθρουσ υποκατω ποδων	εωσ θω τουσ εχθρουσ υποποδιον ποδων	εωσ θω τουσ εχθρουσ ποδων	delete:αυτοσ δαυιδ πνευματι αγιω κυριοσ κυριω καθου δεξιων=> | equal:εωσ θω τουσ εχθρουσ=>εωσ θω τουσ εχθρουσ | replace:υποκατω=>υποποδιον | equal:ποδων=>ποδων
144	Mark 12:37	Luke 20:44	0.2839	αυτοσ δαυιδ κυριον ποθεν εστιν υιοσ πολυσ οχλοσ ηκουεν ηδεωσ	δαυιδ κυριον καλει πωσ υιοσ εστιν	δαυιδ κυριον εστιν	delete:αυτοσ=> | equal:δαυιδ κυριον=>δαυιδ κυριον | replace:ποθεν=>καλει πωσ υιοσ | equal:εστιν=>εστιν | delete:υιοσ πολυσ οχλοσ ηκουεν ηδεωσ=>
145	Mark 12:39	Luke 20:46	0.5933	πρωτοκαθεδριασ ταισ συναγωγαισ πρωτοκλισιασ τοισ δειπνοισ	προσεχετε γραμματεων θελοντων περιπατειν στολαισ φιλουντων ασπασμουσ ταισ αγοραισ πρωτοκαθεδριασ ταισ συναγωγαισ πρωτοκλισιασ τοισ δειπνοισ	πρωτοκαθεδριασ ταισ συναγωγαισ πρωτοκλισιασ τοισ δειπνοισ	insert:=>προσεχετε γραμματεων θελοντων περιπατειν στολαισ φιλουντων ασπασμουσ ταισ αγοραισ | equal:πρωτοκαθεδριασ ταισ συναγωγαισ πρωτοκλισιασ τοισ δειπνοισ=>πρωτοκαθεδριασ ταισ συναγωγαισ πρωτοκλισιασ τοισ δειπνοισ
146	Mark 12:40	Luke 20:47	0.6735	κατεσθιοντεσ τασ οικιασ χηρων προφασει μακρα προσευχομενοι ουτοι λημψονται περισσοτερον κριμα	κατεσθιουσιν τασ οικιασ χηρων προφασει μακρα προσευχονται ουτοι λημψονται περισσοτερον κριμα	τασ οικιασ χηρων προφασει μακρα ουτοι λημψονται περισσοτερον κριμα	replace:κατεσθιοντεσ=>κατεσθιουσιν | equal:τασ οικιασ χηρων προφασει μακρα=>τασ οικιασ χηρων προφασει μακρα | replace:προσευχομενοι=>προσευχονται | equal:ουτοι λημψονται περισσοτερον κριμα=>ουτοι λημψονται περισσοτερον κριμα
147	Mark 12:43	Luke 21:3	0.5052	προσκαλεσαμενοσ τουσ μαθητασ αυτοισ αμην λεγω χηρα πτωχη πλειον εβαλεν βαλλοντων εισ γαζοφυλακιον	αληθωσ λεγω χηρα πτωχη πλειον εβαλεν	λεγω χηρα πτωχη πλειον εβαλεν	replace:προσκαλεσαμενοσ τουσ μαθητασ αυτοισ αμην=>αληθωσ | equal:λεγω χηρα πτωχη πλειον εβαλεν=>λεγω χηρα πτωχη πλειον εβαλεν | delete:βαλλοντων εισ γαζοφυλακιον=>
148	Mark 12:44	Luke 21:4	0.3993	παντεσ περισσευοντοσ αυτοισ εβαλον τησ υστερησεωσ αυτησ οσα ειχεν εβαλεν ολον βιον αυτησ	παντεσ ουτοι περισσευοντοσ αυτοισ εβαλον εισ δωρα υστερηματοσ αυτησ βιον ειχεν εβαλεν	παντεσ περισσευοντοσ αυτοισ εβαλον αυτησ ειχεν εβαλεν	equal:παντεσ=>παντεσ | insert:=>ουτοι | equal:περισσευοντοσ αυτοισ εβαλον=>περισσευοντοσ αυτοισ εβαλον | replace:τησ υστερησεωσ=>εισ δωρα υστερηματοσ | equal:αυτησ=>αυτησ | replace:οσα=>βιον | equal:ειχεν εβαλεν=>ειχεν εβαλεν | delete:ολον βιον αυτησ=>
149	Mark 13:4	Luke 21:7	0.67	ποτε ταυτα εσται σημειον οταν μελλη ταυτα συντελεισθαι	επηρωτησαν λεγοντεσ διδασκαλε ποτε ταυτα εσται σημειον οταν μελλη ταυτα γινεσθαι	ποτε ταυτα εσται σημειον οταν μελλη ταυτα	insert:=>επηρωτησαν λεγοντεσ διδασκαλε | equal:ποτε ταυτα εσται σημειον οταν μελλη ταυτα=>ποτε ταυτα εσται σημειον οταν μελλη ταυτα | replace:συντελεισθαι=>γινεσθαι
150	Mark 13:6	Luke 21:8	0.4912	πολλοι ελευσονται ονοματι λεγοντεσ ειμι πολλουσ πλανησουσιν	βλεπετε πλανηθητε πολλοι ελευσονται ονοματι λεγοντεσ ειμι καιροσ ηγγικεν πορευθητε οπισω	πολλοι ελευσονται ονοματι λεγοντεσ ειμι	insert:=>βλεπετε πλανηθητε | equal:πολλοι ελευσονται ονοματι λεγοντεσ ειμι=>πολλοι ελευσονται ονοματι λεγοντεσ ειμι | replace:πολλουσ πλανησουσιν=>καιροσ ηγγικεν πορευθητε οπισω
151	Mark 13:7	Luke 21:9	0.3713	οταν ακουσητε πολεμουσ ακοασ πολεμων θροεισθε δει γενεσθαι αλλ ουπω τελοσ	οταν ακουσητε πολεμουσ ακαταστασιασ πτοηθητε δει ταυτα γενεσθαι πρωτον αλλ ευθεωσ τελοσ	οταν ακουσητε πολεμουσ δει γενεσθαι αλλ τελοσ	equal:οταν ακουσητε πολεμουσ=>οταν ακουσητε πολεμουσ | replace:ακοασ πολεμων θροεισθε=>ακαταστασιασ πτοηθητε | equal:δει=>δει | insert:=>ταυτα | equal:γενεσθαι=>γενεσθαι | insert:=>πρωτον | equal:αλλ=>αλλ | replace:ουπω=>ευθεωσ | equal:τελοσ=>τελοσ
152	Mark 13:8	Luke 21:10	0.5385	εγερθησεται εθνοσ επ εθνοσ βασιλεια βασιλειαν εσονται σεισμοι τοπουσ εσονται λιμοι αρχη ωδινων ταυτα	αυτοισ εγερθησεται εθνοσ επ εθνοσ βασιλεια βασιλειαν	εγερθησεται εθνοσ επ εθνοσ βασιλεια βασιλειαν	insert:=>αυτοισ | equal:εγερθησεται εθνοσ επ εθνοσ βασιλεια βασιλειαν=>εγερθησεται εθνοσ επ εθνοσ βασιλεια βασιλειαν | delete:εσονται σεισμοι τοπουσ εσονται λιμοι αρχη ωδινων ταυτα=>
153	Mark 13:9	Luke 21:13	0.2391	βλεπετε υμεισ εαυτουσ παραδωσουσιν υμασ εισ συνεδρια εισ συναγωγασ δαρησεσθε ηγεμονων βασιλεων σταθησεσθε ενεκεν εμου εισ μαρτυριον αυτοισ	αποβησεται εισ μαρτυριον	εισ μαρτυριον	replace:βλεπετε υμεισ εαυτουσ παραδωσουσιν υμασ εισ συνεδρια εισ συναγωγασ δαρησεσθε ηγεμονων βασιλεων σταθησεσθε ενεκεν εμου=>αποβησεται | equal:εισ μαρτυριον=>εισ μαρτυριον | delete:αυτοισ=>
154	Mark 13:13	Luke 21:17	0.5382	εσεσθε μισουμενοι ονομα υπομεινασ εισ τελοσ ουτοσ σωθησεται	εσεσθε μισουμενοι ονομα	εσεσθε μισουμενοι ονομα	equal:εσεσθε μισουμενοι ονομα=>εσεσθε μισουμενοι ονομα | delete:υπομεινασ εισ τελοσ ουτοσ σωθησεται=>
155	Mark 13:14	Luke 21:21	0.2382	οταν ιδητε βδελυγμα τησ ερημωσεωσ εστηκοτα οπου δει αναγινωσκων νοειτω ιουδαια φευγετωσαν εισ ορη	ιουδαια φευγετωσαν εισ ορη μεσω αυτησ εκχωρειτωσαν ταισ χωραισ εισερχεσθωσαν εισ αυτην	ιουδαια φευγετωσαν εισ ορη	delete:οταν ιδητε βδελυγμα τησ ερημωσεωσ εστηκοτα οπου δει αναγινωσκων νοειτω=> | equal:ιουδαια φευγετωσαν εισ ορη=>ιουδαια φευγετωσαν εισ ορη | insert:=>μεσω αυτησ εκχωρειτωσαν ταισ χωραισ εισερχεσθωσαν εισ αυτην
156	Mark 13:17	Luke 21:23	0.658	ουαι ταισ γαστρι εχουσαισ ταισ θηλαζουσαισ εκειναισ ταισ ημεραισ	ουαι ταισ γαστρι εχουσαισ ταισ θηλαζουσαισ εκειναισ ταισ ημεραισ εσται αναγκη μεγαλη τησ γησ οργη λαω τουτω	ουαι ταισ γαστρι εχουσαισ ταισ θηλαζουσαισ εκειναισ ταισ ημεραισ	equal:ουαι ταισ γαστρι εχουσαισ ταισ θηλαζουσαισ εκειναισ ταισ ημεραισ=>ουαι ταισ γαστρι εχουσαισ ταισ θηλαζουσαισ εκειναισ ταισ ημεραισ | insert:=>εσται αναγκη μεγαλη τησ γησ οργη λαω τουτω
157	Mark 13:26	Luke 21:27	0.663	οψονται υιον ανθρωπου ερχομενον νεφελαισ δυναμεωσ πολλησ δοξησ	οψονται υιον ανθρωπου ερχομενον νεφελη δυναμεωσ δοξησ πολλησ	οψονται υιον ανθρωπου ερχομενον δυναμεωσ πολλησ	equal:οψονται υιον ανθρωπου ερχομενον=>οψονται υιον ανθρωπου ερχομενον | replace:νεφελαισ=>νεφελη | equal:δυναμεωσ=>δυναμεωσ | insert:=>δοξησ | equal:πολλησ=>πολλησ | delete:δοξησ=>
158	Mark 13:28	Luke 21:30	0.2829	τησ συκησ μαθετε παραβολην οταν ηδη κλαδοσ αυτησ απαλοσ γενηται εκφυη φυλλα γινωσκετε εγγυσ θεροσ εστιν	οταν προβαλωσιν ηδη βλεποντεσ αφ εαυτων γινωσκετε ηδη εγγυσ θεροσ εστιν	οταν ηδη γινωσκετε εγγυσ θεροσ εστιν	delete:τησ συκησ μαθετε παραβολην=> | equal:οταν=>οταν | insert:=>προβαλωσιν | equal:ηδη=>ηδη | replace:κλαδοσ αυτησ απαλοσ γενηται εκφυη φυλλα=>βλεποντεσ αφ εαυτων | equal:γινωσκετε=>γινωσκετε | insert:=>ηδη | equal:εγγυσ θεροσ εστιν=>εγγυσ θεροσ εστιν
159	Mark 13:29	Luke 21:31	0.8569	ουτωσ υμεισ οταν ιδητε ταυτα γινομενα γινωσκετε εγγυσ εστιν θυραισ	ουτωσ υμεισ οταν ιδητε ταυτα γινομενα γινωσκετε εγγυσ εστιν βασιλεια	ουτωσ υμεισ οταν ιδητε ταυτα γινομενα γινωσκετε εγγυσ εστιν	equal:ουτωσ υμεισ οταν ιδητε ταυτα γινομενα γινωσκετε εγγυσ εστιν=>ουτωσ υμεισ οταν ιδητε ταυτα γινομενα γινωσκετε εγγυσ εστιν | replace:θυραισ=>βασιλεια
160	Mark 13:30	Luke 21:32	0.6264	αμην λεγω παρελθη γενεα μεχρισ ταυτα γενηται	αμην λεγω παρελθη γενεα εωσ γενηται	αμην λεγω παρελθη γενεα γενηται	equal:αμην λεγω παρελθη γενεα=>αμην λεγω παρελθη γενεα | replace:μεχρισ ταυτα=>εωσ | equal:γενηται=>γενηται
161	Mark 13:31	Luke 21:33	1.0	ουρανοσ γη παρελευσονται λογοι παρελευσονται	ουρανοσ γη παρελευσονται λογοι παρελευσονται	ουρανοσ γη παρελευσονται λογοι παρελευσονται	equal:ουρανοσ γη παρελευσονται λογοι παρελευσονται=>ουρανοσ γη παρελευσονται λογοι παρελευσονται
162	Mark 14:1	Luke 22:2	0.3728	πασχα αζυμα δυο ημερασ εζητουν αρχιερεισ γραμματεισ πωσ δολω κρατησαντεσ αποκτεινωσιν	εζητουν αρχιερεισ γραμματεισ πωσ ανελωσιν εφοβουντο λαον	εζητουν αρχιερεισ γραμματεισ πωσ	delete:πασχα αζυμα δυο ημερασ=> | equal:εζητουν αρχιερεισ γραμματεισ πωσ=>εζητουν αρχιερεισ γραμματεισ πωσ | replace:δολω κρατησαντεσ αποκτεινωσιν=>ανελωσιν εφοβουντο λαον
163	Mark 14:11	Luke 22:5	0.4211	ακουσαντεσ εχαρησαν επηγγειλαντο αυτω αργυριον δουναι εζητει πωσ ευκαιρωσ παραδοι	εχαρησαν συνεθεντο αυτω αργυριον δουναι	εχαρησαν αυτω αργυριον δουναι	delete:ακουσαντεσ=> | equal:εχαρησαν=>εχαρησαν | replace:επηγγειλαντο=>συνεθεντο | equal:αυτω αργυριον δουναι=>αυτω αργυριον δουναι | delete:εζητει πωσ ευκαιρωσ παραδοι=>
164	Mark 14:12	Luke 22:9	0.3013	πρωτη ημερα αζυμων οτε πασχα εθυον λεγουσιν αυτω μαθηται που θελεισ απελθοντεσ ετοιμασωμεν φαγησ πασχα	ειπαν αυτω που θελεισ ετοιμασωμεν	αυτω που θελεισ ετοιμασωμεν	replace:πρωτη ημερα αζυμων οτε πασχα εθυον λεγουσιν=>ειπαν | equal:αυτω=>αυτω | delete:μαθηται=> | equal:που θελεισ=>που θελεισ | delete:απελθοντεσ=> | equal:ετοιμασωμεν=>ετοιμασωμεν | delete:φαγησ πασχα=>
165	Mark 14:13	Luke 22:10	0.4664	αποστελλει δυο μαθητων αυτοισ υπαγετε εισ πολιν απαντησει ανθρωποσ κεραμιον υδατοσ βασταζων ακολουθησατε αυτω	αυτοισ ιδου εισελθοντων εισ πολιν συναντησει ανθρωποσ κεραμιον υδατοσ βασταζων ακολουθησατε αυτω εισ οικιαν εισ εισπορευεται	αυτοισ εισ πολιν ανθρωποσ κεραμιον υδατοσ βασταζων ακολουθησατε αυτω	delete:αποστελλει δυο μαθητων=> | equal:αυτοισ=>αυτοισ | replace:υπαγετε=>ιδου εισελθοντων | equal:εισ πολιν=>εισ πολιν | replace:απαντησει=>συναντησει | equal:ανθρωποσ κεραμιον υδατοσ βασταζων ακολουθησατε αυτω=>ανθρωποσ κεραμιον υδατοσ βασταζων ακολουθησατε αυτω | insert:=>εισ οικιαν εισ εισπορευεται
166	Mark 14:14	Luke 22:11	0.6555	οπου εισελθη ειπατε οικοδεσποτη διδασκαλοσ που εστιν καταλυμα οπου πασχα μαθητων φαγω	ερειτε οικοδεσποτη τησ οικιασ διδασκαλοσ που εστιν καταλυμα οπου πασχα μαθητων φαγω	οικοδεσποτη διδασκαλοσ που εστιν καταλυμα οπου πασχα μαθητων φαγω	replace:οπου εισελθη ειπατε=>ερειτε | equal:οικοδεσποτη=>οικοδεσποτη | insert:=>τησ οικιασ | equal:διδασκαλοσ που εστιν καταλυμα οπου πασχα μαθητων φαγω=>διδασκαλοσ που εστιν καταλυμα οπου πασχα μαθητων φαγω
167	Mark 14:15	Luke 22:12	0.6457	αυτοσ δειξει αναγαιον μεγα εστρωμενον ετοιμον εκει ετοιμασατε	κακεινοσ δειξει αναγαιον μεγα εστρωμενον εκει ετοιμασατε	δειξει αναγαιον μεγα εστρωμενον εκει ετοιμασατε	replace:αυτοσ=>κακεινοσ | equal:δειξει αναγαιον μεγα εστρωμενον=>δειξει αναγαιον μεγα εστρωμενον | delete:ετοιμον=> | equal:εκει ετοιμασατε=>εκει ετοιμασατε
168	Mark 14:16	Luke 22:13	0.4327	εξηλθον μαθηται ηλθον εισ πολιν ευρον καθωσ αυτοισ ητοιμασαν πασχα	απελθοντεσ ευρον καθωσ ειρηκει αυτοισ ητοιμασαν πασχα	ευρον καθωσ αυτοισ ητοιμασαν πασχα	replace:εξηλθον μαθηται ηλθον εισ πολιν=>απελθοντεσ | equal:ευρον καθωσ=>ευρον καθωσ | insert:=>ειρηκει | equal:αυτοισ ητοιμασαν πασχα=>αυτοισ ητοιμασαν πασχα
169	Mark 14:22	Luke 22:19	0.446	εσθιοντων λαβων αρτον ευλογησασ εκλασεν εδωκεν αυτοισ λαβετε τουτο εστιν σωμα	λαβων αρτον ευχαριστησασ εκλασεν εδωκεν αυτοισ τουτο εστιν σωμα διδομενον τουτο ποιειτε εισ εμην αναμνησιν	λαβων αρτον εκλασεν εδωκεν αυτοισ τουτο εστιν σωμα	delete:εσθιοντων=> | equal:λαβων αρτον=>λαβων αρτον | replace:ευλογησασ=>ευχαριστησασ | equal:εκλασεν εδωκεν αυτοισ=>εκλασεν εδωκεν αυτοισ | delete:λαβετε=> | equal:τουτο εστιν σωμα=>τουτο εστιν σωμα | insert:=>διδομενον τουτο ποιειτε εισ εμην αναμνησιν
170	Mark 14:26	Luke 22:39	0.3577	υμνησαντεσ εξηλθον εισ οροσ ελαιων	εξελθων επορευθη εθοσ εισ οροσ ελαιων ηκολουθησαν αυτω μαθηται	εισ οροσ ελαιων	replace:υμνησαντεσ εξηλθον=>εξελθων επορευθη εθοσ | equal:εισ οροσ ελαιων=>εισ οροσ ελαιων | insert:=>ηκολουθησαν αυτω μαθηται
171	Mark 14:36	Luke 22:42	0.2811	αββα δυνατα παρενεγκε ποτηριον τουτο απ εμου αλλ θελω αλλα	πατερ βουλει παρενεγκε τουτο ποτηριον απ εμου πλην θελημα αλλα σον γινεσθω	παρενεγκε ποτηριον απ εμου αλλα	replace:αββα δυνατα=>πατερ βουλει | equal:παρενεγκε=>παρενεγκε | insert:=>τουτο | equal:ποτηριον=>ποτηριον | delete:τουτο=> | equal:απ εμου=>απ εμου | replace:αλλ θελω=>πλην θελημα | equal:αλλα=>αλλα | insert:=>σον γινεσθω
172	Mark 14:38	Luke 22:46	0.2234	γρηγορειτε προσευχεσθε ελθητε εισ πειρασμον πνευμα προθυμον σαρξ ασθενησ	αυτοισ καθευδετε ανασταντεσ προσευχεσθε εισελθητε εισ πειρασμον	προσευχεσθε εισ πειρασμον	replace:γρηγορειτε=>αυτοισ καθευδετε ανασταντεσ | equal:προσευχεσθε=>προσευχεσθε | replace:ελθητε=>εισελθητε | equal:εισ πειρασμον=>εισ πειρασμον | delete:πνευμα προθυμον σαρξ ασθενησ=>
173	Mark 14:43	Luke 22:47	0.2642	ευθυσ ετι λαλουντοσ παραγινεται ιουδασ εισ δωδεκα μετ οχλοσ μαχαιρων ξυλων αρχιερεων γραμματεων πρεσβυτερων	ετι λαλουντοσ ιδου οχλοσ λεγομενοσ ιουδασ εισ δωδεκα προηρχετο αυτουσ ηγγισεν ιησου φιλησαι	ετι λαλουντοσ ιουδασ εισ δωδεκα	delete:ευθυσ=> | equal:ετι λαλουντοσ=>ετι λαλουντοσ | replace:παραγινεται=>ιδου οχλοσ λεγομενοσ | equal:ιουδασ εισ δωδεκα=>ιουδασ εισ δωδεκα | replace:μετ οχλοσ μαχαιρων ξυλων αρχιερεων γραμματεων πρεσβυτερων=>προηρχετο αυτουσ ηγγισεν ιησου φιλησαι
174	Mark 14:47	Luke 22:50	0.2941	εισ τισ παρεστηκοτων σπασαμενοσ μαχαιραν επαισεν δουλον αρχιερεωσ αφειλεν ωταριον	επαταξεν εισ τισ αρχιερεωσ δουλον αφειλεν ουσ δεξιον	εισ τισ δουλον αφειλεν	insert:=>επαταξεν | equal:εισ τισ=>εισ τισ | replace:παρεστηκοτων σπασαμενοσ μαχαιραν επαισεν=>αρχιερεωσ | equal:δουλον=>δουλον | delete:αρχιερεωσ=> | equal:αφειλεν=>αφειλεν | replace:ωταριον=>ουσ δεξιον
175	Mark 14:48	Luke 22:52	0.4226	αποκριθεισ ιησουσ αυτοισ ωσ ληστην εξηλθατε μαχαιρων ξυλων συλλαβειν	ιησουσ προσ τουσ παραγενομενουσ επ αρχιερεισ στρατηγουσ ιερου πρεσβυτερουσ ωσ ληστην εξηλθατε μαχαιρων ξυλων	ιησουσ ωσ ληστην εξηλθατε μαχαιρων ξυλων	delete:αποκριθεισ=> | equal:ιησουσ=>ιησουσ | replace:αυτοισ=>προσ τουσ παραγενομενουσ επ αρχιερεισ στρατηγουσ ιερου πρεσβυτερουσ | equal:ωσ ληστην εξηλθατε μαχαιρων ξυλων=>ωσ ληστην εξηλθατε μαχαιρων ξυλων | delete:συλλαβειν=>
176	Mark 14:72	Luke 22:61	0.2781	ευθυσ δευτερου αλεκτωρ εφωνησεν ανεμνησθη πετροσ ρημα ωσ αυτω ιησουσ πριν αλεκτορα φωνησαι δισ τρισ απαρνηση επιβαλων εκλαιεν	στραφεισ κυριοσ ενεβλεψεν πετρω υπεμνησθη πετροσ λογου ωσ αυτω πριν αλεκτορα φωνησαι σημερον απαρνηση τρισ	πετροσ ωσ αυτω πριν αλεκτορα φωνησαι τρισ	replace:ευθυσ δευτερου αλεκτωρ εφωνησεν ανεμνησθη=>στραφεισ κυριοσ ενεβλεψεν πετρω υπεμνησθη | equal:πετροσ=>πετροσ | replace:ρημα=>λογου | equal:ωσ αυτω=>ωσ αυτω | delete:ιησουσ=> | equal:πριν αλεκτορα φωνησαι=>πριν αλεκτορα φωνησαι | replace:δισ=>σημερον απαρνηση | equal:τρισ=>τρισ | delete:απαρνηση επιβαλων εκλαιεν=>
177	Mark 15:2	Luke 23:3	0.6114	επηρωτησεν πιλατοσ βασιλευσ ιουδαιων αποκριθεισ αυτω λεγεισ	πιλατοσ ηρωτησεν βασιλευσ ιουδαιων αποκριθεισ αυτω εφη λεγεισ	πιλατοσ βασιλευσ ιουδαιων αποκριθεισ αυτω λεγεισ	delete:επηρωτησεν=> | equal:πιλατοσ=>πιλατοσ | insert:=>ηρωτησεν | equal:βασιλευσ ιουδαιων αποκριθεισ αυτω=>βασιλευσ ιουδαιων αποκριθεισ αυτω | insert:=>εφη | equal:λεγεισ=>λεγεισ
178	Mark 15:21	Luke 23:26	0.3451	αγγαρευουσιν παραγοντα σιμωνα κυρηναιον ερχομενον απ αγρου πατερα αλεξανδρου ρουφου αρη σταυρον	ωσ απηγαγον επιλαβομενοι σιμωνα κυρηναιον ερχομενον απ αγρου επεθηκαν αυτω σταυρον φερειν οπισθεν ιησου	σιμωνα κυρηναιον ερχομενον απ αγρου σταυρον	replace:αγγαρευουσιν παραγοντα=>ωσ απηγαγον επιλαβομενοι | equal:σιμωνα κυρηναιον ερχομενον απ αγρου=>σιμωνα κυρηναιον ερχομενον απ αγρου | replace:πατερα αλεξανδρου ρουφου αρη=>επεθηκαν αυτω | equal:σταυρον=>σταυρον | insert:=>φερειν οπισθεν ιησου
179	Mark 15:26	Luke 23:38	0.3	επιγραφη τησ αιτιασ επιγεγραμμενη βασιλευσ ιουδαιων	επιγραφη επ αυτω βασιλευσ ιουδαιων ουτοσ	επιγραφη βασιλευσ ιουδαιων	equal:επιγραφη=>επιγραφη | replace:τησ αιτιασ επιγεγραμμενη=>επ αυτω | equal:βασιλευσ ιουδαιων=>βασιλευσ ιουδαιων | insert:=>ουτοσ
180	Mark 15:30	Luke 23:39	0.2433	σωσον σεαυτον καταβασ σταυρου	εισ κρεμασθεντων κακουργων εβλασφημει ουχι χριστοσ σωσον σεαυτον ημασ	σωσον σεαυτον	insert:=>εισ κρεμασθεντων κακουργων εβλασφημει ουχι χριστοσ | equal:σωσον σεαυτον=>σωσον σεαυτον | replace:καταβασ σταυρου=>ημασ
181	Mark 15:33	Luke 23:44	0.6525	γενομενησ ωρασ εκτησ σκοτοσ εγενετο εφ ολην γην εωσ ωρασ ενατησ	ηδη ωσει ωρα εκτη σκοτοσ εγενετο εφ ολην γην εωσ ωρασ ενατησ	σκοτοσ εγενετο εφ ολην γην εωσ ωρασ ενατησ	replace:γενομενησ ωρασ εκτησ=>ηδη ωσει ωρα εκτη | equal:σκοτοσ εγενετο εφ ολην γην εωσ ωρασ ενατησ=>σκοτοσ εγενετο εφ ολην γην εωσ ωρασ ενατησ
182	Mark 15:38	Luke 23:45	0.229	καταπετασμα ναου εσχισθη εισ δυο απ ανωθεν εωσ κατω	ηλιου εκλιποντοσ εσχισθη καταπετασμα ναου μεσον	καταπετασμα ναου	insert:=>ηλιου εκλιποντοσ εσχισθη | equal:καταπετασμα ναου=>καταπετασμα ναου | replace:εσχισθη εισ δυο απ ανωθεν εωσ κατω=>μεσον
183	Mark 15:43	Luke 23:52	0.2566	ελθων ιωσηφ αριμαθαιασ ευσχημων βουλευτησ οσ αυτοσ προσδεχομενοσ βασιλειαν τολμησασ εισηλθεν προσ πιλατον ητησατο σωμα ιησου	ουτοσ προσελθων πιλατω ητησατο σωμα ιησου	ητησατο σωμα ιησου	replace:ελθων ιωσηφ αριμαθαιασ ευσχημων βουλευτησ οσ αυτοσ προσδεχομενοσ βασιλειαν τολμησασ εισηλθεν προσ πιλατον=>ουτοσ προσελθων πιλατω | equal:ητησατο σωμα ιησου=>ητησατο σωμα ιησου
